JvmtiExport can_access_local_variables 0
JvmtiExport can_hotswap_or_post_breakpoint 0
JvmtiExport can_post_on_exceptions 0
# 524 ciObject found
instanceKlass kotlin/UnsafeLazyImpl
ciInstanceKlass java/lang/Cloneable 1 0 7 100 1 100 1 1 1
instanceKlass org/jetbrains/kotlin/fir/expressions/builder/FirAugmentedAssignmentBuilder
instanceKlass org/jetbrains/kotlin/fir/UtilsKt$WhenMappings
instanceKlass jdk/internal/math/FloatingDecimal$ASCIIToBinaryBuffer
instanceKlass org/jetbrains/kotlin/fir/expressions/builder/FirContinueExpressionBuilder
instanceKlass org/jetbrains/kotlin/fir/lightTree/converter/LightTreeRawFirExpressionBuilder$WhenConditionConvertedResults
instanceKlass org/jetbrains/kotlin/fir/expressions/builder/FirSpreadArgumentExpressionBuilder
instanceKlass org/jetbrains/kotlin/fir/types/builder/FirFunctionTypeRefBuilder
instanceKlass org/jetbrains/kotlin/fir/builder/FirFunctionTypeParameterBuilder
instanceKlass org/jetbrains/kotlin/fir/references/builder/FirDelegateFieldReferenceBuilder
instanceKlass org/jetbrains/kotlin/fir/expressions/builder/FirWrappedDelegateExpressionBuilder
instanceKlass org/jetbrains/kotlin/fir/declarations/builder/FirOuterClassTypeParameterRefBuilder
instanceKlass org/jetbrains/kotlin/fir/expressions/builder/FirImplicitInvokeCallBuilder
instanceKlass jdk/internal/math/FloatingDecimal$PreparedASCIIToBinaryBuffer
instanceKlass jdk/internal/math/FloatingDecimal$ASCIIToBinaryConverter
instanceKlass jdk/internal/math/FloatingDecimal$BinaryToASCIIBuffer
instanceKlass jdk/internal/math/FloatingDecimal$ExceptionalBinaryToASCIIBuffer
instanceKlass jdk/internal/math/FloatingDecimal$BinaryToASCIIConverter
instanceKlass jdk/internal/math/FloatingDecimal
instanceKlass kotlin/text/MatchNamedGroupCollection
instanceKlass kotlin/text/MatchGroupCollection
instanceKlass kotlin/text/MatcherMatchResult
instanceKlass java/util/regex/Pattern$1
instanceKlass kotlin/text/MatchResult
instanceKlass org/jetbrains/kotlin/fir/expressions/builder/FirArrayLiteralBuilder
instanceKlass org/jetbrains/kotlin/fir/declarations/builder/FirAnonymousInitializerBuilder
instanceKlass org/jetbrains/kotlin/fir/types/builder/FirStarProjectionBuilder
instanceKlass org/jetbrains/kotlin/fir/declarations/builder/FirConstructedClassTypeParameterRefBuilder
instanceKlass org/jetbrains/kotlin/fir/declarations/FirTypeParameterRef
instanceKlass org/jetbrains/kotlin/types/model/TypeParameterMarker
instanceKlass org/jetbrains/kotlin/mpp/TypeParameterSymbolMarker
instanceKlass org/jetbrains/kotlin/fir/declarations/builder/FirTypeParameterBuilder
instanceKlass org/jetbrains/kotlin/fir/expressions/builder/FirSafeCallExpressionBuilder
instanceKlass org/jetbrains/kotlin/fir/expressions/builder/FirCheckedSafeCallSubjectBuilder
instanceKlass org/jetbrains/kotlin/fir/expressions/builder/FirComponentCallBuilder
instanceKlass org/jetbrains/kotlin/fir/builder/DestructuringKt
instanceKlass org/jetbrains/kotlin/fir/lightTree/fir/DestructuringDeclarationKt
instanceKlass org/jetbrains/kotlin/fir/expressions/builder/FirErrorExpressionBuilder
instanceKlass org/jetbrains/kotlin/fir/lightTree/fir/DestructuringDeclaration
instanceKlass org/jetbrains/kotlin/fir/lightTree/fir/DestructuringEntry$Companion
instanceKlass org/jetbrains/kotlin/fir/builder/DestructuringContext
instanceKlass org/jetbrains/kotlin/fir/lightTree/fir/DestructuringEntry
instanceKlass org/jetbrains/kotlin/fir/expressions/builder/FirUnitExpressionBuilder
instanceKlass org/jetbrains/kotlin/fir/expressions/builder/FirCallableReferenceAccessBuilder
instanceKlass org/jetbrains/kotlin/fir/expressions/builder/FirIncrementDecrementExpressionBuilder
instanceKlass org/jetbrains/kotlin/fir/expressions/builder/FirCatchBuilder
instanceKlass org/jetbrains/kotlin/fir/expressions/builder/FirTryExpressionBuilder
instanceKlass org/jetbrains/kotlin/fir/FirGenerationKt
instanceKlass kotlin/collections/ReversedList$listIterator$1
instanceKlass org/jetbrains/kotlin/parsing/DoNotBindAnything
instanceKlass org/jetbrains/kotlin/fir/expressions/builder/FirBooleanOperatorExpressionBuilder
instanceKlass org/jetbrains/kotlin/fir/declarations/builder/FirConstructorBuilder
instanceKlass org/jetbrains/kotlin/fir/expressions/builder/FirComparisonExpressionBuilder
instanceKlass org/jetbrains/kotlin/fir/expressions/builder/FirSuperReceiverExpressionBuilder
instanceKlass org/jetbrains/kotlin/fir/EnumClassUtilsKt
instanceKlass org/jetbrains/kotlin/fir/expressions/builder/FirElvisExpressionBuilder
instanceKlass org/jetbrains/kotlin/fir/lightTree/fir/DelegatedConstructorWrapper
instanceKlass org/jetbrains/kotlin/fir/expressions/builder/FirAnonymousObjectExpressionBuilder
instanceKlass org/jetbrains/kotlin/fir/diagnostics/ConeSyntaxDiagnostic
instanceKlass org/jetbrains/kotlin/fir/types/builder/FirErrorTypeRefBuilder
instanceKlass org/jetbrains/kotlin/mpp/EnumEntrySymbolMarker
instanceKlass org/jetbrains/kotlin/fir/declarations/builder/FirEnumEntryBuilder
instanceKlass org/jetbrains/kotlin/parsing/KotlinParsing$4
instanceKlass org/jetbrains/kotlin/fir/expressions/builder/FirTypeOperatorCallBuilder
instanceKlass org/jetbrains/kotlin/fir/expressions/builder/FirThrowExpressionBuilder
instanceKlass org/jetbrains/kotlin/fir/lightTree/converter/LightTreeRawFirExpressionBuilder$IfNodeComponents
instanceKlass org/jetbrains/kotlin/fir/expressions/builder/FirAnonymousFunctionExpressionBuilder
instanceKlass org/jetbrains/kotlin/fir/builder/FirLabelBuilder
instanceKlass java/security/CodeSigner
instanceKlass org/jetbrains/kotlin/fir/declarations/builder/FirReceiverParameterBuilder
instanceKlass org/jetbrains/kotlin/fir/declarations/builder/FirAnonymousFunctionBuilder
instanceKlass org/jetbrains/kotlin/fir/expressions/builder/FirCheckNotNullCallBuilder
instanceKlass org/jetbrains/kotlin/fir/diagnostics/ConeContractShouldBeFirstStatement
instanceKlass org/jetbrains/kotlin/fir/diagnostics/ConeDiagnostic
instanceKlass org/jetbrains/kotlin/fir/expressions/builder/FirElseIfTrueConditionBuilder
instanceKlass org/jetbrains/kotlin/fir/expressions/builder/FirRegularWhenBranchBuilder
instanceKlass org/jetbrains/kotlin/fir/expressions/builder/FirAbstractWhenBranchBuilder
instanceKlass org/jetbrains/kotlin/fir/expressions/builder/FirWhenExpressionBuilder
instanceKlass org/jetbrains/kotlin/fir/expressions/builder/FirBreakExpressionBuilder
instanceKlass org/jetbrains/kotlin/fir/expressions/builder/FirLoopJumpBuilder
instanceKlass org/jetbrains/kotlin/fir/lightTree/fir/WhenEntry
instanceKlass org/jetbrains/kotlin/fir/expressions/builder/FirVariableAssignmentBuilder
instanceKlass org/jetbrains/kotlin/psi/psiUtil/PsiUtilsKt
instanceKlass org/jetbrains/kotlin/com/google/common/math/IntMath$1
instanceKlass org/jetbrains/kotlin/com/google/common/math/MathPreconditions
instanceKlass org/jetbrains/kotlin/com/google/common/math/IntMath
instanceKlass org/jetbrains/kotlin/com/google/common/collect/ImmutableSet$SetBuilderImpl
instanceKlass org/jetbrains/kotlin/types/expressions/OperatorConventions
instanceKlass org/jetbrains/kotlin/fir/expressions/builder/FirWhenSubjectExpressionBuilder
instanceKlass org/jetbrains/kotlin/fir/expressions/builder/FirEqualityOperatorCallBuilder
instanceKlass org/jetbrains/kotlin/utils/NumberWithRadix
instanceKlass org/jetbrains/kotlin/utils/NumbersKt
instanceKlass org/jetbrains/kotlin/com/intellij/openapi/util/text/CharFilter
instanceKlass org/jetbrains/kotlin/com/intellij/util/text/LiteralFormatUtil
instanceKlass org/jetbrains/kotlin/fir/expressions/builder/FirEmptyExpressionBlockBuilderKt
instanceKlass org/jetbrains/kotlin/fir/FirExpressionRef
instanceKlass org/jetbrains/kotlin/fir/expressions/builder/FirWhileLoopBuilder
instanceKlass org/jetbrains/kotlin/fir/expressions/builder/FirLoopBuilder
instanceKlass org/jetbrains/kotlin/psi/utils/ConstantExpressionUtils
instanceKlass org/jetbrains/kotlin/parsing/ParseUtilsKt
instanceKlass org/jetbrains/kotlin/parsing/BindAll
instanceKlass org/jetbrains/kotlin/parsing/AllCommentsBinder
instanceKlass org/jetbrains/kotlin/parsing/KotlinWhitespaceAndCommentsBindersKt
instanceKlass org/jetbrains/kotlin/fir/resolve/providers/impl/FirProviderImplKt$sam$java_util_function_BiFunction$0
instanceKlass org/jetbrains/kotlin/fir/resolve/providers/impl/FirProviderImpl$FirRecorder$registerCallable$1
instanceKlass org/jetbrains/kotlin/fir/FirNameConflictsTrackerComponentKt
instanceKlass org/jetbrains/kotlin/fir/resolve/providers/impl/FirProviderImpl$FirRecorderData
instanceKlass org/jetbrains/kotlin/fir/declarations/builder/FirFileBuilder
instanceKlass org/jetbrains/kotlin/fir/expressions/FirExpressionUtilKt
instanceKlass org/jetbrains/kotlin/fir/declarations/builder/FirPropertyAccessorBuilder
instanceKlass org/jetbrains/kotlin/fir/declarations/builder/FirDefaultSetterValueParameterBuilder
instanceKlass org/jetbrains/kotlin/fir/declarations/builder/FirAnonymousObjectBuilder
instanceKlass org/jetbrains/kotlin/fir/declarations/DelegateFieldsMapKt
instanceKlass org/jetbrains/kotlin/fir/references/builder/FirResolvedNamedReferenceBuilder
instanceKlass org/jetbrains/kotlin/fir/references/builder/FirImplicitThisReferenceBuilder
instanceKlass org/jetbrains/kotlin/fir/types/FirTypeUtilsKt
instanceKlass org/jetbrains/kotlin/fir/builder/AbstractRawFirBuilder$DataClassMembersGenerator
instanceKlass org/jetbrains/kotlin/fir/expressions/builder/FirAnnotationCallBuilder
instanceKlass org/jetbrains/kotlin/fir/expressions/FirArgumentUtilKt
instanceKlass org/jetbrains/kotlin/fir/expressions/builder/FirGetClassCallBuilder
instanceKlass org/jetbrains/kotlin/fir/expressions/builder/FirNamedArgumentExpressionBuilder
instanceKlass org/jetbrains/kotlin/fir/expressions/builder/FirConstExpressionBuilderKt
instanceKlass org/jetbrains/kotlin/types/ConstantValueKind
instanceKlass org/jetbrains/kotlin/fir/expressions/builder/FirStringConcatenationCallBuilder
instanceKlass org/jetbrains/kotlin/utils/addToStdlib/AddToStdlibKt
instanceKlass kotlin/collections/ReversedListReadOnly$listIterator$1
instanceKlass org/jetbrains/kotlin/fir/expressions/builder/FirBlockBuilder
instanceKlass org/jetbrains/kotlin/fir/references/builder/FirExplicitThisReferenceBuilder
instanceKlass org/jetbrains/kotlin/fir/expressions/builder/FirThisReceiverExpressionBuilder
instanceKlass org/jetbrains/kotlin/fir/expressions/builder/FirFunctionCallBuilder
instanceKlass org/jetbrains/kotlin/fir/builder/CalleeAndReceiver
instanceKlass org/jetbrains/kotlin/fir/expressions/builder/FirReturnExpressionBuilder
instanceKlass org/jetbrains/kotlin/fir/references/builder/FirSimpleNamedReferenceBuilder
instanceKlass org/jetbrains/kotlin/fir/FirAbstractTarget
instanceKlass org/jetbrains/kotlin/fir/FirTarget
instanceKlass org/jetbrains/kotlin/fir/declarations/utils/FirDeclarationBuildingUtilsKt
instanceKlass org/jetbrains/kotlin/fir/declarations/utils/DeclarationAttributesKt
instanceKlass org/jetbrains/kotlin/fir/declarations/impl/FirDefaultPropertyAccessorKt
instanceKlass org/jetbrains/kotlin/fir/declarations/impl/FirDefaultPropertyAccessor$Companion
instanceKlass org/jetbrains/kotlin/fir/builder/AbstractRawFirBuilderKt
instanceKlass org/jetbrains/kotlin/fir/references/builder/FirPropertyFromParameterResolvedNamedReferenceBuilder
instanceKlass org/jetbrains/kotlin/fir/expressions/builder/FirPropertyAccessExpressionBuilder
instanceKlass org/jetbrains/kotlin/fir/declarations/builder/FirPropertyBuilder
instanceKlass org/jetbrains/kotlin/fir/declarations/builder/FirVariableBuilder
instanceKlass org/jetbrains/kotlin/fir/lightTree/fir/PrimaryConstructor
instanceKlass org/jetbrains/kotlin/fir/declarations/FirDeclarationDataRegistry$DeclarationDataAccessor
instanceKlass org/jetbrains/kotlin/fir/declarations/FirDeclarationDataKey
instanceKlass org/jetbrains/kotlin/fir/ClassMembersKt
instanceKlass org/jetbrains/kotlin/fir/declarations/builder/FirValueParameterBuilder
instanceKlass org/jetbrains/kotlin/fir/declarations/builder/FirPrimaryConstructorBuilder
instanceKlass org/jetbrains/kotlin/fir/declarations/builder/FirAbstractConstructorBuilder
instanceKlass org/jetbrains/kotlin/fir/expressions/builder/FirArgumentListBuilder
instanceKlass org/jetbrains/kotlin/KtSourceElementKt
instanceKlass org/jetbrains/kotlin/fir/references/builder/FirExplicitSuperReferenceBuilder
instanceKlass org/jetbrains/kotlin/fir/UtilsKt
instanceKlass org/jetbrains/kotlin/fir/expressions/builder/FirDelegatedConstructorCallBuilder
instanceKlass org/jetbrains/kotlin/fir/expressions/builder/FirExpressionBuilder
instanceKlass org/jetbrains/kotlin/fir/expressions/FirOperation$Companion
instanceKlass org/jetbrains/kotlin/fir/builder/CharacterWithDiagnostic
instanceKlass org/jetbrains/kotlin/fir/builder/ConversionUtilsKt
instanceKlass org/jetbrains/kotlin/fir/lightTree/fir/ValueParameter
instanceKlass org/jetbrains/kotlin/mpp/ValueParameterSymbolMarker
instanceKlass org/jetbrains/kotlin/fir/builder/AbstractRawFirBuilder$WhenMappings
instanceKlass org/jetbrains/kotlin/ElementTypeUtils
instanceKlass org/jetbrains/kotlin/fir/lightTree/fir/ClassWrapper
instanceKlass org/jetbrains/kotlin/fir/lightTree/converter/LightTreeRawFirDeclarationBuilder$DelegationSpecifiers
instanceKlass org/jetbrains/kotlin/fir/types/builder/FirTypeProjectionWithVarianceBuilder
instanceKlass org/jetbrains/kotlin/fir/types/builder/FirUserTypeRefBuilder
instanceKlass org/jetbrains/kotlin/fir/types/impl/FirQualifierPartImpl
instanceKlass org/jetbrains/kotlin/fir/types/FirQualifierPart
instanceKlass org/jetbrains/kotlin/fir/types/impl/FirTypeArgumentListImpl
instanceKlass org/jetbrains/kotlin/fir/types/FirTypeArgumentList
instanceKlass org/jetbrains/kotlin/fir/builder/Context$StatusFirTypeParameterSymbolList
instanceKlass org/jetbrains/kotlin/psi/KtPsiUtil
instanceKlass org/jetbrains/kotlin/fir/lightTree/fir/modifier/ModifierFlag$Companion
instanceKlass org/jetbrains/kotlin/fir/lightTree/fir/modifier/ModifierList
instanceKlass kotlin/properties/NotNullVar
instanceKlass org/jetbrains/kotlin/fir/declarations/builder/FirImportBuilder
instanceKlass org/jetbrains/kotlin/AbstractKtSourceElement
instanceKlass org/jetbrains/kotlin/fir/builder/FirPackageDirectiveBuilder
instanceKlass org/jetbrains/kotlin/fir/lightTree/converter/ConverterUtilKt
instanceKlass org/jetbrains/kotlin/util/LightTreeUtilsKt
instanceKlass org/jetbrains/kotlin/fir/expressions/builder/FirAbstractFunctionCallBuilder
instanceKlass org/jetbrains/kotlin/fir/expressions/builder/FirQualifiedAccessExpressionBuilder
instanceKlass org/jetbrains/kotlin/fir/expressions/builder/FirCallBuilder
instanceKlass org/jetbrains/kotlin/fir/builder/Context
instanceKlass org/jetbrains/kotlin/fir/lightTree/converter/AbstractLightTreeRawFirBuilder$Companion
instanceKlass org/jetbrains/kotlin/fir/builder/AbstractRawFirBuilder$Companion
instanceKlass org/jetbrains/kotlin/fir/builder/AbstractRawFirBuilder
instanceKlass org/jetbrains/kotlin/com/intellij/psi/tree/ILightLazyParseableElementType
instanceKlass org/jetbrains/kotlin/com/intellij/openapi/util/Ref
instanceKlass org/jetbrains/kotlin/com/intellij/lang/impl/PsiBuilderImpl$MyTreeStructure$2
instanceKlass org/jetbrains/kotlin/com/intellij/lang/impl/PsiBuilderImpl$MyTreeStructure$1
instanceKlass org/jetbrains/kotlin/com/intellij/util/containers/LimitedPool
instanceKlass org/jetbrains/kotlin/com/intellij/lang/LighterASTTokenNode
instanceKlass org/jetbrains/kotlin/com/intellij/lang/LighterLazyParseableNode
instanceKlass org/jetbrains/kotlin/com/intellij/lang/impl/PsiBuilderImpl$Token
instanceKlass org/jetbrains/kotlin/com/intellij/util/containers/LimitedPool$ObjectFactory
instanceKlass org/jetbrains/kotlin/com/intellij/lang/impl/PsiBuilderImpl$MyTreeStructure
instanceKlass org/jetbrains/kotlin/com/intellij/util/text/CharSequenceSubSequence
instanceKlass org/jetbrains/kotlin/com/intellij/lang/WhitespacesAndCommentsBinder$RecursiveBinder
instanceKlass org/jetbrains/kotlin/com/intellij/lang/impl/PsiBuilderImpl$RelativeTokenTextView
instanceKlass org/jetbrains/kotlin/parsing/KotlinParsing$PropertyComponentKind$Collector
instanceKlass org/jetbrains/kotlin/parsing/PrecedingCommentsBinder
instanceKlass org/jetbrains/kotlin/psi/stubs/elements/KtTokenSets
instanceKlass org/jetbrains/kotlin/parsing/AbstractKotlinParsing$OptionalMarker
instanceKlass org/jetbrains/kotlin/parsing/PrecedingDocCommentsBinder
instanceKlass org/jetbrains/kotlin/parsing/KotlinParsing$ModifierDetector
instanceKlass java/util/function/IntUnaryOperator
instanceKlass org/jetbrains/kotlin/com/intellij/lang/WhitespacesBinders$2
instanceKlass org/jetbrains/kotlin/com/intellij/lang/WhitespacesBinders$1
instanceKlass org/jetbrains/kotlin/com/intellij/lang/WhitespacesBinders
instanceKlass org/jetbrains/kotlin/parsing/TrailingCommentsBinder
instanceKlass org/jetbrains/kotlin/it/unimi/dsi/fastutil/Arrays
instanceKlass org/jetbrains/kotlin/lang/BinaryOperationPrecedence$Companion
instanceKlass org/jetbrains/kotlin/com/google/common/collect/Hashing
instanceKlass org/jetbrains/kotlin/com/google/common/collect/ImmutableCollection$Builder
instanceKlass org/jetbrains/kotlin/com/google/common/collect/ImmutableMap$Builder
instanceKlass org/jetbrains/kotlin/parsing/AbstractTokenStreamPredicate
instanceKlass org/jetbrains/kotlin/parsing/AbstractTokenStreamPattern
instanceKlass org/jetbrains/kotlin/parsing/TokenStreamPattern
instanceKlass org/jetbrains/kotlin/parsing/Consumer
instanceKlass org/jetbrains/kotlin/parsing/TokenStreamPredicate
instanceKlass org/jetbrains/kotlin/com/intellij/lang/WhitespacesAndCommentsBinder
instanceKlass org/jetbrains/kotlin/parsing/AbstractKotlinParsing
instanceKlass org/jetbrains/kotlin/com/intellij/lang/impl/PsiBuilderAdapter
instanceKlass org/jetbrains/kotlin/parsing/SemanticWhitespaceAwarePsiBuilder
instanceKlass org/jetbrains/kotlin/lexer/_JetLexer$State
instanceKlass org/jetbrains/kotlin/com/intellij/lang/impl/TokenSequence$Builder
instanceKlass org/jetbrains/kotlin/com/intellij/lang/impl/TokenSequence
instanceKlass org/jetbrains/kotlin/com/intellij/lexer/TokenList
instanceKlass java/util/BitSet
instanceKlass org/jetbrains/kotlin/it/unimi/dsi/fastutil/ints/IntArrays$a
instanceKlass org/jetbrains/kotlin/it/unimi/dsi/fastutil/ints/IntArrays$Segment
instanceKlass org/jetbrains/kotlin/it/unimi/dsi/fastutil/ints/IntArrays
instanceKlass org/jetbrains/kotlin/it/unimi/dsi/fastutil/ints/IntListIterator
instanceKlass org/jetbrains/kotlin/it/unimi/dsi/fastutil/ints/IntBidirectionalIterator
instanceKlass org/jetbrains/kotlin/it/unimi/dsi/fastutil/objects/ObjectBidirectionalIterator
instanceKlass org/jetbrains/kotlin/it/unimi/dsi/fastutil/a
instanceKlass org/jetbrains/kotlin/it/unimi/dsi/fastutil/ints/IntIterator
instanceKlass java/util/PrimitiveIterator$OfInt
instanceKlass java/util/PrimitiveIterator
instanceKlass java/util/function/IntConsumer
instanceKlass org/jetbrains/kotlin/it/unimi/dsi/fastutil/ints/IntSpliterator
instanceKlass org/jetbrains/kotlin/it/unimi/dsi/fastutil/ints/IntStack
instanceKlass org/jetbrains/kotlin/com/intellij/lang/impl/MarkerPool
instanceKlass org/jetbrains/kotlin/com/intellij/lang/WhitespacesAndCommentsBinder$TokenTextGetter
instanceKlass org/jetbrains/kotlin/com/intellij/lang/PsiBuilder$Marker
instanceKlass org/jetbrains/kotlin/com/intellij/lang/SyntaxTreeBuilder$Marker
instanceKlass org/jetbrains/kotlin/com/intellij/lang/impl/PsiBuilderImpl$ProductionMarker
instanceKlass org/jetbrains/kotlin/com/intellij/lang/impl/PsiBuilderImpl$Node
instanceKlass org/jetbrains/kotlin/com/intellij/util/diff/ShallowNodeComparator
instanceKlass org/jetbrains/kotlin/com/intellij/util/diff/DiffTreeChangeBuilder
instanceKlass org/jetbrains/kotlin/com/intellij/openapi/util/UnprotectedUserDataHolder
instanceKlass org/jetbrains/kotlin/lexer/_JetLexer
instanceKlass org/jetbrains/kotlin/com/intellij/lexer/FlexLexer
instanceKlass org/jetbrains/kotlin/com/intellij/lexer/LexerPosition
instanceKlass org/jetbrains/kotlin/parsing/KotlinLightParser
instanceKlass org/jetbrains/kotlin/parsing/KotlinLightParser$LightTreeParsingErrorListener
instanceKlass org/jetbrains/kotlin/fir/lightTree/LightTreeParsingErrorListenerKt$toKotlinParsingErrorListener$diagnosticContext$1
instanceKlass org/jetbrains/kotlin/diagnostics/DiagnosticContext
instanceKlass org/jetbrains/kotlin/fir/lightTree/LightTreeParsingErrorListenerKt
instanceKlass org/jetbrains/kotlin/KtSourceFileLinesMappingFromLineStartOffsets
instanceKlass org/jetbrains/kotlin/KtSourceFileLinesMapping
instanceKlass org/jetbrains/kotlin/KtSourceFileLinesMappingKt
instanceKlass org/jetbrains/kotlin/com/intellij/openapi/vfs/CharsetToolkit
instanceKlass org/jetbrains/kotlin/fir/lightTree/LightTree2Fir
instanceKlass org/jetbrains/kotlin/fir/session/SourcesToPathsMapperKt
instanceKlass org/jetbrains/kotlin/fir/pipeline/FirUtilsKt
instanceKlass org/jetbrains/kotlin/cli/common/SessionWithSources
instanceKlass org/jetbrains/kotlin/fir/java/FirJavaElementFinder$fileCache$1
instanceKlass org/jetbrains/kotlin/fir/java/FirJavaElementFinderKt
instanceKlass org/jetbrains/kotlin/fir/resolve/providers/FirProviderKt
instanceKlass java/util/function/BiPredicate
instanceKlass org/jetbrains/kotlin/kotlinx/collections/immutable/PersistentList$Builder
instanceKlass org/jetbrains/kotlin/com/intellij/openapi/vfs/VirtualFileWithId
instanceKlass org/jetbrains/kotlin/it/unimi/dsi/fastutil/ints/IntList
instanceKlass org/jetbrains/kotlin/com/intellij/openapi/vfs/VirtualFileSetEx
instanceKlass org/jetbrains/kotlin/com/intellij/psi/search/impl/VirtualFileEnumeration$1
instanceKlass org/jetbrains/kotlin/fir/java/JavaSymbolProvider$ClassCacheContext
instanceKlass org/jetbrains/kotlin/fir/extensions/FirExtensionDeclarationsSymbolProvider$packageCache$1
instanceKlass org/jetbrains/kotlin/fir/extensions/FirExtensionDeclarationsSymbolProvider$propertyCache$1
instanceKlass org/jetbrains/kotlin/fir/extensions/FirExtensionDeclarationsSymbolProvider$functionCache$1
instanceKlass org/jetbrains/kotlin/fir/extensions/FirExtensionDeclarationsSymbolProvider$classCache$1
instanceKlass org/jetbrains/kotlin/fir/extensions/FirDeclarationGenerationExtensionKt
instanceKlass org/jetbrains/kotlin/fir/extensions/FirExtensionDeclarationsSymbolProvider$Companion
instanceKlass org/jetbrains/kotlin/fir/extensions/FirSwitchableExtensionDeclarationsSymbolProvider$Companion
instanceKlass org/jetbrains/kotlin/fir/session/FirAbstractSessionFactory$WhenMappings
instanceKlass org/jetbrains/kotlin/fir/session/StructuredProvidersKt
instanceKlass org/jetbrains/kotlin/fir/session/FirAbstractSessionFactory$computeDependencyProviderList$$inlined$sortedBy$1
instanceKlass org/jetbrains/kotlin/fir/analysis/extensions/FirAdditionalCheckersExtensionKt
instanceKlass org/jetbrains/kotlin/fir/analysis/extensions/FirAdditionalCheckersExtension$Companion
instanceKlass org/jetbrains/kotlin/fir/extensions/predicate/AbstractPredicate$AnnotatedWith
instanceKlass org/jetbrains/kotlin/fir/extensions/predicate/AbstractPredicate$Annotated
instanceKlass org/jetbrains/kotlin/fir/extensions/predicate/AbstractPredicate$BuilderContext
instanceKlass org/jetbrains/kotlin/fir/extensions/predicate/LookupPredicate$Companion
instanceKlass org/jetbrains/kotlin/fir/extensions/predicate/LookupPredicate
instanceKlass org/jetbrains/kotlin/fir/extensions/predicate/AbstractPredicate
instanceKlass org/jetbrains/kotlin/parcelize/fir/FirParcelizeDeclarationGenerator$Companion
instanceKlass org/jetbrains/kotlin/fir/extensions/FirExtensionPointName
instanceKlass org/jetbrains/kotlin/fir/extensions/FirDeclarationGenerationExtension$Companion
instanceKlass kotlin/text/LinesIterator$State
instanceKlass kotlin/text/LinesIterator
instanceKlass kotlin/text/StringsKt__StringsKt$lineSequence$$inlined$Sequence$1
instanceKlass org/jetbrains/kotlin/fir/analysis/checkers/config/FirLanguageVersionSettingsChecker
instanceKlass org/jetbrains/kotlin/name/JvmStandardClassIds$Callables
instanceKlass org/jetbrains/kotlin/builtins/StandardNames$FqNames
instanceKlass org/jetbrains/kotlin/fir/analysis/checkers/expression/AbstractFirReflectionApiCallChecker$Companion
instanceKlass org/jetbrains/kotlin/load/kotlin/SignatureBuildingComponents
instanceKlass org/jetbrains/kotlin/load/java/SpecialGenericSignatures$Companion$NameAndSignature
instanceKlass org/jetbrains/kotlin/builtins/PrimitiveType$Companion
instanceKlass org/jetbrains/kotlin/load/java/SpecialGenericSignatures$Companion
instanceKlass org/jetbrains/kotlin/load/java/SpecialGenericSignatures
instanceKlass org/jetbrains/kotlin/diagnostics/KtDiagnosticFactoryForDeprecation
instanceKlass org/jetbrains/kotlin/KtSourceElementKind
instanceKlass org/jetbrains/kotlin/mpp/PropertySymbolMarker
instanceKlass org/jetbrains/kotlin/fir/diagnostics/FirDiagnosticHolder
instanceKlass org/jetbrains/kotlin/fir/analysis/CheckersComponentKt
instanceKlass org/jetbrains/kotlin/fir/analysis/checkers/expression/FirMissingDependencyClassProxy
instanceKlass org/jetbrains/kotlin/fir/analysis/cfa/AbstractFirPropertyInitializationChecker
instanceKlass org/jetbrains/kotlin/fir/analysis/checkers/cfa/FirControlFlowChecker
instanceKlass org/jetbrains/kotlin/fir/analysis/checkers/declaration/FirValueClassDeclarationChecker$Companion
instanceKlass org/jetbrains/kotlin/fir/expressions/FirCall
instanceKlass org/jetbrains/kotlin/fir/expressions/FirResolvable
instanceKlass org/jetbrains/kotlin/fir/expressions/FirContextArgumentListOwner
instanceKlass org/jetbrains/kotlin/resolve/checkers/OptInNames
instanceKlass org/jetbrains/kotlin/fir/analysis/checkers/syntax/FirSyntaxChecker
instanceKlass org/jetbrains/kotlin/fir/checkers/CheckersContainersKt
instanceKlass org/jetbrains/kotlin/fir/resolve/providers/impl/FirProviderImpl$State
instanceKlass org/jetbrains/kotlin/fir/resolve/ScopeSession
instanceKlass org/jetbrains/kotlin/fir/java/FirJvmTargetProvider
instanceKlass org/jetbrains/kotlin/fir/resolve/transformers/mpp/FirExpectActualMatchingContextImpl$Factory
instanceKlass org/jetbrains/kotlin/fir/FirExpectActualMatchingContextFactory
instanceKlass org/jetbrains/kotlin/fir/session/SourcesToPathsMapper
instanceKlass org/jetbrains/kotlin/fir/FirModuleDataKt
instanceKlass org/jetbrains/kotlin/fir/FirModuleVisibilityChecker
instanceKlass org/jetbrains/kotlin/fir/FirNameConflictsTrackerComponent
instanceKlass org/jetbrains/kotlin/fir/analysis/checkers/LanguageVersionSettingsCheckers$Companion
instanceKlass org/jetbrains/kotlin/fir/analysis/checkers/LanguageVersionSettingsCheckers
instanceKlass org/jetbrains/kotlin/fir/analysis/checkers/type/FirTypeChecker
instanceKlass org/jetbrains/kotlin/fir/analysis/checkers/type/TypeCheckers$Companion
instanceKlass org/jetbrains/kotlin/fir/analysis/checkers/type/TypeCheckers
instanceKlass org/jetbrains/kotlin/fir/analysis/checkers/expression/FirExpressionChecker
instanceKlass org/jetbrains/kotlin/fir/analysis/checkers/expression/ExpressionCheckers$Companion
instanceKlass org/jetbrains/kotlin/fir/analysis/checkers/expression/ExpressionCheckers
instanceKlass org/jetbrains/kotlin/fir/analysis/checkers/declaration/FirDeclarationChecker
instanceKlass org/jetbrains/kotlin/fir/analysis/checkers/FirCheckerWithMppKind
instanceKlass org/jetbrains/kotlin/fir/analysis/checkers/declaration/DeclarationCheckers$Companion
instanceKlass org/jetbrains/kotlin/fir/analysis/checkers/declaration/DeclarationCheckers
instanceKlass org/jetbrains/kotlin/fir/analysis/CheckersComponent
instanceKlass org/jetbrains/kotlin/fir/resolve/FirTypeResolver
instanceKlass org/jetbrains/kotlin/fir/resolve/FirQualifierResolver
instanceKlass org/jetbrains/kotlin/fir/session/FirAbstractSessionFactory$SourceProviders
instanceKlass org/jetbrains/kotlin/fir/session/FirJvmSessionFactory$SourceContext
instanceKlass org/jetbrains/kotlin/fir/session/FirJvmIncrementalCompilationSymbolProviders
instanceKlass org/jetbrains/kotlin/container/DataStructuresKt
instanceKlass org/jetbrains/kotlin/fir/resolve/providers/FirCompositeSymbolNamesProvider$Companion
instanceKlass org/jetbrains/kotlin/fir/resolve/providers/FirSymbolProviderKt
instanceKlass org/jetbrains/kotlin/fir/session/StructuredProviders
instanceKlass org/jetbrains/kotlin/cli/jvm/index/JvmDependenciesIndexImpl$ClassSearchRequest
instanceKlass org/jetbrains/kotlin/cli/jvm/index/JvmDependenciesIndexImpl$ClassSearchResult
instanceKlass org/jetbrains/kotlin/cli/jvm/index/JvmDependenciesIndexImpl$WhenMappings
instanceKlass org/jetbrains/kotlin/com/intellij/util/containers/IntArrayList
instanceKlass org/jetbrains/kotlin/metadata/deserialization/NameResolverImpl$WhenMappings
instanceKlass org/jetbrains/kotlin/serialization/deserialization/NameResolverUtilKt
instanceKlass org/jetbrains/kotlin/serialization/deserialization/ProtoBasedClassDataFinder
instanceKlass org/jetbrains/kotlin/serialization/deserialization/ClassDataFinder
instanceKlass org/jetbrains/kotlin/metadata/ProtoBuf$Type$Argument$Projection$1
instanceKlass org/jetbrains/kotlin/metadata/ProtoBuf$Type$ArgumentOrBuilder
instanceKlass org/jetbrains/kotlin/metadata/ProtoBuf$PackageFragmentOrBuilder
instanceKlass org/jetbrains/kotlin/metadata/builtins/BuiltInsBinaryVersion$Companion
instanceKlass org/jetbrains/kotlin/fir/resolve/providers/impl/BinaryVersionAndPackageFragment$Companion
instanceKlass org/jetbrains/kotlin/fir/resolve/providers/impl/BinaryVersionAndPackageFragment
instanceKlass org/jetbrains/kotlin/fir/resolve/providers/impl/AbstractFirBuiltinSymbolProvider$BuiltInsPackageFragment
instanceKlass org/jetbrains/kotlin/fir/resolve/providers/impl/FirFallbackBuiltinSymbolProvider$Companion
instanceKlass org/jetbrains/kotlin/fir/java/FirJavaFacade$special$$inlined$createCache$2
instanceKlass org/jetbrains/kotlin/fir/java/FirJavaFacade$special$$inlined$createCache$1
instanceKlass org/jetbrains/kotlin/resolve/jvm/TopPackageNamesProvider
instanceKlass org/jetbrains/kotlin/load/java/AbstractJavaClassFinder
instanceKlass org/jetbrains/kotlin/load/java/JavaClassFinder
instanceKlass org/jetbrains/kotlin/load/java/JavaClassFinderImplKt
instanceKlass org/jetbrains/kotlin/fir/java/FirJavaFacade$Companion
instanceKlass org/jetbrains/kotlin/fir/java/FirJavaFacade
instanceKlass org/jetbrains/kotlin/fir/java/FirJavaAwareSymbolProvider
instanceKlass org/jetbrains/kotlin/fir/resolve/providers/impl/FirExtensionSyntheticFunctionInterfaceProviderKt
instanceKlass org/jetbrains/kotlin/load/kotlin/VirtualFileFinder$SERVICE
instanceKlass org/jetbrains/kotlin/load/kotlin/VirtualFileFinderFactory$SERVICE
instanceKlass org/jetbrains/kotlin/fir/resolve/providers/FirProvider
instanceKlass org/jetbrains/kotlin/fir/resolve/providers/FirCompositeCachedSymbolNamesProvider$Companion
instanceKlass org/jetbrains/kotlin/fir/resolve/providers/impl/FirCachingCompositeSymbolProvider$special$$inlined$createCache$5
instanceKlass org/jetbrains/kotlin/fir/resolve/providers/impl/FirCachingCompositeSymbolProvider$special$$inlined$createCache$4
instanceKlass org/jetbrains/kotlin/fir/resolve/providers/impl/FirCachingCompositeSymbolProvider$special$$inlined$createCache$3
instanceKlass org/jetbrains/kotlin/fir/resolve/providers/impl/FirCachingCompositeSymbolProvider$special$$inlined$createCache$2
instanceKlass org/jetbrains/kotlin/fir/resolve/providers/impl/FirCachingCompositeSymbolProvider$special$$inlined$createCache$1
instanceKlass org/jetbrains/kotlin/fir/deserialization/AbstractAnnotationDeserializer
instanceKlass org/jetbrains/kotlin/fir/deserialization/AbstractFirDeserializedSymbolProvider$special$$inlined$createCache$4
instanceKlass org/jetbrains/kotlin/fir/deserialization/AbstractFirDeserializedSymbolProvider$special$$inlined$createCache$3
instanceKlass org/jetbrains/kotlin/fir/deserialization/FirDeserializationContext
instanceKlass org/jetbrains/kotlin/mpp/TypeAliasSymbolMarker
instanceKlass org/jetbrains/kotlin/fir/deserialization/AbstractFirDeserializedSymbolProvider$special$$inlined$createCache$2
instanceKlass org/jetbrains/kotlin/fir/deserialization/AbstractFirDeserializedSymbolProvider$special$$inlined$createCache$1
instanceKlass org/jetbrains/kotlin/fir/caches/FirLazyValue
instanceKlass org/jetbrains/kotlin/serialization/SerializerExtensionProtocol
instanceKlass org/jetbrains/kotlin/fir/java/deserialization/OptionalAnnotationClassesProvider$Companion
instanceKlass org/jetbrains/kotlin/fir/declarations/FirResolvedToPhaseState$Companion
instanceKlass org/jetbrains/kotlin/fir/declarations/FirResolveState
instanceKlass org/jetbrains/kotlin/fir/declarations/FirResolveStateKt
instanceKlass org/jetbrains/kotlin/fir/FirTargetElement
instanceKlass org/jetbrains/kotlin/fir/declarations/FirTypeParametersOwner
instanceKlass org/jetbrains/kotlin/fir/declarations/FirContractDescriptionOwner
instanceKlass org/jetbrains/kotlin/name/SpecialNames
instanceKlass org/jetbrains/kotlin/name/CallableId$Companion
instanceKlass org/jetbrains/kotlin/name/CallableId
instanceKlass org/jetbrains/kotlin/name/StandardClassIds$Callables
instanceKlass org/jetbrains/kotlin/descriptors/EffectiveVisibilityKt
instanceKlass org/jetbrains/kotlin/fir/EffectiveVisibilityUtilsKt
instanceKlass org/jetbrains/kotlin/fir/declarations/builder/FirSimpleFunctionBuilder
instanceKlass org/jetbrains/kotlin/fir/declarations/builder/FirTypeParametersOwnerBuilder
instanceKlass org/jetbrains/kotlin/fir/declarations/builder/FirFunctionBuilder
instanceKlass org/jetbrains/kotlin/mpp/RegularClassSymbolMarker
instanceKlass org/jetbrains/kotlin/descriptors/EffectiveVisibility
instanceKlass org/jetbrains/kotlin/descriptors/Modality$Companion
instanceKlass org/jetbrains/kotlin/descriptors/Visibility
instanceKlass org/jetbrains/kotlin/fir/declarations/impl/FirResolvedDeclarationStatusImpl$Companion
instanceKlass org/jetbrains/kotlin/fir/declarations/FirResolvedDeclarationStatus
instanceKlass org/jetbrains/kotlin/fir/declarations/FirDeclarationStatus
instanceKlass org/jetbrains/kotlin/fir/declarations/FirDeclarationOrigin
instanceKlass org/jetbrains/kotlin/fir/declarations/DeprecationsProvider
instanceKlass org/jetbrains/kotlin/fir/declarations/FirResolvePhase$Companion
instanceKlass org/jetbrains/kotlin/fir/declarations/builder/FirRegularClassBuilder
instanceKlass org/jetbrains/kotlin/fir/declarations/builder/FirTypeParameterRefsOwnerBuilder
instanceKlass org/jetbrains/kotlin/fir/declarations/builder/FirClassBuilder
instanceKlass org/jetbrains/kotlin/fir/declarations/builder/FirDeclarationBuilder
instanceKlass org/jetbrains/kotlin/utils/CollectionsKt
instanceKlass org/jetbrains/kotlin/builtins/functions/FunctionTypeKindKt
instanceKlass org/jetbrains/kotlin/fir/types/FirFunctionTypeKindServiceKt
instanceKlass org/jetbrains/kotlin/fir/resolve/providers/impl/FirExtensionSyntheticFunctionInterfaceProvider$Companion
instanceKlass org/jetbrains/kotlin/fir/resolve/providers/FirSymbolNamesProvider
instanceKlass org/jetbrains/kotlin/fir/resolve/providers/impl/FirSyntheticFunctionInterfaceProviderBase$Companion
instanceKlass org/jetbrains/kotlin/fir/resolve/providers/FirSymbolProvider
instanceKlass org/jetbrains/kotlin/fir/serialization/FirProvidedDeclarationsForMetadataService$Companion
instanceKlass org/jetbrains/kotlin/fir/serialization/FirProvidedDeclarationsForMetadataService
instanceKlass org/jetbrains/kotlin/builtins/functions/FunctionTypeKindExtractor$Companion
instanceKlass org/jetbrains/kotlin/builtins/functions/FunctionTypeKindExtractor
instanceKlass kotlin/collections/builders/ListBuilder$Itr
instanceKlass kotlin/jvm/internal/markers/KMutableListIterator
instanceKlass org/jetbrains/kotlin/fir/extensions/FirFunctionTypeKindExtensionKt
instanceKlass org/jetbrains/kotlin/fir/types/FirFunctionTypeKindServiceImpl$extractor$1$kinds$1$registrar$1
instanceKlass org/jetbrains/kotlin/fir/extensions/FirFunctionTypeKindExtension$FunctionTypeKindRegistrar
instanceKlass org/jetbrains/kotlin/builtins/StandardNames
instanceKlass org/jetbrains/kotlin/fir/types/FirFunctionTypeKindService
instanceKlass org/jetbrains/kotlin/fir/analysis/diagnostics/FirComposedDiagnosticRendererFactoryKt
instanceKlass org/jetbrains/kotlin/fir/extensions/FirDeclarationPredicateRegistrar
instanceKlass org/jetbrains/kotlin/fir/extensions/FirExtensionSessionComponentKt
instanceKlass org/jetbrains/kotlin/fir/extensions/FirExtensionRegistrarKt
instanceKlass org/jetbrains/kotlin/fir/extensions/FirExtensionServiceKt
instanceKlass org/jetbrains/kotlin/diagnostics/DiagnosticFactory2DelegateProvider
instanceKlass org/jetbrains/kotlin/diagnostics/DiagnosticFactory1DelegateProvider
instanceKlass org/jetbrains/kotlin/diagnostics/KtDiagnosticFactoryToRendererMapKt
instanceKlass org/jetbrains/kotlin/diagnostics/KtDiagnosticFactoryToRendererMap
instanceKlass org/jetbrains/kotlin/diagnostics/rendering/BaseDiagnosticRendererFactory
instanceKlass org/jetbrains/kotlin/diagnostics/AbstractKtDiagnosticFactory
instanceKlass org/jetbrains/kotlin/utils/DummyDelegate
instanceKlass org/jetbrains/kotlin/diagnostics/DiagnosticFactory0DelegateProvider
instanceKlass org/jetbrains/kotlin/diagnostics/PsiPositioningStrategies
instanceKlass org/jetbrains/kotlin/diagnostics/PositioningStrategy
instanceKlass org/jetbrains/kotlin/diagnostics/PositioningStrategies
instanceKlass org/jetbrains/kotlin/diagnostics/LightTreePositioningStrategiesKt
instanceKlass org/jetbrains/kotlin/com/intellij/lang/LighterASTNode
instanceKlass org/jetbrains/kotlin/diagnostics/LightTreePositioningStrategy
instanceKlass org/jetbrains/kotlin/diagnostics/LightTreePositioningStrategies
instanceKlass org/jetbrains/kotlin/diagnostics/AbstractSourceElementPositioningStrategy
instanceKlass org/jetbrains/kotlin/diagnostics/SourceElementPositioningStrategies
instanceKlass org/jetbrains/kotlin/diagnostics/KtDiagnosticsContainer
instanceKlass org/jetbrains/kotlin/fir/analysis/extensions/FirAdditionalCheckersExtension$Factory
instanceKlass org/jetbrains/kotlin/fir/extensions/FirDeclarationGenerationExtension$Factory
instanceKlass org/jetbrains/kotlin/fir/extensions/FirExtension$Factory
instanceKlass org/jetbrains/kotlin/fir/extensions/FirExtensionRegistrar$ExtensionRegistrarContext
instanceKlass org/jetbrains/kotlin/fir/extensions/BunchOfRegisteredExtensions$Companion
instanceKlass org/jetbrains/kotlin/fir/extensions/BunchOfRegisteredExtensions
instanceKlass org/jetbrains/kotlin/fir/session/FirSessionConfigurator
instanceKlass org/jetbrains/kotlin/fir/resolve/scopes/JvmMappedScopesKt
instanceKlass org/jetbrains/kotlin/fir/scopes/FirScopeProvider
instanceKlass org/jetbrains/kotlin/resolve/ImportPath$Companion
instanceKlass org/jetbrains/kotlin/resolve/ImportPath
instanceKlass org/jetbrains/kotlin/fir/resolve/substitution/AbstractConeSubstitutor$Companion
instanceKlass org/jetbrains/kotlin/fir/resolve/substitution/ConeSubstitutor
instanceKlass org/jetbrains/kotlin/types/model/TypeSubstitutorMarker
instanceKlass org/jetbrains/kotlin/fir/analysis/jvm/checkers/FirJavaNullabilityWarningUpperBoundsProvider
instanceKlass org/jetbrains/kotlin/fir/analysis/checkers/FirPlatformUpperBoundsProvider
instanceKlass org/jetbrains/kotlin/fir/scopes/jvm/FirJvmDelegatedMembersFilter$Companion
instanceKlass org/jetbrains/kotlin/fir/analysis/checkers/expression/FirGenericArrayClassLiteralSupport$Enabled
instanceKlass org/jetbrains/kotlin/fir/analysis/checkers/FirInlineCheckerPlatformSpecificComponent
instanceKlass org/jetbrains/kotlin/fir/resolve/calls/FirSyntheticNamesProvider
instanceKlass org/jetbrains/kotlin/resolve/jvm/JvmTypeSpecificityComparator
instanceKlass org/jetbrains/kotlin/fir/declarations/FirTypeSpecificityComparatorProvider
instanceKlass org/jetbrains/kotlin/name/JvmStandardClassIds
instanceKlass org/jetbrains/kotlin/name/JvmStandardClassIds$Annotations
instanceKlass org/jetbrains/kotlin/name/JvmStandardClassIds$Annotations$Java
instanceKlass org/jetbrains/kotlin/fir/java/deserialization/FirJvmDeserializationExtension$Companion
instanceKlass org/jetbrains/kotlin/fir/deserialization/FirDeserializationExtension
instanceKlass org/jetbrains/kotlin/fir/scopes/FirOverrideCheckerKt
instanceKlass org/jetbrains/kotlin/fir/java/scopes/JavaOverridabilityRules
instanceKlass org/jetbrains/kotlin/fir/scopes/PlatformSpecificOverridabilityRules
instanceKlass org/jetbrains/kotlin/name/JvmStandardClassIdsKt
instanceKlass org/jetbrains/kotlin/name/JvmStandardClassIds$Java
instanceKlass org/jetbrains/kotlin/fir/java/JvmSupertypeUpdater$DelegatedConstructorCallTransformer$Companion
instanceKlass org/jetbrains/kotlin/fir/visitors/FirVisitor
instanceKlass org/jetbrains/kotlin/fir/resolve/transformers/PlatformSupertypeUpdater
instanceKlass org/jetbrains/kotlin/config/JvmDefaultMode$Companion
instanceKlass org/jetbrains/kotlin/config/JvmDefaultModeKt
instanceKlass org/jetbrains/kotlin/fir/java/FirJvmDefaultModeComponent
instanceKlass org/jetbrains/kotlin/fir/java/FirSyntheticPropertiesStorage$special$$inlined$createCache$1
instanceKlass org/jetbrains/kotlin/fir/java/FirSyntheticPropertiesStorage
instanceKlass org/jetbrains/kotlin/load/java/AbstractAnnotationTypeQualifierResolver$Companion
instanceKlass org/jetbrains/kotlin/load/java/AbstractAnnotationTypeQualifierResolver
instanceKlass org/jetbrains/kotlin/fir/modules/FirJavaModuleResolverProvider
instanceKlass org/jetbrains/kotlin/resolve/jvm/modules/JavaModuleResolver$SERVICE
instanceKlass org/jetbrains/kotlin/fir/analysis/checkers/FirIdentityLessPlatformDeterminer
instanceKlass org/jetbrains/kotlin/resolve/checkers/ClassifierUsageCheckerContext
instanceKlass org/jetbrains/kotlin/resolve/calls/context/ResolutionContext
instanceKlass kotlin/annotation/MustBeDocumented
instanceKlass kotlin/jvm/JvmStatic
instanceKlass org/jetbrains/kotlin/descriptors/ModuleDescriptor
instanceKlass org/jetbrains/kotlin/resolve/BindingTrace
instanceKlass org/jetbrains/kotlin/descriptors/SourceElement
instanceKlass org/jetbrains/kotlin/descriptors/ClassifierDescriptor
instanceKlass org/jetbrains/kotlin/resolve/calls/checkers/CallCheckerContext
instanceKlass org/jetbrains/kotlin/resolve/calls/model/ResolvedCall
instanceKlass org/jetbrains/kotlin/resolve/scopes/receivers/ReceiverValue
instanceKlass org/jetbrains/kotlin/resolve/scopes/receivers/Receiver
instanceKlass org/jetbrains/kotlin/descriptors/annotations/AnnotationDescriptor
instanceKlass org/jetbrains/kotlin/diagnostics/DiagnosticSink
instanceKlass org/jetbrains/kotlin/descriptors/VariableDescriptor
instanceKlass org/jetbrains/kotlin/descriptors/ValueDescriptor
instanceKlass org/jetbrains/kotlin/container/ConstructorInfo
instanceKlass kotlin/reflect/jvm/internal/pcollections/ConsPStack$Itr
instanceKlass org/jetbrains/kotlin/com/intellij/util/ObjectUtilsRt
instanceKlass org/jetbrains/kotlin/container/DefaultImplementation
instanceKlass jdk/internal/vm/annotation/IntrinsicCandidate
instanceKlass org/jetbrains/kotlin/resolve/checkers/DeclarationCheckerContext
instanceKlass org/jetbrains/kotlin/resolve/checkers/CheckerContext
instanceKlass org/jetbrains/kotlin/container/ClassInfo
instanceKlass org/jetbrains/kotlin/container/ClassTraversalCache
instanceKlass org/jetbrains/kotlin/container/CacheKt
instanceKlass org/jetbrains/kotlin/container/DynamicComponentDescriptor
instanceKlass org/jetbrains/kotlin/container/InstanceComponentDescriptor
instanceKlass org/jetbrains/kotlin/container/ComponentDescriptor
instanceKlass org/jetbrains/kotlin/container/ValueDescriptor
instanceKlass org/jetbrains/kotlin/container/ContainerKt
instanceKlass org/jetbrains/kotlin/resolve/checkers/PlatformDiagnosticSuppressor
instanceKlass org/jetbrains/kotlin/resolve/lazy/AbsentDescriptorHandler
instanceKlass org/jetbrains/kotlin/types/DynamicTypesSettings
instanceKlass org/jetbrains/kotlin/resolve/calls/results/TypeSpecificityComparator$NONE
instanceKlass org/jetbrains/kotlin/resolve/calls/results/TypeSpecificityComparator
instanceKlass org/jetbrains/kotlin/resolve/IdentifierChecker
instanceKlass org/jetbrains/kotlin/container/PlatformSpecificExtension
instanceKlass org/jetbrains/kotlin/container/PlatformExtensionsClashResolver
instanceKlass org/jetbrains/kotlin/resolve/checkers/ReturnValueAnnotationChecker
instanceKlass org/jetbrains/kotlin/resolve/AdditionalAnnotationChecker
instanceKlass org/jetbrains/kotlin/resolve/checkers/OptionalExpectationUsageChecker
instanceKlass org/jetbrains/kotlin/resolve/checkers/MissingDependencyClassChecker$ClassifierUsage
instanceKlass org/jetbrains/kotlin/resolve/checkers/ApiVersionClassifierUsageChecker
instanceKlass org/jetbrains/kotlin/resolve/checkers/DeprecatedClassifierUsageChecker
instanceKlass org/jetbrains/kotlin/resolve/checkers/ClassifierUsageChecker
instanceKlass org/jetbrains/kotlin/resolve/calls/checkers/EnumEntriesUnsupportedChecker
instanceKlass org/jetbrains/kotlin/resolve/calls/checkers/CustomEnumEntriesMigrationCallChecker
instanceKlass org/jetbrains/kotlin/resolve/calls/checkers/CompanionIncorrectlyUnboundedWhenUsedAsLHSCallChecker
instanceKlass org/jetbrains/kotlin/resolve/calls/checkers/IncorrectCapturedApproximationCallChecker
instanceKlass org/jetbrains/kotlin/resolve/calls/checkers/BuilderInferenceAssignmentChecker
instanceKlass org/jetbrains/kotlin/resolve/calls/checkers/UnsupportedUntilOperatorChecker
instanceKlass org/jetbrains/kotlin/resolve/calls/checkers/EqualityCallChecker
instanceKlass org/jetbrains/kotlin/resolve/calls/checkers/ResolutionToPrivateConstructorOfSealedClassChecker
instanceKlass org/jetbrains/kotlin/resolve/calls/checkers/CompanionInParenthesesLHSCallChecker
instanceKlass org/jetbrains/kotlin/resolve/calls/checkers/EnumEntryVsCompanionPriorityCallChecker
instanceKlass org/jetbrains/kotlin/resolve/calls/checkers/NewSchemeOfIntegerOperatorResolutionChecker
instanceKlass org/jetbrains/kotlin/resolve/calls/checkers/SelfCallInNestedObjectConstructorChecker
instanceKlass org/jetbrains/kotlin/resolve/calls/checkers/VarargWrongExecutionOrderChecker
instanceKlass org/jetbrains/kotlin/resolve/calls/checkers/ReferencingToUnderscoreNamedParameterOfCatchBlockChecker
instanceKlass org/jetbrains/kotlin/resolve/checkers/NullableExtensionOperatorWithSafeCallChecker
instanceKlass org/jetbrains/kotlin/resolve/calls/checkers/FunInterfaceConstructorReferenceChecker
instanceKlass org/jetbrains/kotlin/resolve/calls/checkers/UnitConversionCallChecker
instanceKlass org/jetbrains/kotlin/resolve/calls/checkers/SuspendConversionCallChecker
instanceKlass org/jetbrains/kotlin/resolve/calls/checkers/AbstractClassInstantiationChecker
instanceKlass org/jetbrains/kotlin/resolve/checkers/MissingDependencySupertypeChecker$ForCalls
instanceKlass org/jetbrains/kotlin/diagnostics/Diagnostic
instanceKlass org/jetbrains/kotlin/diagnostics/UnboundDiagnostic
instanceKlass org/jetbrains/kotlin/diagnostics/DiagnosticMarker
instanceKlass org/jetbrains/kotlin/resolve/calls/checkers/ReifiedTypeParameterSubstitutionChecker
instanceKlass org/jetbrains/kotlin/resolve/calls/checkers/ContractNotAllowedCallChecker
instanceKlass org/jetbrains/kotlin/resolve/calls/checkers/NamedFunAsExpressionChecker
instanceKlass org/jetbrains/kotlin/resolve/calls/checkers/NullableVarargArgumentCallChecker
instanceKlass org/jetbrains/kotlin/resolve/calls/checkers/ResultTypeWithNullableOperatorsChecker
instanceKlass org/jetbrains/kotlin/resolve/calls/checkers/UselessElvisCallChecker
instanceKlass org/jetbrains/kotlin/resolve/calls/checkers/LambdaWithSuspendModifierCallChecker
instanceKlass org/jetbrains/kotlin/resolve/checkers/PrimitiveNumericComparisonCallChecker
instanceKlass org/jetbrains/kotlin/resolve/calls/checkers/ImplicitNothingAsTypeParameterCallChecker
instanceKlass org/jetbrains/kotlin/resolve/calls/checkers/AssigningNamedArgumentToVarargChecker
instanceKlass org/jetbrains/kotlin/resolve/calls/checkers/UnderscoreUsageChecker
instanceKlass org/jetbrains/kotlin/resolve/calls/checkers/CallableReferenceCompatibilityChecker
instanceKlass org/jetbrains/kotlin/resolve/checkers/MissingDependencyClassChecker
instanceKlass org/jetbrains/kotlin/resolve/calls/checkers/DslScopeViolationCallChecker
instanceKlass org/jetbrains/kotlin/resolve/calls/checkers/BuilderFunctionsCallChecker
instanceKlass org/jetbrains/kotlin/resolve/calls/checkers/CoroutineSuspendCallChecker
instanceKlass org/jetbrains/kotlin/resolve/calls/checkers/ApiVersionCallChecker
instanceKlass org/jetbrains/kotlin/descriptors/ConstructorDescriptor
instanceKlass org/jetbrains/kotlin/descriptors/FunctionDescriptor
instanceKlass org/jetbrains/kotlin/descriptors/CallableMemberDescriptor
instanceKlass org/jetbrains/kotlin/descriptors/MemberDescriptor
instanceKlass org/jetbrains/kotlin/descriptors/CallableDescriptor
instanceKlass org/jetbrains/kotlin/descriptors/Substitutable
instanceKlass org/jetbrains/kotlin/descriptors/DeclarationDescriptorWithVisibility
instanceKlass org/jetbrains/kotlin/descriptors/DeclarationDescriptorNonRoot
instanceKlass org/jetbrains/kotlin/descriptors/DeclarationDescriptorWithSource
instanceKlass org/jetbrains/kotlin/descriptors/DeclarationDescriptor
instanceKlass org/jetbrains/kotlin/descriptors/ValidateableDescriptor
instanceKlass org/jetbrains/kotlin/descriptors/Named
instanceKlass org/jetbrains/kotlin/resolve/calls/checkers/ProtectedConstructorCallChecker
instanceKlass org/jetbrains/kotlin/resolve/calls/checkers/ConstructorHeaderCallChecker
instanceKlass org/jetbrains/kotlin/resolve/calls/checkers/OperatorCallChecker$Companion
instanceKlass org/jetbrains/kotlin/resolve/calls/checkers/OperatorCallChecker
instanceKlass org/jetbrains/kotlin/resolve/calls/checkers/InfixCallChecker
instanceKlass org/jetbrains/kotlin/resolve/calls/checkers/CallReturnsArrayOfNothingChecker
instanceKlass org/jetbrains/kotlin/com/intellij/psi/tree/IReparseableLeafElementType
instanceKlass org/jetbrains/kotlin/com/intellij/psi/TokenType
instanceKlass org/jetbrains/kotlin/com/intellij/psi/tree/TokenSet
instanceKlass org/jetbrains/kotlin/kdoc/lexer/KDocTokens
instanceKlass org/jetbrains/kotlin/lexer/KtTokens
instanceKlass org/jetbrains/kotlin/resolve/calls/checkers/DeprecatedCallChecker
instanceKlass org/jetbrains/kotlin/resolve/checkers/TrailingCommaCallChecker
instanceKlass org/jetbrains/kotlin/resolve/calls/checkers/SafeCallChecker
instanceKlass org/jetbrains/kotlin/resolve/calls/checkers/SynchronizedByValueChecker
instanceKlass org/jetbrains/kotlin/resolve/calls/checkers/InlineCheckerWrapper
instanceKlass org/jetbrains/kotlin/resolve/calls/checkers/CapturingInClosureChecker
instanceKlass org/jetbrains/kotlin/resolve/calls/checkers/CallChecker
instanceKlass org/jetbrains/kotlin/resolve/checkers/StubForBuilderInferenceParameterTypeChecker
instanceKlass org/jetbrains/kotlin/resolve/checkers/ActualTypealiasToSpecialAnnotationChecker
instanceKlass org/jetbrains/kotlin/resolve/checkers/VolatileAnnotationChecker
instanceKlass org/jetbrains/kotlin/resolve/checkers/EnumEntriesRedeclarationChecker
instanceKlass org/jetbrains/kotlin/resolve/checkers/DataObjectContentChecker
instanceKlass org/jetbrains/kotlin/resolve/calls/checkers/UnsupportedUntilRangeDeclarationChecker
instanceKlass org/jetbrains/kotlin/resolve/checkers/CyclicAnnotationsChecker
instanceKlass org/jetbrains/kotlin/resolve/checkers/ValueParameterUsageInDefaultArgumentChecker
instanceKlass org/jetbrains/kotlin/resolve/checkers/SubtypingBetweenContextReceiversChecker
instanceKlass org/jetbrains/kotlin/resolve/checkers/ContextualDeclarationChecker
instanceKlass org/jetbrains/kotlin/resolve/checkers/EnumCompanionInEnumConstructorCallChecker
instanceKlass org/jetbrains/kotlin/resolve/checkers/SuspendFunctionAsSupertypeChecker
instanceKlass org/jetbrains/kotlin/resolve/checkers/SealedInterfaceAllowedChecker
instanceKlass org/jetbrains/kotlin/resolve/checkers/SealedInheritorInSameModuleChecker
instanceKlass org/jetbrains/kotlin/types/KotlinType
instanceKlass org/jetbrains/kotlin/resolve/checkers/SealedInheritorInSamePackageChecker
instanceKlass org/jetbrains/kotlin/resolve/checkers/PrivateInlineFunctionsReturningAnonymousObjectsChecker
instanceKlass org/jetbrains/kotlin/resolve/checkers/ContractDescriptionBlockChecker
instanceKlass org/jetbrains/kotlin/resolve/checkers/DeprecatedSinceKotlinAnnotationChecker
instanceKlass org/jetbrains/kotlin/resolve/checkers/DeprecationInheritanceChecker
instanceKlass org/jetbrains/kotlin/resolve/checkers/FunInterfaceDeclarationChecker
instanceKlass org/jetbrains/kotlin/resolve/checkers/MissingDependencySupertypeChecker$ForDeclarations
instanceKlass org/jetbrains/kotlin/resolve/checkers/TrailingCommaDeclarationChecker
instanceKlass org/jetbrains/kotlin/resolve/checkers/TailrecFunctionChecker
instanceKlass org/jetbrains/kotlin/resolve/checkers/ExplicitApiDeclarationChecker$Companion
instanceKlass org/jetbrains/kotlin/resolve/checkers/ExplicitApiDeclarationChecker
instanceKlass org/jetbrains/kotlin/resolve/checkers/LocalVariableTypeParametersChecker
instanceKlass org/jetbrains/kotlin/resolve/checkers/ResultClassInReturnTypeChecker
instanceKlass org/jetbrains/kotlin/resolve/checkers/ReservedMembersAndConstructsForValueClass$Companion
instanceKlass org/jetbrains/kotlin/resolve/checkers/ReservedMembersAndConstructsForValueClass
instanceKlass org/jetbrains/kotlin/resolve/checkers/AnnotationClassTargetAndRetentionChecker
instanceKlass org/jetbrains/kotlin/resolve/checkers/InnerClassInsideValueClass
instanceKlass org/jetbrains/kotlin/resolve/checkers/PropertiesWithBackingFieldsInsideValueClass
instanceKlass org/jetbrains/kotlin/resolve/checkers/MultiFieldValueClassAnnotationsChecker
instanceKlass org/jetbrains/kotlin/resolve/checkers/ValueClassDeclarationChecker
instanceKlass org/jetbrains/kotlin/util/OperatorNameConventions
instanceKlass org/jetbrains/kotlin/resolve/checkers/SuspendLimitationsChecker
instanceKlass org/jetbrains/kotlin/resolve/checkers/KClassWithIncorrectTypeArgumentChecker
instanceKlass org/jetbrains/kotlin/resolve/checkers/DelegationChecker
instanceKlass org/jetbrains/kotlin/resolve/checkers/DynamicReceiverChecker
instanceKlass org/jetbrains/kotlin/resolve/checkers/ReifiedTypeParameterAnnotationChecker
instanceKlass org/jetbrains/kotlin/resolve/RequireKotlinConstants
instanceKlass org/jetbrains/kotlin/resolve/AnnotationsKt
instanceKlass org/jetbrains/kotlin/resolve/checkers/KotlinVersionStringAnnotationValueChecker
instanceKlass org/jetbrains/kotlin/resolve/checkers/InfixModifierChecker
instanceKlass org/jetbrains/kotlin/descriptors/annotations/Annotated
instanceKlass org/jetbrains/kotlin/resolve/checkers/InlineParameterChecker
instanceKlass org/jetbrains/kotlin/resolve/checkers/UnderscoreChecker
instanceKlass org/jetbrains/kotlin/resolve/checkers/ConstModifierChecker
instanceKlass org/jetbrains/kotlin/resolve/checkers/DataClassDeclarationChecker
instanceKlass org/jetbrains/kotlin/resolve/checkers/ExpectActualClassifiersAreInBetaChecker
instanceKlass org/jetbrains/kotlin/resolve/checkers/ActualClassifierMustHasTheSameMembersAsNonFinalExpectClassifierChecker
instanceKlass org/jetbrains/kotlin/resolve/checkers/ExpectActualInTheSameModuleChecker
instanceKlass org/jetbrains/kotlin/resolve/checkers/DeclarationChecker
instanceKlass org/jetbrains/kotlin/resolve/PlatformConfiguratorBaseKt
instanceKlass org/jetbrains/kotlin/container/ComponentRegistry
instanceKlass org/jetbrains/kotlin/container/ComponentStorage
instanceKlass org/jetbrains/kotlin/container/ValueResolver
instanceKlass org/jetbrains/kotlin/container/ComponentResolveContext
instanceKlass org/jetbrains/kotlin/container/ValueResolveContext
instanceKlass org/jetbrains/kotlin/container/DslKt
instanceKlass org/jetbrains/kotlin/container/StorageComponentContainer
instanceKlass org/jetbrains/kotlin/container/ComponentProvider
instanceKlass org/jetbrains/kotlin/container/ComponentContainer
instanceKlass org/jetbrains/kotlin/resolve/PlatformConfiguratorBase
instanceKlass org/jetbrains/kotlin/resolve/PlatformConfigurator
instanceKlass org/jetbrains/kotlin/resolve/DefaultImportProvider$DefaultImportsKey
instanceKlass org/jetbrains/kotlin/resolve/DefaultImportProvider
instanceKlass org/jetbrains/kotlin/fir/scopes/FirDefaultImportProviderHolder
instanceKlass org/jetbrains/kotlin/fir/scopes/impl/FirDelegatedMembersFilter
instanceKlass org/jetbrains/kotlin/fir/analysis/FirOverridesBackwardCompatibilityHelper
instanceKlass org/jetbrains/kotlin/fir/scopes/FirPlatformClassMapper
instanceKlass org/jetbrains/kotlin/fir/resolve/calls/overloads/ConeCallConflictResolverFactory
instanceKlass org/jetbrains/kotlin/fir/FirVisibilityChecker
instanceKlass org/jetbrains/kotlin/fir/declarations/FirMustUseReturnValueStatusComponent$Companion
instanceKlass org/jetbrains/kotlin/fir/declarations/FirMustUseReturnValueStatusComponent
instanceKlass org/jetbrains/kotlin/fir/analysis/diagnostics/FirComposedDiagnosticRendererFactory
instanceKlass org/jetbrains/kotlin/diagnostics/rendering/DiagnosticRendererFactory
instanceKlass org/jetbrains/kotlin/fir/FirPlatformSpecificCastChecker
instanceKlass org/jetbrains/kotlin/fir/types/FirMissingDependencyStorage$cache$1
instanceKlass org/jetbrains/kotlin/fir/types/FirMissingDependencyStorage
instanceKlass org/jetbrains/kotlin/fir/analysis/checkers/expression/FirGenericArrayClassLiteralSupport$Disabled
instanceKlass org/jetbrains/kotlin/fir/analysis/checkers/expression/FirGenericArrayClassLiteralSupport
instanceKlass org/jetbrains/kotlin/fir/analysis/checkers/FirPrimaryConstructorSuperTypeCheckerPlatformComponent
instanceKlass org/jetbrains/kotlin/name/StandardClassIds$Annotations
instanceKlass org/jetbrains/kotlin/fir/declarations/FirAnnotationsPlatformSpecificSupportComponent
instanceKlass org/jetbrains/kotlin/fir/resolve/calls/overloads/FirDeclarationOverloadabilityHelperImpl
instanceKlass org/jetbrains/kotlin/fir/declarations/FirDeclarationOverloadabilityHelper
instanceKlass org/jetbrains/kotlin/fir/scopes/impl/FirAbstractOverrideChecker
instanceKlass org/jetbrains/kotlin/fir/scopes/FirOverrideChecker
instanceKlass org/jetbrains/kotlin/fir/scopes/impl/FirEnumEntriesSupport
instanceKlass kotlin/jvm/internal/TypeIntrinsics
instanceKlass org/jetbrains/kotlin/fir/MutableOrEmptyList$Companion
instanceKlass org/jetbrains/kotlin/fir/MutableOrEmptyList
instanceKlass org/jetbrains/kotlin/fir/builder/FirBuilderDslKt
instanceKlass org/jetbrains/kotlin/fir/types/TypeUtilsKt
instanceKlass org/jetbrains/kotlin/fir/types/ConeDynamicType$Companion
instanceKlass org/jetbrains/kotlin/types/model/DynamicTypeMarker
instanceKlass org/jetbrains/kotlin/types/model/FlexibleTypeMarker
instanceKlass org/jetbrains/kotlin/fir/types/builder/FirResolvedTypeRefBuilder
instanceKlass org/jetbrains/kotlin/fir/builder/FirAnnotationContainerBuilder
instanceKlass org/jetbrains/kotlin/fir/scopes/impl/FirDynamicMembersStorage$special$$inlined$createCache$3
instanceKlass org/jetbrains/kotlin/fir/scopes/impl/FirDynamicMembersStorage$special$$inlined$createCache$2
instanceKlass org/jetbrains/kotlin/fir/scopes/impl/FirDynamicMembersStorage$special$$inlined$createCache$1
instanceKlass org/jetbrains/kotlin/fir/scopes/impl/FirDynamicMembersStorage
instanceKlass org/jetbrains/kotlin/fir/scopes/FirOverrideService
instanceKlass org/jetbrains/kotlin/fir/resolve/FirSamResolver
instanceKlass org/jetbrains/kotlin/fir/SessionAndScopeSessionHolder
instanceKlass org/jetbrains/kotlin/fir/SessionHolder
instanceKlass org/jetbrains/kotlin/fir/ScopeSessionHolder
instanceKlass org/jetbrains/kotlin/fir/resolve/FirSamConstructorStorage
instanceKlass org/jetbrains/kotlin/fir/scopes/impl/FirGeneratedMemberDeclarationsStorage$ClassifierStorage
instanceKlass org/jetbrains/kotlin/fir/scopes/impl/FirGeneratedMemberDeclarationsStorage$CallableStorage
instanceKlass org/jetbrains/kotlin/fir/scopes/impl/FirGeneratedMemberDeclarationsStorage$StorageContext
instanceKlass org/jetbrains/kotlin/fir/symbols/impl/FirThisOwnerSymbol
instanceKlass org/jetbrains/kotlin/mpp/ClassLikeSymbolMarker
instanceKlass org/jetbrains/kotlin/mpp/ClassifierSymbolMarker
instanceKlass org/jetbrains/kotlin/fir/scopes/impl/FirGeneratedMemberDeclarationsStorage
instanceKlass org/jetbrains/kotlin/fir/scopes/impl/FirSynthesizedStorage$special$$inlined$createCache$1
instanceKlass org/jetbrains/kotlin/fir/scopes/impl/FirSynthesizedStorage
instanceKlass org/jetbrains/kotlin/mpp/ConstructorSymbolMarker
instanceKlass org/jetbrains/kotlin/fir/scopes/impl/FirTypealiasConstructorStorage
instanceKlass org/jetbrains/kotlin/fir/scopes/impl/FirIntersectionOverrideStorage$special$$inlined$createCache$1
instanceKlass org/jetbrains/kotlin/fir/scopes/impl/FirIntersectionOverrideStorage
instanceKlass org/jetbrains/kotlin/fir/scopes/impl/FirSubstitutionOverrideStorage$special$$inlined$createCache$1
instanceKlass org/jetbrains/kotlin/fir/scopes/impl/FirSubstitutionOverrideStorage
instanceKlass org/jetbrains/kotlin/fir/resolve/FirDefaultParametersResolver
instanceKlass org/jetbrains/kotlin/types/TypeCheckerState
instanceKlass org/jetbrains/kotlin/fir/types/FirCorrespondingSupertypesCache
instanceKlass org/jetbrains/kotlin/fir/scopes/impl/FirDeclaredMemberScopeProvider$nestedClassifierCache$1
instanceKlass org/jetbrains/kotlin/fir/scopes/FirScope
instanceKlass org/jetbrains/kotlin/fir/scopes/impl/FirDeclaredMemberScopeProvider$DeclaredMemberScopeContext
instanceKlass java/time/Duration
instanceKlass java/time/temporal/TemporalAmount
instanceKlass java/time/temporal/TemporalUnit
instanceKlass java/util/concurrent/TimeUnit$1
instanceKlass kotlin/time/DurationUnitKt__DurationUnitJvmKt
instanceKlass kotlin/time/DurationKt
instanceKlass kotlin/time/DurationJvmKt
instanceKlass kotlin/time/Duration$Companion
instanceKlass kotlin/time/Duration
instanceKlass org/jetbrains/kotlin/fir/scopes/impl/FirDeclaredMemberScopeProvider
instanceKlass org/jetbrains/kotlin/fir/resolve/inference/InferenceComponents$ConstraintSystemFactory
instanceKlass org/jetbrains/kotlin/resolve/calls/inference/components/PostponedArgumentInputTypesResolver$Companion
instanceKlass org/jetbrains/kotlin/builtins/functions/FunctionTypeKind
instanceKlass org/jetbrains/kotlin/resolve/calls/inference/components/PostponedArgumentInputTypesResolver
instanceKlass org/jetbrains/kotlin/resolve/calls/inference/components/VariableFixationFinder
instanceKlass org/jetbrains/kotlin/resolve/calls/inference/components/ResultTypeResolver
instanceKlass org/jetbrains/kotlin/resolve/calls/inference/components/ConstraintInjector
instanceKlass org/jetbrains/kotlin/resolve/calls/inference/components/InferenceLogger
instanceKlass org/jetbrains/kotlin/fir/resolve/inference/FirInferenceLoggerKt
instanceKlass org/jetbrains/kotlin/fir/resolve/inference/ConeConstraintSystemUtilContext
instanceKlass org/jetbrains/kotlin/resolve/calls/inference/components/ConstraintSystemUtilContext
instanceKlass org/jetbrains/kotlin/resolve/calls/inference/components/ConstraintIncorporator
instanceKlass org/jetbrains/kotlin/resolve/calls/inference/components/TrivialConstraintTypeInferenceOracle$Companion
instanceKlass org/jetbrains/kotlin/resolve/calls/inference/components/TrivialConstraintTypeInferenceOracle
instanceKlass org/jetbrains/kotlin/fir/types/TypeComponentsKt
instanceKlass org/jetbrains/kotlin/fir/resolve/inference/InferenceComponents
instanceKlass org/jetbrains/kotlin/fir/FirLanguageSettingsComponentKt
instanceKlass org/jetbrains/kotlin/types/AbstractTypeApproximator$Companion
instanceKlass org/jetbrains/kotlin/types/AbstractTypeApproximator
instanceKlass org/jetbrains/kotlin/fir/types/TypeComponents$typeContext$1
instanceKlass org/jetbrains/kotlin/fir/types/ConeInferenceContext
instanceKlass org/jetbrains/kotlin/types/model/TypeSystemInferenceExtensionContext
instanceKlass org/jetbrains/kotlin/types/model/TypeSystemCommonSuperTypesContext
instanceKlass org/jetbrains/kotlin/types/model/TypeSystemTypeFactoryContext
instanceKlass org/jetbrains/kotlin/types/model/TypeSystemBuiltInsContext
instanceKlass org/jetbrains/kotlin/fir/types/ConeTypeContext
instanceKlass org/jetbrains/kotlin/types/model/TypeCheckerProviderContext
instanceKlass org/jetbrains/kotlin/types/TypeSystemCommonBackendContext
instanceKlass org/jetbrains/kotlin/types/model/TypeSystemContext
instanceKlass org/jetbrains/kotlin/types/model/TypeSystemOptimizationContext
instanceKlass org/jetbrains/kotlin/fir/types/TypeComponents
instanceKlass org/jetbrains/kotlin/fir/FirLanguageSettingsComponent
instanceKlass org/jetbrains/kotlin/fir/resolve/transformers/FirJumpingPhaseComputationSessionForLocalClassesProvider
instanceKlass org/jetbrains/kotlin/fir/declarations/FirHiddenDeprecationProvider
instanceKlass org/jetbrains/kotlin/fir/extensions/predicate/PredicateVisitor
instanceKlass org/jetbrains/kotlin/fir/extensions/FirPredicateBasedProviderImpl$Cache
instanceKlass org/jetbrains/kotlin/fir/extensions/FirRegisteredPluginAnnotationsKt
instanceKlass org/jetbrains/kotlin/fir/extensions/FirPredicateBasedProvider
instanceKlass org/jetbrains/kotlin/fir/extensions/AbstractFirRegisteredPluginAnnotations$special$$inlined$createCache$1
instanceKlass org/jetbrains/kotlin/util/AbstractArrayMapOwner$AbstractArrayMapAccessor
instanceKlass org/jetbrains/kotlin/fir/caches/FirCachesFactoryKt
instanceKlass org/jetbrains/kotlin/fir/extensions/FirRegisteredPluginAnnotations
instanceKlass org/jetbrains/kotlin/fir/scopes/FirLookupDefaultStarImportsInSourcesSettingHolder$Companion
instanceKlass org/jetbrains/kotlin/fir/scopes/FirLookupDefaultStarImportsInSourcesSettingHolder
instanceKlass org/jetbrains/kotlin/fir/FirExceptionHandler
instanceKlass org/jetbrains/kotlin/fir/symbols/FirLazyDeclarationResolver
instanceKlass org/jetbrains/kotlin/fir/declarations/SealedClassInheritorsProvider
instanceKlass org/jetbrains/kotlin/fir/types/CompilerConeAttributes
instanceKlass org/jetbrains/kotlin/fir/types/ConeAttribute
instanceKlass org/jetbrains/kotlin/types/model/AnnotationMarker
instanceKlass org/jetbrains/kotlin/fir/types/ConeClassifierLookupTag
instanceKlass org/jetbrains/kotlin/fir/types/ConeTypeConstructorMarker
instanceKlass org/jetbrains/kotlin/types/model/TypeConstructorMarker
instanceKlass org/jetbrains/kotlin/fir/types/TypeConstructionUtilsKt
instanceKlass org/jetbrains/kotlin/fir/types/ConeTypeProjection$Companion
instanceKlass org/jetbrains/kotlin/types/model/TypeArgumentListMarker
instanceKlass org/jetbrains/kotlin/types/model/SimpleTypeMarker
instanceKlass org/jetbrains/kotlin/types/model/RigidTypeMarker
instanceKlass org/jetbrains/kotlin/fir/types/ConeTypeProjection
instanceKlass org/jetbrains/kotlin/types/model/TypeArgumentMarker
instanceKlass org/jetbrains/kotlin/name/StandardClassIdsKt
instanceKlass org/jetbrains/kotlin/name/StandardClassIds
instanceKlass org/jetbrains/kotlin/mpp/TypeRefMarker
instanceKlass org/jetbrains/kotlin/fir/BuiltinTypes
instanceKlass org/jetbrains/kotlin/util/ArrayMapImpl$Companion
instanceKlass org/jetbrains/kotlin/fir/session/FirJvmSessionFactory$LibraryContext
instanceKlass org/jetbrains/kotlin/fir/session/FirAbstractSessionFactory
instanceKlass org/jetbrains/kotlin/KtPsiSourceFile
instanceKlass org/jetbrains/kotlin/cli/common/FirSessionProducer
instanceKlass org/jetbrains/kotlin/resolve/jvm/platform/JvmPlatform
instanceKlass org/jetbrains/kotlin/resolve/TargetPlatform
instanceKlass org/jetbrains/kotlin/cli/common/SessionConstructionUtils
instanceKlass org/jetbrains/kotlin/cli/common/localfs/KotlinLocalVirtualFile$getChildren$$inlined$sortedBy$1
instanceKlass org/jetbrains/kotlin/protobuf/SmallSortedMap$Entry
instanceKlass org/jetbrains/kotlin/protobuf/FieldSet$1
instanceKlass org/jetbrains/kotlin/metadata/ProtoBuf$Annotation$ArgumentOrBuilder
instanceKlass org/jetbrains/kotlin/protobuf/AbstractMessageLite$Builder
instanceKlass org/jetbrains/kotlin/protobuf/GeneratedMessageLite$1
instanceKlass org/jetbrains/kotlin/metadata/ProtoBuf$QualifiedNameTable$QualifiedName$Kind$1
instanceKlass org/jetbrains/kotlin/metadata/ProtoBuf$QualifiedNameTable$QualifiedNameOrBuilder
instanceKlass org/jetbrains/kotlin/load/kotlin/JvmPackagePartProviderBase$ModuleMappingInfo
instanceKlass org/jetbrains/kotlin/metadata/jvm/deserialization/ModuleMappingKt
instanceKlass org/jetbrains/kotlin/protobuf/UnmodifiableLazyStringList$2
instanceKlass org/jetbrains/kotlin/metadata/jvm/deserialization/PackageParts
instanceKlass org/jetbrains/kotlin/protobuf/Utf8
instanceKlass org/jetbrains/kotlin/metadata/jvm/JvmModuleProtoBuf$PackagePartsOrBuilder
instanceKlass org/jetbrains/kotlin/protobuf/WireFormat
instanceKlass org/jetbrains/kotlin/protobuf/CodedOutputStream
instanceKlass org/jetbrains/kotlin/protobuf/CodedInputStream
instanceKlass org/jetbrains/kotlin/metadata/jvm/JvmModuleProtoBuf$ModuleOrBuilder
instanceKlass org/jetbrains/kotlin/protobuf/ExtensionRegistryLite$ObjectIntPair
instanceKlass org/jetbrains/kotlin/metadata/ProtoBuf$TypeParameter$Variance$1
instanceKlass org/jetbrains/kotlin/metadata/ProtoBuf$TypeParameterOrBuilder
instanceKlass org/jetbrains/kotlin/metadata/ProtoBuf$EnumEntryOrBuilder
instanceKlass org/jetbrains/kotlin/metadata/ProtoBuf$Annotation$Argument$Value$Type$1
instanceKlass org/jetbrains/kotlin/protobuf/Internal$EnumLiteMap
instanceKlass org/jetbrains/kotlin/metadata/ProtoBuf$Annotation$Argument$ValueOrBuilder
instanceKlass org/jetbrains/kotlin/metadata/ProtoBuf$ValueParameterOrBuilder
instanceKlass org/jetbrains/kotlin/metadata/ProtoBuf$PropertyOrBuilder
instanceKlass org/jetbrains/kotlin/metadata/ProtoBuf$ContractOrBuilder
instanceKlass org/jetbrains/kotlin/metadata/ProtoBuf$FunctionOrBuilder
instanceKlass org/jetbrains/kotlin/metadata/ProtoBuf$ConstructorOrBuilder
instanceKlass org/jetbrains/kotlin/metadata/ProtoBuf$AnnotationOrBuilder
instanceKlass org/jetbrains/kotlin/metadata/ProtoBuf$TypeOrBuilder
instanceKlass org/jetbrains/kotlin/metadata/ProtoBuf$ClassOrBuilder
instanceKlass org/jetbrains/kotlin/protobuf/Internal$EnumLite
instanceKlass org/jetbrains/kotlin/protobuf/GeneratedMessageLite$ExtensionDescriptor
instanceKlass org/jetbrains/kotlin/protobuf/GeneratedMessageLite$GeneratedExtension
instanceKlass org/jetbrains/kotlin/metadata/ProtoBuf$VersionRequirementTableOrBuilder
instanceKlass org/jetbrains/kotlin/metadata/ProtoBuf$TypeTableOrBuilder
instanceKlass org/jetbrains/kotlin/protobuf/SmallSortedMap$EmptySet$2
instanceKlass org/jetbrains/kotlin/protobuf/SmallSortedMap$EmptySet$1
instanceKlass org/jetbrains/kotlin/protobuf/SmallSortedMap$EmptySet
instanceKlass org/jetbrains/kotlin/protobuf/LazyFieldLite
instanceKlass org/jetbrains/kotlin/protobuf/FieldSet
instanceKlass org/jetbrains/kotlin/metadata/ProtoBuf$PackageOrBuilder
instanceKlass org/jetbrains/kotlin/protobuf/GeneratedMessageLite$ExtendableMessageOrBuilder
instanceKlass org/jetbrains/kotlin/metadata/builtins/BuiltInsProtoBuf
instanceKlass org/jetbrains/kotlin/metadata/deserialization/VersionSpecificBehaviorKt
instanceKlass org/jetbrains/kotlin/load/kotlin/ModuleMappingUtilKt
instanceKlass org/jetbrains/kotlin/com/intellij/util/containers/ShareableKey
instanceKlass org/jetbrains/kotlin/com/intellij/util/io/ResourceHandle
instanceKlass org/jetbrains/kotlin/metadata/ProtoBuf$QualifiedNameTableOrBuilder
instanceKlass org/jetbrains/kotlin/protobuf/ByteString$ByteIterator
instanceKlass org/jetbrains/kotlin/protobuf/ByteString
instanceKlass org/jetbrains/kotlin/protobuf/ExtensionRegistryLite
instanceKlass org/jetbrains/kotlin/protobuf/AbstractParser
instanceKlass org/jetbrains/kotlin/protobuf/MessageLite$Builder
instanceKlass org/jetbrains/kotlin/protobuf/Parser
instanceKlass org/jetbrains/kotlin/protobuf/LazyStringList
instanceKlass org/jetbrains/kotlin/protobuf/ProtocolStringList
instanceKlass org/jetbrains/kotlin/protobuf/FieldSet$FieldDescriptorLite
instanceKlass org/jetbrains/kotlin/protobuf/AbstractMessageLite
instanceKlass org/jetbrains/kotlin/protobuf/MessageLite
instanceKlass org/jetbrains/kotlin/metadata/ProtoBuf$StringTableOrBuilder
instanceKlass org/jetbrains/kotlin/protobuf/MessageLiteOrBuilder
instanceKlass org/jetbrains/kotlin/metadata/deserialization/NameResolverImpl
instanceKlass org/jetbrains/kotlin/metadata/deserialization/NameResolver
instanceKlass org/jetbrains/kotlin/metadata/jvm/deserialization/BinaryModuleData
instanceKlass org/jetbrains/kotlin/metadata/jvm/deserialization/ModuleMapping$Companion
instanceKlass org/jetbrains/kotlin/metadata/jvm/deserialization/ModuleMapping
instanceKlass org/jetbrains/kotlin/cli/jvm/compiler/JvmPackagePartProviderKt
instanceKlass org/jetbrains/kotlin/com/intellij/openapi/vfs/VirtualFileVisitor
instanceKlass org/jetbrains/kotlin/com/intellij/openapi/vfs/VfsUtilCore
instanceKlass org/jetbrains/kotlin/config/KotlinCompilerVersion
instanceKlass kotlin/collections/MapWithDefault
instanceKlass org/jetbrains/kotlin/metadata/deserialization/MetadataVersion$Companion
instanceKlass org/jetbrains/kotlin/metadata/deserialization/BinaryVersion$Companion
instanceKlass org/jetbrains/kotlin/metadata/deserialization/BinaryVersion
instanceKlass org/jetbrains/kotlin/util/MetadataHelpersKt
instanceKlass org/jetbrains/kotlin/resolve/CommonCompilerDeserializationConfiguration
instanceKlass org/jetbrains/kotlin/serialization/deserialization/DeserializationConfiguration
instanceKlass org/jetbrains/kotlin/load/kotlin/JvmPackagePartProviderBase$Companion
instanceKlass org/jetbrains/kotlin/load/kotlin/JvmPackagePartProviderBase
instanceKlass org/jetbrains/kotlin/load/kotlin/PackageAndMetadataPartProvider
instanceKlass org/jetbrains/kotlin/serialization/deserialization/MetadataPartProvider
instanceKlass org/jetbrains/kotlin/fir/session/environment/AbstractProjectFileSearchScope$ANY
instanceKlass org/jetbrains/kotlin/cli/jvm/compiler/VfsBasedProjectEnvironmentKt
instanceKlass kotlin/jvm/internal/Ref$ObjectRef
instanceKlass org/jetbrains/kotlin/fir/FirPureAbstractElement
instanceKlass org/jetbrains/kotlin/fir/declarations/FirTypeParameterRefsOwner
instanceKlass org/jetbrains/kotlin/fir/expressions/FirStatement
instanceKlass org/jetbrains/kotlin/fir/FirAnnotationContainer
instanceKlass org/jetbrains/kotlin/fir/declarations/FirControlFlowGraphOwner
instanceKlass org/jetbrains/kotlin/fir/FirElement
instanceKlass org/jetbrains/kotlin/fir/java/scopes/FirRenamedForOverrideSymbolsStorage$AccidentalOverrideWithDeclaredFunctionHiddenCopyCreationContext
instanceKlass org/jetbrains/kotlin/fir/symbols/FirBasedSymbol
instanceKlass org/jetbrains/kotlin/mpp/SimpleFunctionSymbolMarker
instanceKlass org/jetbrains/kotlin/mpp/FunctionSymbolMarker
instanceKlass org/jetbrains/kotlin/mpp/CallableSymbolMarker
instanceKlass org/jetbrains/kotlin/mpp/DeclarationSymbolMarker
instanceKlass org/jetbrains/kotlin/fir/java/scopes/FirRenamedForOverrideSymbolsStorage$RenamedFunctionCreationContext
instanceKlass org/jetbrains/kotlin/fir/java/scopes/FirRenamedForOverrideSymbolsStorage
instanceKlass org/jetbrains/kotlin/fir/scopes/jvm/JvmMappedScope$FirMappedSymbolStorage$special$$inlined$createCache$1
instanceKlass org/jetbrains/kotlin/fir/scopes/jvm/JvmMappedScope$FirMappedSymbolStorage
instanceKlass org/jetbrains/kotlin/fir/caches/NullableMap
instanceKlass org/jetbrains/kotlin/fir/caches/FirCache
instanceKlass org/jetbrains/kotlin/fir/java/enhancement/FirEnhancedSymbolsStorage$special$$inlined$createCache$1
instanceKlass org/jetbrains/kotlin/fir/java/enhancement/FirEnhancedSymbolsStorage
instanceKlass org/jetbrains/kotlin/fir/caches/FirCachesFactory
instanceKlass org/jetbrains/kotlin/fir/session/ComponentsContainersKt
instanceKlass org/jetbrains/kotlin/fir/session/FirSharableJavaComponents
instanceKlass org/jetbrains/kotlin/fir/session/IncrementalCompilationContext
instanceKlass org/jetbrains/kotlin/com/intellij/psi/PsiClassOwner
instanceKlass org/jetbrains/kotlin/cli/common/FirSessionConstructionUtilsKt
instanceKlass org/jetbrains/kotlin/fir/deserialization/ModuleDataProvider
instanceKlass org/jetbrains/kotlin/fir/DependencyListForCliModule$Builder$build$$inlined$sortedBy$1
instanceKlass org/jetbrains/kotlin/fir/deserialization/LibraryPathFilter
instanceKlass org/jetbrains/kotlin/cli/jvm/config/VirtualJvmClasspathRoot
instanceKlass org/jetbrains/kotlin/util/ArrayMap
instanceKlass org/jetbrains/kotlin/util/TypeRegistry
instanceKlass org/jetbrains/kotlin/util/AbstractArrayMapOwner
instanceKlass org/jetbrains/kotlin/fir/FirModuleData
instanceKlass org/jetbrains/kotlin/fir/DependencyListForCliModule$Builder$BuilderForDefaultDependenciesModule
instanceKlass org/jetbrains/kotlin/fir/DependencyListForCliModule$Builder
instanceKlass org/jetbrains/kotlin/fir/DependencyListForCliModule$Companion
instanceKlass org/jetbrains/kotlin/fir/DependencyListForCliModule
instanceKlass org/jetbrains/kotlin/com/intellij/util/keyFMap/PairElementsFMap
instanceKlass org/jetbrains/kotlin/cli/jvm/compiler/PsiBasedProjectFileSearchScope
instanceKlass org/jetbrains/kotlin/fir/session/environment/AbstractProjectFileSearchScope$EMPTY
instanceKlass org/jetbrains/kotlin/fir/session/environment/AbstractProjectFileSearchScope
instanceKlass org/jetbrains/kotlin/platform/JsPlatformKt
instanceKlass org/jetbrains/kotlin/com/intellij/openapi/util/io/FileUtil$1
instanceKlass org/jetbrains/kotlin/com/intellij/openapi/util/io/FileUtilRt$SymlinkResolver
instanceKlass org/jetbrains/kotlin/com/intellij/openapi/util/io/FileUtil
instanceKlass org/jetbrains/kotlin/KtVirtualFileSourceFile
instanceKlass kotlin/io/FileTreeWalk$WalkState
instanceKlass kotlin/collections/AbstractIterator
instanceKlass kotlin/io/FileTreeWalk
instanceKlass kotlin/io/FilePathComponents
instanceKlass org/jetbrains/kotlin/extensions/PreprocessedFileCreator
instanceKlass kotlin/jvm/internal/Ref$BooleanRef
instanceKlass org/jetbrains/kotlin/KtSourceFile
instanceKlass org/jetbrains/kotlin/cli/common/GroupedKtSourcesKt
instanceKlass org/jetbrains/kotlin/cli/pipeline/jvm/JvmFrontendPipelinePhase$EnvironmentAndSources
instanceKlass org/jetbrains/kotlin/cli/common/GroupedKtSources
instanceKlass org/jetbrains/kotlin/cli/jvm/index/SingleJavaFileRootsIndex
instanceKlass org/jetbrains/kotlin/load/kotlin/PackagePartProvider
instanceKlass org/jetbrains/kotlin/cli/jvm/compiler/VfsBasedProjectEnvironment
instanceKlass org/jetbrains/kotlin/fir/session/environment/AbstractProjectEnvironment
instanceKlass org/jetbrains/kotlin/cli/jvm/compiler/JavaLanguageLevelKt$EntriesMappings
instanceKlass org/jetbrains/kotlin/cli/jvm/compiler/JavaLanguageLevelKt
instanceKlass org/jetbrains/kotlin/cli/jvm/compiler/CliMetadataFinderFactory
instanceKlass org/jetbrains/kotlin/load/kotlin/MetadataFinderFactory
instanceKlass org/jetbrains/kotlin/cli/jvm/compiler/CliVirtualFileFinderFactory
instanceKlass org/jetbrains/kotlin/load/kotlin/VirtualFileFinderFactory
instanceKlass org/jetbrains/kotlin/load/kotlin/VirtualFileFinder
instanceKlass org/jetbrains/kotlin/load/kotlin/KotlinClassFinder
instanceKlass org/jetbrains/kotlin/serialization/deserialization/KotlinMetadataFinder
instanceKlass org/jetbrains/kotlin/cli/jvm/modules/CliJavaModuleResolver
instanceKlass org/jetbrains/kotlin/resolve/jvm/modules/JavaModuleResolver
instanceKlass org/jetbrains/kotlin/load/java/JavaModuleAnnotationsProvider
instanceKlass org/jetbrains/kotlin/cli/jvm/index/JvmDependenciesIndexImpl$Cache
instanceKlass org/jetbrains/kotlin/cli/jvm/index/JvmDependenciesIndexImpl
instanceKlass java/util/concurrent/locks/ReentrantReadWriteLock$WriteLock
instanceKlass java/util/concurrent/locks/ReentrantReadWriteLock$ReadLock
instanceKlass java/util/concurrent/locks/ReentrantReadWriteLock
instanceKlass java/util/concurrent/locks/ReadWriteLock
instanceKlass org/jetbrains/kotlin/cli/jvm/index/JvmDependenciesDynamicCompoundIndex
instanceKlass org/jetbrains/kotlin/cli/jvm/index/JvmDependenciesIndex
instanceKlass org/jetbrains/kotlin/cli/jvm/compiler/ClasspathRootsResolver$RootsAndModules
instanceKlass org/jetbrains/kotlin/cli/jvm/index/JavaRoot$RootTypes
instanceKlass org/jetbrains/kotlin/cli/jvm/index/JavaRoot
instanceKlass org/jetbrains/kotlin/com/intellij/util/text/CharArrayExternalizable
instanceKlass org/jetbrains/kotlin/com/intellij/util/text/ImmutableCharSequence
instanceKlass org/jetbrains/kotlin/com/intellij/util/text/CharArrayUtil
instanceKlass java/util/concurrent/ExecutorService
instanceKlass java/util/concurrent/BlockingQueue
instanceKlass org/jetbrains/kotlin/com/intellij/util/ConcurrencyUtil
instanceKlass org/jetbrains/kotlin/load/kotlin/LibraryContainerAwareVirtualFile
instanceKlass org/jetbrains/kotlin/cli/jvm/compiler/jarfs/ZipImplementationKt$WhenMappings
instanceKlass org/jetbrains/kotlin/cli/jvm/compiler/jarfs/ZipEntryDescription
instanceKlass org/jetbrains/kotlin/cli/jvm/compiler/jarfs/ByteArrayCharSequence
instanceKlass kotlin/jvm/internal/Ref$IntRef
instanceKlass kotlin/jvm/internal/Ref$LongRef
instanceKlass kotlin/UInt$Companion
instanceKlass kotlin/UInt
instanceKlass jdk/internal/access/foreign/MemorySegmentProxy
instanceKlass sun/nio/ch/Util$4
instanceKlass sun/nio/ch/Util
instanceKlass sun/nio/ch/IOStatus
instanceKlass sun/nio/ch/FileChannelImpl$Unmapper
instanceKlass jdk/internal/access/foreign/UnmapperProxy
instanceKlass java/nio/channels/spi/AbstractInterruptibleChannel$1
instanceKlass sun/nio/ch/Interruptible
instanceKlass jdk/internal/misc/ExtendedMapMode
instanceKlass java/nio/channels/FileChannel$MapMode
instanceKlass sun/nio/ch/NativeThread
instanceKlass sun/nio/ch/NativeDispatcher
instanceKlass sun/nio/ch/NativeThreadSet
instanceKlass sun/nio/ch/IOUtil
instanceKlass org/jetbrains/kotlin/com/google/common/primitives/Longs
instanceKlass org/jetbrains/kotlin/cli/jvm/compiler/jarfs/LargeDynamicMappedBuffer$Mapping
instanceKlass org/jetbrains/kotlin/cli/jvm/compiler/jarfs/ZipImplementationKt
instanceKlass org/jetbrains/kotlin/cli/jvm/compiler/jarfs/LargeDynamicMappedBuffer
instanceKlass org/jetbrains/kotlin/com/intellij/openapi/util/Pair
instanceKlass org/jetbrains/kotlin/cli/jvm/compiler/ClasspathRootsResolver$RootWithPrefix
instanceKlass org/jetbrains/kotlin/cli/jvm/config/JvmModulePathRoot
instanceKlass org/jetbrains/kotlin/cli/jvm/modules/JavaModuleGraph
instanceKlass org/jetbrains/kotlin/cli/jvm/compiler/ClasspathRootsResolver$Companion
instanceKlass org/jetbrains/kotlin/cli/jvm/compiler/ClasspathRootsResolver
instanceKlass org/jetbrains/kotlin/resolve/jvm/modules/JavaModule$Root
instanceKlass org/jetbrains/kotlin/cli/jvm/modules/CliJavaModuleFinder
instanceKlass org/jetbrains/kotlin/resolve/jvm/modules/JavaModuleFinder
instanceKlass org/jetbrains/kotlin/com/intellij/openapi/util/KeyedExtensionCollector$MyExtensionPointListener
instanceKlass org/jetbrains/kotlin/resolve/jvm/KotlinJavaPsiFacade$2
instanceKlass org/jetbrains/kotlin/resolve/jvm/KotlinJavaPsiFacade$1
instanceKlass org/jetbrains/kotlin/com/intellij/psi/PsiModifierList
instanceKlass org/jetbrains/kotlin/resolve/jvm/NotFoundPackagesCachingStrategy$Default
instanceKlass org/jetbrains/kotlin/com/intellij/psi/impl/ElementBase$ElementIconRequest
instanceKlass org/jetbrains/kotlin/load/java/structure/JavaClass
instanceKlass org/jetbrains/kotlin/load/java/structure/JavaTypeParameterListOwner
instanceKlass org/jetbrains/kotlin/load/java/structure/JavaModifierListOwner
instanceKlass org/jetbrains/kotlin/load/java/structure/JavaClassifier
instanceKlass org/jetbrains/kotlin/load/java/structure/JavaNamedElement
instanceKlass org/jetbrains/kotlin/load/java/structure/JavaAnnotationOwner
instanceKlass org/jetbrains/kotlin/load/java/structure/JavaElement
instanceKlass org/jetbrains/kotlin/resolve/jvm/KotlinJavaPsiFacade$KotlinPsiElementFinderWrapperImpl
instanceKlass org/jetbrains/kotlin/resolve/jvm/KotlinJavaPsiFacade$KotlinPsiElementFinderWrapper
instanceKlass org/jetbrains/kotlin/resolve/jvm/NotFoundPackagesCachingStrategy
instanceKlass org/jetbrains/kotlin/resolve/jvm/KotlinJavaPsiFacade
instanceKlass org/jetbrains/kotlin/load/java/structure/impl/source/JavaElementSourceFactory
instanceKlass org/jetbrains/kotlin/cli/common/CliModuleVisibilityManagerImpl
instanceKlass org/jetbrains/kotlin/load/kotlin/ModuleVisibilityManager
instanceKlass org/jetbrains/kotlin/compiler/plugin/CompilerPluginRegistrarKt
instanceKlass java/lang/ModuleLayer$Controller
instanceKlass com/sun/tools/javac/comp/AttrContext
instanceKlass javax/annotation/processing/AbstractProcessor
instanceKlass javax/annotation/processing/Processor
instanceKlass com/sun/tools/javac/api/Messages
instanceKlass com/sun/tools/javac/api/Formattable
instanceKlass com/sun/tools/javac/jvm/ClassFile
instanceKlass com/sun/tools/javac/main/OptionHelper
instanceKlass com/sun/tools/javac/util/Context$Key
instanceKlass com/sun/tools/javac/code/Lint
instanceKlass com/sun/tools/javac/util/Assert
instanceKlass com/sun/source/tree/UsesTree
instanceKlass com/sun/source/tree/RequiresTree
instanceKlass com/sun/source/tree/ProvidesTree
instanceKlass com/sun/source/tree/OpensTree
instanceKlass com/sun/source/tree/ExportsTree
instanceKlass com/sun/source/tree/DirectiveTree
instanceKlass com/sun/source/tree/ModuleTree
instanceKlass com/sun/source/tree/AnnotatedTypeTree
instanceKlass com/sun/source/tree/ModifiersTree
instanceKlass com/sun/source/tree/ErroneousTree
instanceKlass com/sun/source/tree/IntersectionTypeTree
instanceKlass com/sun/source/tree/UnionTypeTree
instanceKlass com/sun/source/tree/ParameterizedTypeTree
instanceKlass com/sun/source/tree/ArrayTypeTree
instanceKlass com/sun/source/tree/PrimitiveTypeTree
instanceKlass com/sun/source/tree/LiteralTree
instanceKlass com/sun/source/tree/IdentifierTree
instanceKlass com/sun/source/tree/MemberReferenceTree
instanceKlass com/sun/source/tree/MemberSelectTree
instanceKlass com/sun/source/tree/ArrayAccessTree
instanceKlass com/sun/source/tree/GuardedPatternTree
instanceKlass com/sun/source/tree/ParenthesizedPatternTree
instanceKlass com/sun/source/tree/DefaultCaseLabelTree
instanceKlass com/sun/source/tree/BindingPatternTree
instanceKlass com/sun/source/tree/PatternTree
instanceKlass com/sun/source/tree/InstanceOfTree
instanceKlass com/sun/source/tree/TypeCastTree
instanceKlass com/sun/source/tree/BinaryTree
instanceKlass com/sun/source/tree/UnaryTree
instanceKlass com/sun/source/tree/CompoundAssignmentTree
instanceKlass com/sun/source/tree/AssignmentTree
instanceKlass com/sun/source/tree/ParenthesizedTree
instanceKlass com/sun/source/tree/NewArrayTree
instanceKlass com/sun/source/tree/NewClassTree
instanceKlass com/sun/source/tree/MethodInvocationTree
instanceKlass com/sun/source/tree/AssertTree
instanceKlass com/sun/source/tree/YieldTree
instanceKlass com/sun/source/tree/ExpressionStatementTree
instanceKlass com/sun/source/tree/IfTree
instanceKlass com/sun/source/tree/ConditionalExpressionTree
instanceKlass com/sun/source/tree/SynchronizedTree
instanceKlass com/sun/source/tree/CaseTree
instanceKlass com/sun/source/tree/SwitchTree
instanceKlass com/sun/source/tree/LabeledStatementTree
instanceKlass com/sun/source/tree/EnhancedForLoopTree
instanceKlass com/sun/source/tree/ForLoopTree
instanceKlass com/sun/source/tree/DoWhileLoopTree
instanceKlass com/sun/source/tree/EmptyStatementTree
instanceKlass com/sun/source/tree/VariableTree
instanceKlass com/sun/source/tree/MethodTree
instanceKlass com/sun/source/tree/ClassTree
instanceKlass com/sun/source/tree/ImportTree
instanceKlass com/sun/source/tree/SwitchExpressionTree
instanceKlass com/sun/source/tree/PackageTree
instanceKlass com/sun/source/tree/CompilationUnitTree
instanceKlass com/sun/source/tree/LambdaExpressionTree
instanceKlass com/sun/source/tree/CatchTree
instanceKlass com/sun/source/tree/TryTree
instanceKlass com/sun/source/tree/ThrowTree
instanceKlass com/sun/source/tree/ReturnTree
instanceKlass com/sun/source/tree/WhileLoopTree
instanceKlass com/sun/source/tree/ContinueTree
instanceKlass com/sun/source/tree/BreakTree
instanceKlass com/sun/source/tree/BlockTree
instanceKlass com/sun/source/tree/StatementTree
instanceKlass com/sun/source/tree/TypeParameterTree
instanceKlass com/sun/source/tree/WildcardTree
instanceKlass com/sun/source/tree/AnnotationTree
instanceKlass com/sun/source/tree/ExpressionTree
instanceKlass com/sun/source/tree/CaseLabelTree
instanceKlass com/sun/tools/javac/tree/JCTree
instanceKlass com/sun/tools/javac/util/JCDiagnostic$DiagnosticPosition
instanceKlass com/sun/source/tree/Tree
instanceKlass com/sun/tools/javac/tree/JCTree$Visitor
instanceKlass com/sun/tools/javac/file/FSInfo
instanceKlass com/sun/tools/javac/util/Context
instanceKlass jdk/internal/module/ModulePatcher$PatchedModuleReader
instanceKlass org/jetbrains/kotlin/kapt/base/util/ModuleManipulationUtilsKt
instanceKlass org/jetbrains/kotlin/fir/FirSessionComponent
instanceKlass org/jetbrains/kotlin/fir/extensions/FirExtension
instanceKlass org/jetbrains/kotlin/fir/extensions/FirExtensionRegistrar$Companion
instanceKlass org/jetbrains/kotlin/parcelize/ParcelizeDeclarationCheckerComponentContainerContributor
instanceKlass org/jetbrains/kotlin/parcelize/ParcelizeResolveExtension$Companion
instanceKlass org/jetbrains/kotlin/parcelize/ParcelizeResolveExtension
instanceKlass org/jetbrains/kotlin/parcelize/ParcelizeFirIrGeneratorExtension
instanceKlass org/jetbrains/kotlin/parcelize/ParcelizeNames
instanceKlass org/jetbrains/kotlin/parcelize/ParcelizeConfigurationKeys
instanceKlass org/jetbrains/kotlin/compiler/plugin/CompilerPluginRegistrar$ExtensionStorage
instanceKlass org/jetbrains/kotlin/kapt/base/KaptSelector
instanceKlass org/jetbrains/kotlin/kapt/base/KaptOptions$Builder
instanceKlass org/jetbrains/kotlin/kapt/KaptPluginKt
instanceKlass org/jetbrains/kotlin/resolve/diagnostics/DiagnosticSuppressor
instanceKlass org/jetbrains/kotlin/fir/extensions/FirAnalysisHandlerExtension
instanceKlass org/jetbrains/kotlin/resolve/extensions/AssignResolutionAltererExtension
instanceKlass org/jetbrains/kotlin/extensions/AnnotationBasedExtension
instanceKlass org/jetbrains/kotlin/types/DefaultTypeAttributeTranslator
instanceKlass org/jetbrains/kotlin/types/extensions/TypeAttributeTranslators
instanceKlass org/jetbrains/kotlin/extensions/TypeAttributeTranslatorExtension
instanceKlass org/jetbrains/kotlin/types/TypeAttributeTranslator
instanceKlass org/jetbrains/kotlin/fir/extensions/FirExtensionRegistrarAdapter
instanceKlass org/jetbrains/kotlin/serialization/DescriptorSerializerPlugin
instanceKlass org/jetbrains/kotlin/extensions/internal/CallResolutionInterceptorExtension
instanceKlass org/jetbrains/kotlin/extensions/internal/CandidateInterceptor
instanceKlass org/jetbrains/kotlin/extensions/internal/TypeResolutionInterceptorExtension
instanceKlass org/jetbrains/kotlin/extensions/internal/TypeResolutionInterceptor
instanceKlass org/jetbrains/kotlin/cli/common/extensions/ShellExtension
instanceKlass org/jetbrains/kotlin/cli/common/extensions/ScriptEvaluationExtension
instanceKlass org/jetbrains/kotlin/backend/common/extensions/IrGenerationExtension
instanceKlass org/jetbrains/kotlin/resolve/extensions/ExtraImportsProviderExtension
instanceKlass org/jetbrains/kotlin/extensions/ProcessSourcesBeforeCompilingExtension
instanceKlass org/jetbrains/kotlin/extensions/CollectAdditionalSourcesExtension
instanceKlass org/jetbrains/kotlin/extensions/CompilerConfigurationExtension
instanceKlass org/jetbrains/kotlin/extensions/PreprocessedVirtualFileFactoryExtension
instanceKlass org/jetbrains/kotlin/extensions/DeclarationAttributeAltererExtension
instanceKlass org/jetbrains/kotlin/extensions/StorageComponentContainerContributor
instanceKlass org/jetbrains/kotlin/resolve/jvm/extensions/PackageFragmentProviderExtension
instanceKlass org/jetbrains/kotlin/resolve/jvm/extensions/AnalysisHandlerExtension
instanceKlass org/jetbrains/kotlin/resolve/extensions/AnalysisHandlerExtension
instanceKlass org/jetbrains/kotlin/codegen/extensions/ClassFileFactoryFinalizerExtension
instanceKlass org/jetbrains/kotlin/backend/jvm/extensions/ClassGeneratorExtension
instanceKlass org/jetbrains/kotlin/codegen/extensions/ClassBuilderInterceptorExtension
instanceKlass org/jetbrains/kotlin/resolve/jvm/extensions/SyntheticJavaResolveExtension
instanceKlass org/jetbrains/kotlin/extensions/ProjectExtensionDescriptor
instanceKlass org/jetbrains/kotlin/resolve/extensions/SyntheticResolveExtension
instanceKlass java/nio/file/FileVisitor
instanceKlass java/nio/file/DirectoryStream$Filter
instanceKlass org/jetbrains/kotlin/com/intellij/openapi/util/io/FileUtilRt
instanceKlass org/jetbrains/kotlin/com/intellij/openapi/vfs/PersistentFSConstants
instanceKlass org/jetbrains/kotlin/com/intellij/util/containers/LinkedCustomHashMap$Entry
instanceKlass org/jetbrains/kotlin/com/intellij/util/containers/LinkedCustomHashMap$RemoveCallback
instanceKlass org/jetbrains/kotlin/com/intellij/util/containers/LinkedCustomHashMap
instanceKlass org/jetbrains/kotlin/com/intellij/util/containers/SLRUMap
instanceKlass org/jetbrains/kotlin/com/intellij/util/io/FileAccessorCache
instanceKlass org/jetbrains/kotlin/com/intellij/util/containers/hash/EqualityPolicy
instanceKlass org/jetbrains/kotlin/cli/jvm/compiler/jarfs/FastJarHandler
instanceKlass org/jetbrains/kotlin/cli/jvm/compiler/jarfs/FastJarFileSystemKt
instanceKlass org/jetbrains/kotlin/cli/jvm/compiler/jarfs/FastJarFileSystem$Companion
instanceKlass org/jetbrains/kotlin/com/intellij/psi/impl/source/DummyHolderFactory$DefaultFactory
instanceKlass org/jetbrains/kotlin/com/intellij/psi/impl/source/DummyHolderFactory
instanceKlass org/jetbrains/kotlin/com/intellij/psi/PsiImportHolder
instanceKlass org/jetbrains/kotlin/com/intellij/psi/impl/source/PsiFileWithStubSupport
instanceKlass org/jetbrains/kotlin/com/intellij/psi/impl/PsiFileEx
instanceKlass org/jetbrains/kotlin/com/intellij/openapi/ui/Queryable
instanceKlass org/jetbrains/kotlin/com/intellij/psi/impl/source/JavaDummyHolderFactory
instanceKlass org/jetbrains/kotlin/com/intellij/lang/jvm/facade/JvmFacadeImpl
instanceKlass org/jetbrains/kotlin/com/intellij/lang/jvm/facade/JvmFacade
instanceKlass org/jetbrains/kotlin/com/intellij/psi/impl/source/HolderFactory
instanceKlass org/jetbrains/kotlin/com/intellij/psi/PsiConstantEvaluationHelper
instanceKlass org/jetbrains/kotlin/com/intellij/psi/JavaPsiFacade
instanceKlass org/jetbrains/kotlin/cli/jvm/compiler/MockInferredAnnotationsManager$Companion
instanceKlass org/jetbrains/kotlin/com/intellij/codeInsight/InferredAnnotationsManager
instanceKlass org/jetbrains/kotlin/com/intellij/codeInsight/ExternalAnnotationsListener
instanceKlass org/jetbrains/kotlin/com/intellij/codeInsight/ExternalAnnotationsManager
instanceKlass org/jetbrains/kotlin/com/intellij/util/Processor
instanceKlass org/jetbrains/kotlin/asJava/finder/JavaElementFinder$Companion
instanceKlass org/jetbrains/kotlin/resolve/jvm/KotlinFinderMarker
instanceKlass org/jetbrains/kotlin/asJava/KotlinAsJavaSupportBase$Companion
instanceKlass org/jetbrains/kotlin/asJava/KotlinAsJavaSupport$Companion
instanceKlass org/jetbrains/kotlin/asJava/KotlinAsJavaSupport
instanceKlass org/jetbrains/kotlin/asJava/classes/ImplUtilsKt
instanceKlass org/jetbrains/kotlin/cli/jvm/compiler/CliLightClassGenerationSupport$CliLightClassSupport
instanceKlass org/jetbrains/kotlin/asJava/classes/KtUltraLightSupport
instanceKlass org/jetbrains/kotlin/asJava/LightClassGenerationSupport$Companion
instanceKlass org/jetbrains/kotlin/asJava/LightClassGenerationSupport
instanceKlass org/jetbrains/kotlin/resolve/jvm/JvmCodeAnalyzerInitializer
instanceKlass org/jetbrains/kotlin/resolve/CodeAnalyzerInitializer
instanceKlass org/jetbrains/kotlin/com/intellij/psi/impl/JvmPsiConversionHelperImpl
instanceKlass org/jetbrains/kotlin/com/intellij/psi/JvmPsiConversionHelper
instanceKlass org/jetbrains/kotlin/it/unimi/dsi/fastutil/objects/ObjectIterator
instanceKlass org/jetbrains/kotlin/it/unimi/dsi/fastutil/objects/ObjectSpliterator
instanceKlass org/jetbrains/kotlin/com/intellij/util/containers/Interner
instanceKlass org/jetbrains/kotlin/utils/PlatformUtilsKt
instanceKlass org/jetbrains/kotlin/load/java/structure/impl/classFiles/BinaryClassSignatureParser
instanceKlass org/jetbrains/kotlin/com/intellij/openapi/util/RecursionManager$2
instanceKlass org/jetbrains/kotlin/com/intellij/util/containers/SoftKeySoftValueHashMap
instanceKlass org/jetbrains/kotlin/com/intellij/psi/search/ProjectScope
instanceKlass org/jetbrains/kotlin/cli/jvm/compiler/KotlinCliJavaFileManagerImpl$Companion
instanceKlass org/jetbrains/kotlin/com/intellij/core/CoreJavaFileManager
instanceKlass org/jetbrains/kotlin/resolve/jvm/KotlinCliJavaFileManager
instanceKlass org/jetbrains/kotlin/com/intellij/psi/controlFlow/ControlFlowFactory$1
instanceKlass org/jetbrains/kotlin/com/intellij/util/containers/ConcurrentWeakKeySoftValueHashMap$HardKey
instanceKlass org/jetbrains/kotlin/com/intellij/util/containers/ConcurrentWeakKeySoftValueHashMap$KeyReference
instanceKlass org/jetbrains/kotlin/com/intellij/util/containers/ConcurrentWeakKeySoftValueHashMap
instanceKlass org/jetbrains/kotlin/com/intellij/psi/controlFlow/ControlFlow
instanceKlass org/jetbrains/kotlin/com/intellij/psi/controlFlow/ControlFlowFactory
instanceKlass org/jetbrains/kotlin/com/intellij/psi/codeStyle/SuggestedNameInfo
instanceKlass org/jetbrains/kotlin/com/intellij/psi/codeStyle/JavaCodeStyleManager
instanceKlass org/jetbrains/kotlin/com/intellij/core/CoreJavaFileCodeStyleFacade
instanceKlass org/jetbrains/kotlin/com/intellij/psi/codeStyle/JavaFileCodeStyleFacade
instanceKlass org/jetbrains/kotlin/com/intellij/psi/codeStyle/CodeStyleSettingsFacade
instanceKlass org/jetbrains/kotlin/com/intellij/psi/codeStyle/JavaCodeStyleSettingsFacade
instanceKlass org/jetbrains/kotlin/com/intellij/psi/impl/source/resolve/JavaResolveCache$1
instanceKlass org/jetbrains/kotlin/com/intellij/psi/impl/source/resolve/JavaResolveCache
instanceKlass org/jetbrains/kotlin/com/intellij/util/lang/JavaVersion
instanceKlass org/jetbrains/kotlin/com/intellij/util/LocalizationUtil
instanceKlass org/jetbrains/kotlin/com/intellij/util/containers/ConcurrentRefValueHashMap$ValueReference
instanceKlass org/jetbrains/kotlin/com/intellij/util/containers/ConcurrentRefValueHashMap
instanceKlass sun/util/locale/LanguageTag
instanceKlass java/util/ResourceBundle$Control
instanceKlass org/jetbrains/kotlin/com/intellij/AbstractBundle
instanceKlass org/jetbrains/kotlin/com/intellij/core/JavaPsiBundle
instanceKlass org/jetbrains/kotlin/com/intellij/openapi/roots/LanguageLevelProjectExtension$LanguageLevelChangeListener
instanceKlass org/jetbrains/kotlin/com/intellij/openapi/roots/LanguageLevelProjectExtension
instanceKlass org/jetbrains/kotlin/com/intellij/openapi/util/RecursionManager$CalculationStack
instanceKlass org/jetbrains/kotlin/com/intellij/openapi/util/RecursionGuard
instanceKlass org/jetbrains/kotlin/com/intellij/openapi/util/RecursionGuard$StackStamp
instanceKlass org/jetbrains/kotlin/com/intellij/openapi/util/RecursionManager
instanceKlass org/jetbrains/kotlin/com/intellij/psi/PsiInferenceHelper
instanceKlass org/jetbrains/kotlin/com/intellij/psi/scope/processor/FilterScopeProcessor
instanceKlass org/jetbrains/kotlin/com/intellij/psi/scope/PsiScopeProcessor
instanceKlass org/jetbrains/kotlin/com/intellij/psi/scope/NameHint
instanceKlass org/jetbrains/kotlin/com/intellij/psi/scope/ElementClassHint
instanceKlass org/jetbrains/kotlin/com/intellij/psi/impl/source/resolve/PsiResolveHelperImpl
instanceKlass org/jetbrains/kotlin/com/intellij/psi/PsiResolveHelper
instanceKlass org/jetbrains/kotlin/com/intellij/psi/impl/JavaPsiImplementationHelper
instanceKlass org/jetbrains/kotlin/com/intellij/psi/impl/PsiElementFactoryImpl$1
instanceKlass org/jetbrains/kotlin/com/intellij/psi/TypeAnnotationProvider$1
instanceKlass org/jetbrains/kotlin/com/intellij/psi/TypeAnnotationProvider$Static
instanceKlass org/jetbrains/kotlin/com/intellij/psi/TypeAnnotationProvider
instanceKlass org/jetbrains/kotlin/com/intellij/psi/PsiAnnotation
instanceKlass org/jetbrains/kotlin/com/intellij/lang/jvm/types/JvmPrimitiveTypeKind
instanceKlass org/jetbrains/kotlin/com/intellij/lang/jvm/JvmAnnotation
instanceKlass org/jetbrains/kotlin/com/intellij/psi/PsiTypes
instanceKlass java/lang/invoke/MethodHandle$1
instanceKlass org/jetbrains/kotlin/com/intellij/lang/java/parser/JavaParserUtil$ParserWrapper
instanceKlass org/jetbrains/kotlin/com/intellij/psi/PsiImportStatementBase
instanceKlass org/jetbrains/kotlin/com/intellij/psi/PsiReferenceExpression
instanceKlass org/jetbrains/kotlin/com/intellij/psi/PsiExpression
instanceKlass org/jetbrains/kotlin/com/intellij/psi/PsiCaseLabelElement
instanceKlass org/jetbrains/kotlin/com/intellij/psi/PsiAnnotationMemberValue
instanceKlass org/jetbrains/kotlin/com/intellij/psi/PsiTypeElement
instanceKlass org/jetbrains/kotlin/com/intellij/psi/PsiJavaCodeReferenceElement
instanceKlass org/jetbrains/kotlin/com/intellij/psi/PsiQualifiedReferenceElement
instanceKlass org/jetbrains/kotlin/com/intellij/psi/PsiQualifiedReference
instanceKlass org/jetbrains/kotlin/com/intellij/psi/PsiJavaReference
instanceKlass org/jetbrains/kotlin/com/intellij/psi/PsiPolyVariantReference
instanceKlass org/jetbrains/kotlin/com/intellij/lang/jvm/types/JvmReferenceType
instanceKlass org/jetbrains/kotlin/com/intellij/lang/jvm/types/JvmPrimitiveType
instanceKlass org/jetbrains/kotlin/com/intellij/psi/PsiType
instanceKlass org/jetbrains/kotlin/com/intellij/psi/PsiAnnotationOwner
instanceKlass org/jetbrains/kotlin/com/intellij/lang/jvm/types/JvmType
instanceKlass org/jetbrains/kotlin/com/intellij/lang/java/parser/BasicJavaParserUtil$ParserWrapper
instanceKlass org/jetbrains/kotlin/com/intellij/psi/impl/PsiJavaParserFacadeImpl
instanceKlass org/jetbrains/kotlin/com/intellij/psi/PsiElementFactory
instanceKlass org/jetbrains/kotlin/com/intellij/psi/PsiJavaParserFacade
instanceKlass org/jetbrains/kotlin/com/intellij/psi/JVMElementFactory
instanceKlass org/jetbrains/kotlin/com/intellij/lang/injection/InjectedLanguageManager
instanceKlass org/jetbrains/kotlin/com/intellij/mock/MockDumbUtil
instanceKlass org/jetbrains/kotlin/com/intellij/openapi/project/DumbUtil
instanceKlass org/jetbrains/kotlin/com/intellij/psi/search/impl/VirtualFileEnumeration
instanceKlass org/jetbrains/kotlin/com/intellij/psi/search/impl/VirtualFileEnumerationAware
instanceKlass org/jetbrains/kotlin/com/intellij/psi/PsiDirectory
instanceKlass org/jetbrains/kotlin/com/intellij/psi/impl/file/PsiDirectoryFactory
instanceKlass org/jetbrains/kotlin/com/intellij/psi/util/ParameterizedCachedValue
instanceKlass org/jetbrains/kotlin/com/intellij/psi/util/CachedValue
instanceKlass org/jetbrains/kotlin/com/intellij/psi/impl/PsiCachedValuesFactory
instanceKlass org/jetbrains/kotlin/com/intellij/psi/util/CachedValueProvider
instanceKlass org/jetbrains/kotlin/com/intellij/psi/util/CachedValuesManager
instanceKlass org/jetbrains/kotlin/com/intellij/psi/PsiFileFactory
instanceKlass org/jetbrains/kotlin/com/intellij/psi/impl/PsiToDocumentSynchronizer
instanceKlass org/jetbrains/kotlin/com/intellij/psi/PsiElementVisitor
instanceKlass org/jetbrains/kotlin/com/intellij/openapi/editor/event/DocumentListener
instanceKlass org/jetbrains/kotlin/com/intellij/psi/PsiDocumentManager
instanceKlass org/jetbrains/kotlin/com/intellij/core/MockDocumentCommitProcessor
instanceKlass org/jetbrains/kotlin/com/intellij/psi/impl/DocumentCommitProcessor
instanceKlass org/jetbrains/kotlin/com/intellij/psi/SmartPointerManager
instanceKlass org/jetbrains/kotlin/com/intellij/psi/impl/file/impl/FileManagerImpl$1
instanceKlass org/jetbrains/kotlin/com/intellij/openapi/util/Comparing
instanceKlass org/jetbrains/kotlin/com/intellij/openapi/fileTypes/CharsetUtil
instanceKlass org/jetbrains/kotlin/com/intellij/util/LocalTimeCounter
instanceKlass org/jetbrains/kotlin/com/intellij/openapi/extensions/ExtensionPointPriorityListener
instanceKlass org/jetbrains/kotlin/com/intellij/openapi/extensions/ExtensionPointUtil$1
instanceKlass org/jetbrains/kotlin/com/intellij/openapi/extensions/ExtensionPointUtil
instanceKlass org/jetbrains/kotlin/com/intellij/openapi/vfs/NonPhysicalFileSystem
instanceKlass org/jetbrains/kotlin/com/intellij/openapi/vfs/VirtualFileWithAssignedFileType
instanceKlass org/jetbrains/kotlin/com/intellij/psi/impl/file/impl/FileManagerImpl
instanceKlass org/jetbrains/kotlin/com/intellij/openapi/util/NotNullFactory
instanceKlass org/jetbrains/kotlin/com/intellij/openapi/util/Factory
instanceKlass org/jetbrains/kotlin/com/intellij/openapi/vfs/VirtualFileFilter$2
instanceKlass org/jetbrains/kotlin/com/intellij/openapi/vfs/VirtualFileFilter$1
instanceKlass org/jetbrains/kotlin/com/intellij/openapi/util/LowMemoryWatcher
instanceKlass org/jetbrains/kotlin/com/intellij/psi/impl/source/resolve/ResolveCache$1
instanceKlass org/jetbrains/kotlin/com/intellij/psi/impl/AnyPsiChangeListener
instanceKlass org/jetbrains/kotlin/com/intellij/openapi/wm/ex/ProgressIndicatorEx
instanceKlass org/jetbrains/kotlin/com/intellij/psi/impl/file/impl/FileManager
instanceKlass org/jetbrains/kotlin/com/intellij/psi/ResolveResult
instanceKlass org/jetbrains/kotlin/com/intellij/psi/impl/source/resolve/ResolveCache$StrongValueReference
instanceKlass org/jetbrains/kotlin/com/intellij/util/containers/ConcurrentWeakKeySoftValueHashMap$ValueReference
instanceKlass org/jetbrains/kotlin/com/intellij/psi/impl/source/resolve/ResolveCache$AbstractResolver
instanceKlass org/jetbrains/kotlin/com/intellij/psi/PsiReference
instanceKlass org/jetbrains/kotlin/com/intellij/psi/impl/source/resolve/ResolveCache
instanceKlass org/jetbrains/kotlin/com/intellij/psi/impl/PsiModificationTrackerImpl$1
instanceKlass org/jetbrains/kotlin/com/intellij/openapi/project/DumbService$DumbModeListener
instanceKlass org/jetbrains/kotlin/com/intellij/openapi/project/DumbService$Companion
instanceKlass org/jetbrains/kotlin/com/intellij/openapi/project/DumbService
instanceKlass org/jetbrains/kotlin/com/intellij/psi/util/PsiModificationTracker$Listener
instanceKlass org/jetbrains/kotlin/com/intellij/psi/impl/PsiModificationTrackerImpl
instanceKlass org/jetbrains/kotlin/com/intellij/psi/util/PsiModificationTracker
instanceKlass org/jetbrains/kotlin/com/intellij/lang/jvm/facade/JvmElementProvider
instanceKlass org/jetbrains/kotlin/com/intellij/psi/PsiElementFinder
instanceKlass org/jetbrains/kotlin/com/intellij/psi/impl/PsiTreeChangePreprocessor
instanceKlass org/jetbrains/kotlin/com/intellij/openapi/roots/PackageIndex
instanceKlass org/jetbrains/kotlin/com/intellij/psi/impl/file/impl/JavaFileManager
instanceKlass org/jetbrains/kotlin/com/intellij/psi/search/ProjectScopeBuilder
instanceKlass org/jetbrains/kotlin/com/intellij/psi/impl/ResolveScopeManager
instanceKlass org/jetbrains/kotlin/com/intellij/openapi/roots/FileIndexFacade
instanceKlass org/jetbrains/kotlin/com/intellij/util/CachedValuesFactory
instanceKlass org/jetbrains/kotlin/com/intellij/openapi/project/Project
instanceKlass org/jetbrains/kotlin/com/intellij/core/CoreProjectEnvironment
instanceKlass org/jetbrains/kotlin/cli/jvm/compiler/KotlinCoreEnvironment$Companion$getOrCreateApplicationEnvironment$1$2
instanceKlass org/jetbrains/kotlin/com/intellij/pom/java/InternalPersistentJavaLanguageLevelReaderService$DefaultImpl
instanceKlass org/jetbrains/kotlin/com/intellij/pom/java/InternalPersistentJavaLanguageLevelReaderService
instanceKlass org/jetbrains/kotlin/com/intellij/openapi/vfs/VirtualFileSet
instanceKlass org/jetbrains/kotlin/com/intellij/openapi/vfs/CompactVirtualFileSetFactory
instanceKlass org/jetbrains/kotlin/com/intellij/openapi/vfs/VirtualFileSetFactoryKt
instanceKlass org/jetbrains/kotlin/com/intellij/openapi/vfs/VirtualFileSetFactory
instanceKlass org/jetbrains/kotlin/com/intellij/openapi/application/TransactionGuard
instanceKlass org/jetbrains/kotlin/com/intellij/psi/util/JavaClassSupers
instanceKlass org/jetbrains/kotlin/load/kotlin/KotlinBinaryClassCache$Companion
instanceKlass org/jetbrains/kotlin/load/kotlin/KotlinBinaryClassCache
instanceKlass org/jetbrains/kotlin/psi/KtOperationExpression
instanceKlass org/jetbrains/kotlin/BlockExpressionElementType$Companion
instanceKlass org/jetbrains/kotlin/com/intellij/psi/tree/IReparseableElementTypeBase
instanceKlass org/jetbrains/kotlin/com/intellij/psi/tree/ICompositeElementType
instanceKlass org/jetbrains/kotlin/psi/stubs/KotlinStringInterpolationPrefixStub
instanceKlass org/jetbrains/kotlin/psi/stubs/KotlinScriptStub
instanceKlass org/jetbrains/kotlin/psi/stubs/KotlinBlockStringTemplateEntryStub
instanceKlass org/jetbrains/kotlin/psi/stubs/KotlinPlaceHolderWithTextStub
instanceKlass org/jetbrains/kotlin/com/intellij/psi/LiteralTextEscaper
instanceKlass org/jetbrains/kotlin/com/intellij/psi/ContributedReferenceHost
instanceKlass org/jetbrains/kotlin/psi/stubs/KotlinCollectionLiteralExpressionStub
instanceKlass org/jetbrains/kotlin/psi/stubs/KotlinClassLiteralExpressionStub
instanceKlass org/jetbrains/kotlin/psi/KtDoubleColonExpression
instanceKlass org/jetbrains/kotlin/psi/stubs/KotlinConstantExpressionStub
instanceKlass org/jetbrains/kotlin/psi/stubs/elements/KtConstantExpressionElementType$Companion
instanceKlass org/jetbrains/kotlin/psi/stubs/KotlinContextReceiverStub
instanceKlass org/jetbrains/kotlin/psi/LambdaArgument
instanceKlass org/jetbrains/kotlin/psi/stubs/KotlinContractEffectStub
instanceKlass org/jetbrains/kotlin/psi/ValueArgumentName
instanceKlass org/jetbrains/kotlin/psi/stubs/KotlinValueArgumentStub
instanceKlass org/jetbrains/kotlin/psi/ValueArgument
instanceKlass org/jetbrains/kotlin/psi/stubs/KotlinEnumEntrySuperclassReferenceExpressionStub
instanceKlass org/jetbrains/kotlin/psi/KtQualifiedExpression
instanceKlass org/jetbrains/kotlin/psi/stubs/KotlinNameReferenceExpressionStub
instanceKlass org/jetbrains/kotlin/psi/stubs/KotlinTypeProjectionStub
instanceKlass org/jetbrains/kotlin/psi/stubs/KotlinFunctionTypeStub
instanceKlass org/jetbrains/kotlin/psi/KtSimpleNameExpression
instanceKlass org/jetbrains/kotlin/psi/KtReferenceExpression
instanceKlass org/jetbrains/kotlin/psi/stubs/KotlinUserTypeStub
instanceKlass org/jetbrains/kotlin/psi/stubs/impl/KotlinTypeBean
instanceKlass org/jetbrains/kotlin/types/model/KotlinTypeMarker
instanceKlass org/jetbrains/kotlin/psi/KtTypeElement
instanceKlass org/jetbrains/kotlin/psi/stubs/KotlinModifierListStub
instanceKlass org/jetbrains/kotlin/psi/stubs/KotlinImportAliasStub
instanceKlass org/jetbrains/kotlin/psi/KtImportInfo$ImportContent
instanceKlass org/jetbrains/kotlin/psi/KtImportInfo
instanceKlass org/jetbrains/kotlin/psi/stubs/KotlinImportDirectiveStub
instanceKlass org/jetbrains/kotlin/psi/KtAnnotationsContainer
instanceKlass org/jetbrains/kotlin/psi/stubs/KotlinAnnotationUseSiteTargetStub
instanceKlass org/jetbrains/kotlin/psi/KtCallElement
instanceKlass org/jetbrains/kotlin/psi/stubs/KotlinAnnotationEntryStub
instanceKlass org/jetbrains/kotlin/psi/stubs/KotlinTypeParameterStub
instanceKlass org/jetbrains/kotlin/psi/stubs/KotlinParameterStub
instanceKlass org/jetbrains/kotlin/psi/stubs/KotlinConstructorStub
instanceKlass org/jetbrains/kotlin/psi/KtAnonymousInitializer
instanceKlass org/jetbrains/kotlin/psi/stubs/KotlinPlaceHolderStub
instanceKlass org/jetbrains/kotlin/psi/stubs/KotlinObjectStub
instanceKlass org/jetbrains/kotlin/psi/stubs/KotlinTypeAliasStub
instanceKlass org/jetbrains/kotlin/psi/stubs/KotlinBackingFieldStub
instanceKlass org/jetbrains/kotlin/psi/stubs/KotlinPropertyAccessorStub
instanceKlass org/jetbrains/kotlin/psi/KtVariableDeclaration
instanceKlass org/jetbrains/kotlin/psi/KtValVarKeywordOwner
instanceKlass org/jetbrains/kotlin/psi/stubs/KotlinPropertyStub
instanceKlass org/jetbrains/kotlin/psi/KtFunction
instanceKlass org/jetbrains/kotlin/psi/KtDeclarationWithBody
instanceKlass org/jetbrains/kotlin/psi/KtCallableDeclaration
instanceKlass org/jetbrains/kotlin/psi/KtDeclarationWithInitializer
instanceKlass org/jetbrains/kotlin/psi/stubs/KotlinFunctionStub
instanceKlass org/jetbrains/kotlin/psi/stubs/KotlinDeclarationWithBodyStub
instanceKlass org/jetbrains/kotlin/psi/stubs/KotlinCallableStubBase
instanceKlass org/jetbrains/kotlin/com/intellij/psi/PsiRecursiveVisitor
instanceKlass org/jetbrains/kotlin/com/intellij/psi/impl/source/tree/TreeElementVisitor
instanceKlass org/jetbrains/kotlin/com/intellij/psi/impl/source/SubstrateRef
instanceKlass org/jetbrains/kotlin/com/intellij/psi/search/ProjectAwareFileFilter
instanceKlass org/jetbrains/kotlin/com/intellij/openapi/vfs/VirtualFileFilter
instanceKlass org/jetbrains/kotlin/com/intellij/psi/search/SearchScope
instanceKlass org/jetbrains/kotlin/psi/stubs/KotlinClassStub
instanceKlass org/jetbrains/kotlin/psi/stubs/KotlinClassOrObjectStub
instanceKlass org/jetbrains/kotlin/psi/stubs/KotlinStubWithFqName
instanceKlass org/jetbrains/kotlin/com/intellij/psi/stubs/NamedStub
instanceKlass org/jetbrains/kotlin/psi/stubs/KotlinClassifierStub
instanceKlass org/jetbrains/kotlin/com/intellij/psi/StubBasedPsiElement
instanceKlass org/jetbrains/kotlin/psi/KtTypeParameterListOwner
instanceKlass org/jetbrains/kotlin/psi/KtPureClassOrObject
instanceKlass org/jetbrains/kotlin/psi/KtDeclarationContainer
instanceKlass org/jetbrains/kotlin/psi/KtClassLikeDeclaration
instanceKlass org/jetbrains/kotlin/psi/KtNamedDeclaration
instanceKlass org/jetbrains/kotlin/psi/KtStatementExpression
instanceKlass org/jetbrains/kotlin/psi/KtNamed
instanceKlass org/jetbrains/kotlin/psi/KtDeclaration
instanceKlass org/jetbrains/kotlin/psi/KtModifierListOwner
instanceKlass org/jetbrains/kotlin/psi/KtAnnotated
instanceKlass org/jetbrains/kotlin/psi/KtExpression
instanceKlass org/jetbrains/kotlin/psi/KtElement
instanceKlass org/jetbrains/kotlin/psi/KtPureElement
instanceKlass org/jetbrains/kotlin/psi/stubs/elements/KtStubElementTypes
instanceKlass org/jetbrains/kotlin/psi/stubs/KotlinFileStub
instanceKlass org/jetbrains/kotlin/psi/impl/KotlinElementTypeProviderImpl
instanceKlass org/jetbrains/kotlin/KotlinElementTypeProvider$Companion
instanceKlass org/jetbrains/kotlin/KotlinElementTypeProvider
instanceKlass org/jetbrains/kotlin/KtStubBasedElementTypes
instanceKlass org/jetbrains/kotlin/KtNodeTypes
instanceKlass org/jetbrains/kotlin/parsing/KotlinParserDefinition$Companion
instanceKlass org/jetbrains/kotlin/parsing/KotlinCommonParserDefinition
instanceKlass sun/invoke/util/VerifyAccess$1
instanceKlass javax/swing/Icon
instanceKlass org/jetbrains/kotlin/com/intellij/util/keyFMap/OneElementFMap
instanceKlass org/jetbrains/kotlin/com/intellij/openapi/extensions/impl/ExtensionsAreaImplKt
instanceKlass kotlinx/coroutines/IncompleteStateBox
instanceKlass kotlinx/coroutines/internal/LockFreeLinkedListNode
instanceKlass kotlin/coroutines/jvm/internal/CompletedContinuation
instanceKlass org/jetbrains/kotlin/com/intellij/ide/plugins/KotlinK2ModeCompatibilityCheckerKt
instanceKlass org/jetbrains/kotlin/com/intellij/openapi/util/BuildNumber
instanceKlass org/jetbrains/kotlin/kotlinx/collections/immutable/implementations/immutableMap/TrieNode$Companion
instanceKlass org/jetbrains/kotlin/kotlinx/collections/immutable/implementations/immutableMap/TrieNode
instanceKlass org/jetbrains/kotlin/kotlinx/collections/immutable/implementations/immutableMap/PersistentHashMap$Companion
instanceKlass kotlin/collections/AbstractMap$Companion
instanceKlass kotlin/collections/AbstractMap
instanceKlass org/jetbrains/kotlin/kotlinx/collections/immutable/PersistentMap
instanceKlass org/jetbrains/kotlin/kotlinx/collections/immutable/ImmutableMap
instanceKlass org/jetbrains/kotlin/kotlinx/collections/immutable/internal/EndOfChain
instanceKlass org/jetbrains/kotlin/kotlinx/collections/immutable/implementations/persistentOrderedSet/PersistentOrderedSet$Companion
instanceKlass org/jetbrains/kotlin/com/intellij/ide/plugins/PluginManagerCore
instanceKlass org/jetbrains/kotlin/com/intellij/ide/plugins/PluginContentDescriptor$Companion
instanceKlass org/jetbrains/kotlin/com/intellij/ide/plugins/PluginContentDescriptor
instanceKlass org/jetbrains/kotlin/com/intellij/ide/plugins/IdeaPluginDescriptorImpl
instanceKlass org/jetbrains/kotlin/com/intellij/ide/plugins/IdeaPluginDescriptor
instanceKlass org/jetbrains/kotlin/org/codehaus/stax2/ri/typed/ValueDecoderFactory
instanceKlass org/jetbrains/kotlin/com/fasterxml/aalto/in/ByteBasedPNameTable$Bucket
instanceKlass org/jetbrains/kotlin/com/intellij/openapi/extensions/ExtensionPointDescriptor
instanceKlass org/jetbrains/kotlin/com/fasterxml/aalto/util/DataUtil
instanceKlass org/jetbrains/kotlin/com/fasterxml/aalto/in/ElementScope
instanceKlass org/jetbrains/kotlin/com/fasterxml/aalto/in/ByteBasedPNameFactory
instanceKlass org/jetbrains/kotlin/com/intellij/ide/plugins/ModuleDependenciesDescriptor$Companion
instanceKlass org/jetbrains/kotlin/com/intellij/ide/plugins/ModuleDependenciesDescriptor
instanceKlass org/jetbrains/kotlin/com/intellij/ide/plugins/ContainerDescriptor
instanceKlass org/jetbrains/kotlin/com/intellij/ide/plugins/RawPluginDescriptor
instanceKlass org/jetbrains/kotlin/com/fasterxml/aalto/util/BufferRecycler
instanceKlass org/jetbrains/kotlin/com/fasterxml/aalto/util/NameTable
instanceKlass org/jetbrains/kotlin/com/fasterxml/aalto/util/XmlCharTypes
instanceKlass org/jetbrains/kotlin/com/fasterxml/aalto/in/AttributeCollector
instanceKlass org/jetbrains/kotlin/com/fasterxml/aalto/util/TextBuilder
instanceKlass org/jetbrains/kotlin/com/fasterxml/aalto/in/FixedNsContext
instanceKlass org/jetbrains/kotlin/com/fasterxml/aalto/in/NsBinding
instanceKlass org/jetbrains/kotlin/com/fasterxml/aalto/in/PName
instanceKlass org/jetbrains/kotlin/org/codehaus/stax2/XMLStreamLocation2
instanceKlass org/jetbrains/kotlin/org/codehaus/stax2/typed/TypedValueDecoder
instanceKlass org/jetbrains/kotlin/com/fasterxml/aalto/stax/StreamReaderImpl
instanceKlass org/jetbrains/kotlin/org/codehaus/stax2/XMLStreamReader2
instanceKlass org/jetbrains/kotlin/org/codehaus/stax2/typed/TypedXMLStreamReader
instanceKlass javax/xml/stream/XMLStreamReader
instanceKlass org/jetbrains/kotlin/org/codehaus/stax2/LocationInfo
instanceKlass org/jetbrains/kotlin/com/fasterxml/aalto/in/XmlScanner
instanceKlass javax/xml/stream/XMLStreamConstants
instanceKlass javax/xml/namespace/NamespaceContext
instanceKlass javax/xml/stream/Location
instanceKlass org/jetbrains/kotlin/com/fasterxml/aalto/in/InputBootstrapper
instanceKlass org/jetbrains/kotlin/com/fasterxml/aalto/util/UriCanonicalizer
instanceKlass org/jetbrains/kotlin/com/fasterxml/aalto/in/ReaderConfig$EncodingContext
instanceKlass org/jetbrains/kotlin/com/fasterxml/aalto/impl/CommonConfig
instanceKlass org/jetbrains/kotlin/com/intellij/util/xml/dom/StaxFactory
instanceKlass org/jetbrains/kotlin/kotlinx/collections/immutable/internal/DeltaCounter
instanceKlass org/jetbrains/kotlin/kotlinx/collections/immutable/implementations/immutableSet/TrieNodeKt
instanceKlass org/jetbrains/kotlin/kotlinx/collections/immutable/internal/MutabilityOwnership
instanceKlass org/jetbrains/kotlin/kotlinx/collections/immutable/PersistentSet$Builder
instanceKlass org/jetbrains/kotlin/kotlinx/collections/immutable/PersistentCollection$Builder
instanceKlass org/jetbrains/kotlin/com/intellij/ide/plugins/XmlReader
instanceKlass org/jetbrains/kotlin/com/intellij/ide/plugins/ImmutableZipFileDataLoader
instanceKlass org/jetbrains/kotlin/com/intellij/ide/plugins/DataLoader
instanceKlass org/jetbrains/kotlin/com/intellij/ide/plugins/NonShareableJavaZipFilePool$load$1
instanceKlass org/jetbrains/kotlin/com/intellij/util/lang/ZipFilePool$EntryResolver
instanceKlass org/jetbrains/kotlin/com/intellij/util/lang/ZipFilePool
instanceKlass kotlinx/coroutines/internal/OpDescriptor
instanceKlass kotlinx/coroutines/DispatchedTaskKt
instanceKlass kotlinx/coroutines/CompletedExceptionally
instanceKlass kotlinx/coroutines/EventLoop_commonKt
instanceKlass kotlinx/coroutines/AbstractTimeSourceKt
instanceKlass kotlinx/coroutines/CompletionStateKt
instanceKlass kotlinx/coroutines/internal/ThreadContextKt
instanceKlass kotlinx/coroutines/internal/DispatchedContinuationKt
instanceKlass kotlinx/coroutines/scheduling/Task
instanceKlass kotlin/coroutines/jvm/internal/DebugProbesKt
instanceKlass kotlin/coroutines/intrinsics/IntrinsicsKt__IntrinsicsJvmKt
instanceKlass kotlinx/coroutines/intrinsics/CancellableKt
instanceKlass kotlinx/coroutines/CoroutineStart$WhenMappings
instanceKlass kotlin/coroutines/CombinedContext
instanceKlass kotlinx/coroutines/Job$DefaultImpls
instanceKlass kotlin/coroutines/CoroutineContext$DefaultImpls
instanceKlass kotlinx/coroutines/NonDisposableHandle
instanceKlass kotlinx/coroutines/ChildHandle
instanceKlass kotlinx/coroutines/DisposableHandle
instanceKlass kotlinx/coroutines/Job$Key
instanceKlass kotlinx/coroutines/Empty
instanceKlass kotlinx/coroutines/Incomplete
instanceKlass kotlinx/coroutines/JobSupportKt
instanceKlass kotlinx/coroutines/JobSupport
instanceKlass kotlinx/coroutines/ParentJob
instanceKlass kotlinx/coroutines/ChildJob
instanceKlass kotlinx/coroutines/Job
instanceKlass kotlin/coroutines/ContinuationInterceptor$DefaultImpls
instanceKlass kotlinx/coroutines/DefaultExecutorKt
instanceKlass kotlinx/coroutines/internal/LimitedDispatcherKt
instanceKlass java/util/concurrent/atomic/AtomicReferenceArray
instanceKlass kotlinx/coroutines/internal/LockFreeTaskQueueCore$Companion
instanceKlass kotlinx/coroutines/internal/LockFreeTaskQueueCore
instanceKlass kotlinx/coroutines/internal/ResizableAtomicArray
instanceKlass kotlinx/coroutines/internal/LockFreeTaskQueue
instanceKlass kotlinx/coroutines/scheduling/CoroutineScheduler$Companion
instanceKlass kotlinx/coroutines/scheduling/CoroutineScheduler
instanceKlass java/util/concurrent/Executor
instanceKlass kotlinx/coroutines/scheduling/TaskContextImpl
instanceKlass kotlinx/coroutines/scheduling/TaskContext
instanceKlass kotlinx/coroutines/scheduling/SchedulerTimeSource
instanceKlass kotlinx/coroutines/internal/SystemPropsKt__SystemProps_commonKt
instanceKlass kotlinx/coroutines/scheduling/TasksKt
instanceKlass kotlinx/coroutines/Dispatchers
instanceKlass kotlinx/coroutines/internal/SystemPropsKt__SystemPropsKt
instanceKlass kotlinx/coroutines/internal/SystemPropsKt
instanceKlass kotlinx/coroutines/DebugKt
instanceKlass kotlinx/coroutines/CopyableThreadContextElement
instanceKlass kotlinx/coroutines/ThreadContextElement
instanceKlass kotlin/coroutines/CoroutineContext$Element$DefaultImpls
instanceKlass kotlinx/coroutines/CoroutineContextKt
instanceKlass kotlinx/coroutines/GlobalScope
instanceKlass java/util/concurrent/atomic/AtomicIntegerFieldUpdater$AtomicIntegerFieldUpdaterImpl$1
instanceKlass java/util/concurrent/atomic/AtomicIntegerFieldUpdater
instanceKlass kotlin/coroutines/AbstractCoroutineContextKey
instanceKlass kotlin/coroutines/AbstractCoroutineContextElement
instanceKlass kotlinx/coroutines/Delay
instanceKlass kotlinx/coroutines/EventLoopKt
instanceKlass kotlinx/coroutines/internal/ThreadLocalKt
instanceKlass kotlinx/coroutines/internal/Symbol
instanceKlass kotlinx/coroutines/ThreadLocalEventLoop
instanceKlass kotlin/coroutines/ContinuationInterceptor$Key
instanceKlass kotlin/coroutines/CoroutineContext$Key
instanceKlass kotlin/coroutines/ContinuationInterceptor
instanceKlass kotlin/coroutines/CoroutineContext$Element
instanceKlass kotlin/coroutines/EmptyCoroutineContext
instanceKlass kotlin/coroutines/CoroutineContext
instanceKlass kotlinx/coroutines/BuildersKt__BuildersKt
instanceKlass kotlinx/coroutines/BuildersKt
instanceKlass kotlin/coroutines/jvm/internal/BaseContinuationImpl
instanceKlass kotlin/coroutines/jvm/internal/CoroutineStackFrame
instanceKlass kotlin/coroutines/Continuation
instanceKlass kotlin/coroutines/jvm/internal/SuspendFunction
instanceKlass org/jetbrains/kotlin/com/intellij/ide/plugins/MyXmlInterner
instanceKlass org/jetbrains/kotlin/com/intellij/util/xml/dom/XmlInterner
instanceKlass org/jetbrains/kotlin/com/intellij/ide/plugins/DescriptorListLoadingContext
instanceKlass org/jetbrains/kotlin/com/intellij/ide/plugins/ReadModuleContext
instanceKlass org/jetbrains/kotlin/com/intellij/ide/plugins/PluginXmlPathResolver$Companion
instanceKlass org/jetbrains/kotlin/com/intellij/ide/plugins/PluginXmlPathResolver
instanceKlass org/jetbrains/kotlin/com/intellij/ide/plugins/PathResolver
instanceKlass org/jetbrains/kotlin/com/intellij/ide/plugins/PluginDescriptorLoader
instanceKlass org/jetbrains/kotlin/com/intellij/psi/JavaModuleSystem
instanceKlass org/jetbrains/kotlin/com/intellij/psi/impl/compiled/ClsCustomNavigationPolicy
instanceKlass org/jetbrains/kotlin/cli/jvm/compiler/IdeaExtensionPoints
instanceKlass org/jetbrains/kotlin/com/intellij/psi/impl/smartPointers/SmartPointerAnchorProvider
instanceKlass org/jetbrains/kotlin/com/intellij/codeInsight/runner/JavaMainMethodProvider
instanceKlass org/jetbrains/kotlin/com/intellij/openapi/util/NotNullLazyValue
instanceKlass org/jetbrains/kotlin/com/intellij/psi/augment/PsiAugmentProvider
instanceKlass org/jetbrains/kotlin/com/intellij/psi/meta/MetaDataContributor
instanceKlass org/jetbrains/kotlin/com/intellij/psi/FileContextProvider
instanceKlass org/jetbrains/kotlin/cli/jvm/compiler/DummyJavaFileCodeStyleFacadeFactory
instanceKlass org/jetbrains/kotlin/com/intellij/psi/codeStyle/JavaFileCodeStyleFacadeFactory
instanceKlass org/jetbrains/kotlin/com/intellij/util/containers/CanonicalHashingStrategy
instanceKlass org/jetbrains/kotlin/com/intellij/util/containers/ConcurrentRefHashMap$HardKey
instanceKlass org/jetbrains/kotlin/com/intellij/util/containers/ConcurrentRefHashMap$1
instanceKlass org/jetbrains/kotlin/com/intellij/util/containers/ConcurrentRefHashMap$KeyReference
instanceKlass org/jetbrains/kotlin/com/intellij/psi/FileViewProvider
instanceKlass org/jetbrains/kotlin/com/intellij/psi/compiled/ClsStubBuilder
instanceKlass org/jetbrains/kotlin/com/intellij/psi/compiled/ClassFileDecompilers$Full
instanceKlass org/jetbrains/kotlin/com/intellij/openapi/extensions/ExtensionPointAdapter
instanceKlass java/util/TimSort
instanceKlass java/util/Arrays$LegacyMergeSort
instanceKlass org/jetbrains/kotlin/com/intellij/openapi/components/Service
instanceKlass org/jetbrains/kotlin/com/intellij/psi/compiled/ClassFileDecompilers
instanceKlass org/jetbrains/kotlin/com/intellij/psi/compiled/ClassFileDecompilers$Decompiler
instanceKlass org/jetbrains/kotlin/com/intellij/psi/util/MethodSignature
instanceKlass org/jetbrains/kotlin/com/intellij/openapi/application/QueryExecutorBase
instanceKlass org/jetbrains/kotlin/com/intellij/util/QueryExecutor
instanceKlass org/jetbrains/kotlin/com/intellij/psi/search/searches/SuperMethodsSearch$1
instanceKlass org/jetbrains/kotlin/com/intellij/openapi/extensions/ExtensionPointListener$Companion
instanceKlass org/jetbrains/kotlin/com/intellij/psi/search/searches/SmartExtensionPoint$1
instanceKlass org/jetbrains/kotlin/com/intellij/openapi/extensions/ExtensionPointAndAreaListener
instanceKlass org/jetbrains/kotlin/com/intellij/psi/search/searches/SmartExtensionPoint
instanceKlass org/jetbrains/kotlin/com/intellij/util/Query
instanceKlass org/jetbrains/kotlin/com/intellij/util/QueryFactory
instanceKlass org/jetbrains/kotlin/com/intellij/openapi/util/registry/RegistryValue
instanceKlass org/jetbrains/kotlin/com/intellij/openapi/util/registry/Registry$1
instanceKlass org/jetbrains/kotlin/com/intellij/openapi/util/registry/RegistryValueListener
instanceKlass org/jetbrains/kotlin/com/intellij/openapi/util/registry/Registry
instanceKlass org/jetbrains/kotlin/com/intellij/lang/folding/FoldingBuilderEx
instanceKlass org/jetbrains/kotlin/com/intellij/openapi/project/DumbAware
instanceKlass org/jetbrains/kotlin/com/intellij/lang/folding/FoldingBuilder
instanceKlass org/jetbrains/kotlin/com/intellij/openapi/project/PossiblyDumbAware
instanceKlass org/jetbrains/kotlin/com/intellij/codeInsight/folding/JavaCodeFoldingSettings
instanceKlass org/jetbrains/kotlin/com/intellij/psi/PsiParameter
instanceKlass org/jetbrains/kotlin/com/intellij/lang/jvm/JvmParameter
instanceKlass org/jetbrains/kotlin/com/intellij/psi/presentation/java/VariablePresentationProvider
instanceKlass org/jetbrains/kotlin/com/intellij/psi/PsiLocalVariable
instanceKlass org/jetbrains/kotlin/com/intellij/psi/presentation/java/FieldPresentationProvider
instanceKlass org/jetbrains/kotlin/com/intellij/psi/PsiField
instanceKlass org/jetbrains/kotlin/com/intellij/psi/PsiVariable
instanceKlass org/jetbrains/kotlin/com/intellij/lang/jvm/JvmField
instanceKlass org/jetbrains/kotlin/com/intellij/psi/presentation/java/MethodPresentationProvider
instanceKlass org/jetbrains/kotlin/com/intellij/psi/PsiMethod
instanceKlass org/jetbrains/kotlin/com/intellij/psi/PsiParameterListOwner
instanceKlass org/jetbrains/kotlin/com/intellij/lang/jvm/JvmMethod
instanceKlass org/jetbrains/kotlin/com/intellij/psi/presentation/java/ClassPresentationProvider
instanceKlass org/jetbrains/kotlin/com/intellij/psi/PsiClass
instanceKlass org/jetbrains/kotlin/com/intellij/psi/PsiTypeParameterListOwner
instanceKlass org/jetbrains/kotlin/com/intellij/psi/PsiJvmMember
instanceKlass org/jetbrains/kotlin/com/intellij/psi/PsiTarget
instanceKlass org/jetbrains/kotlin/com/intellij/psi/PsiNameIdentifierOwner
instanceKlass org/jetbrains/kotlin/com/intellij/psi/PsiDocCommentOwner
instanceKlass org/jetbrains/kotlin/com/intellij/psi/PsiMember
instanceKlass org/jetbrains/kotlin/com/intellij/psi/PsiJavaDocumentedElement
instanceKlass org/jetbrains/kotlin/com/intellij/pom/PomRenameableTarget
instanceKlass org/jetbrains/kotlin/com/intellij/pom/PomNamedTarget
instanceKlass org/jetbrains/kotlin/com/intellij/pom/PomTarget
instanceKlass org/jetbrains/kotlin/com/intellij/lang/jvm/JvmClass
instanceKlass org/jetbrains/kotlin/com/intellij/lang/jvm/JvmTypeParametersOwner
instanceKlass org/jetbrains/kotlin/com/intellij/lang/jvm/JvmMember
instanceKlass org/jetbrains/kotlin/com/intellij/lang/jvm/JvmTypeDeclaration
instanceKlass org/jetbrains/kotlin/com/intellij/navigation/ItemPresentation
instanceKlass org/jetbrains/kotlin/com/intellij/psi/presentation/java/PackagePresentationProvider
instanceKlass org/jetbrains/kotlin/com/intellij/navigation/ItemPresentationProvider
instanceKlass org/jetbrains/kotlin/com/intellij/psi/PsiPackage
instanceKlass org/jetbrains/kotlin/com/intellij/psi/PsiQualifiedNamedElement
instanceKlass org/jetbrains/kotlin/com/intellij/psi/PsiJvmModifiersOwner
instanceKlass org/jetbrains/kotlin/com/intellij/psi/PsiModifierListOwner
instanceKlass org/jetbrains/kotlin/com/intellij/lang/jvm/JvmModifiersOwner
instanceKlass org/jetbrains/kotlin/com/intellij/psi/PsiDirectoryContainer
instanceKlass org/jetbrains/kotlin/com/intellij/lang/jvm/JvmPackage
instanceKlass org/jetbrains/kotlin/com/intellij/lang/jvm/JvmNamedElement
instanceKlass org/jetbrains/kotlin/com/intellij/lang/jvm/JvmAnnotatedElement
instanceKlass org/jetbrains/kotlin/com/intellij/lang/jvm/JvmElement
instanceKlass org/jetbrains/kotlin/com/intellij/openapi/projectRoots/JavaVersionService
instanceKlass org/jetbrains/kotlin/com/intellij/psi/JavaDirectoryService
instanceKlass org/jetbrains/kotlin/com/intellij/psi/PsiSubstitutor
instanceKlass org/jetbrains/kotlin/com/intellij/psi/PsiSubstitutorFactory
instanceKlass org/jetbrains/kotlin/com/intellij/openapi/util/ModificationTracker$1
instanceKlass org/jetbrains/kotlin/com/intellij/psi/impl/file/PsiPackageImplementationHelper
instanceKlass org/jetbrains/kotlin/com/intellij/openapi/extensions/impl/ExtensionPointImplKt
instanceKlass org/jetbrains/kotlin/com/intellij/openapi/extensions/impl/ExtensionComponentAdapter
instanceKlass org/jetbrains/kotlin/com/intellij/openapi/extensions/LoadingOrder$Orderable
instanceKlass kotlin/text/DelimitedRangesSequence$iterator$1
instanceKlass kotlin/text/DelimitedRangesSequence
instanceKlass org/jetbrains/kotlin/com/intellij/openapi/extensions/LoadingOrder$Companion
instanceKlass org/jetbrains/kotlin/com/intellij/openapi/extensions/LoadingOrder
instanceKlass org/jetbrains/kotlin/com/intellij/codeInsight/JavaContainerProvider
instanceKlass org/jetbrains/kotlin/com/intellij/codeInsight/ContainerProvider
instanceKlass org/jetbrains/kotlin/com/intellij/psi/impl/PsiExpressionEvaluator
instanceKlass org/jetbrains/kotlin/com/intellij/psi/impl/ConstantExpressionEvaluator
instanceKlass org/jetbrains/kotlin/com/intellij/psi/stubs/IndexSink
instanceKlass org/jetbrains/kotlin/com/intellij/util/diff/FlyweightCapableTreeStructure
instanceKlass org/jetbrains/kotlin/com/intellij/psi/impl/java/stubs/PsiJavaFileStub
instanceKlass org/jetbrains/kotlin/com/intellij/psi/stubs/PsiClassHolderFileStub
instanceKlass org/jetbrains/kotlin/com/intellij/psi/stubs/LightStubBuilder
instanceKlass org/jetbrains/kotlin/com/intellij/psi/stubs/PsiFileStub
instanceKlass org/jetbrains/kotlin/com/intellij/psi/stubs/StubElement
instanceKlass org/jetbrains/kotlin/com/intellij/psi/stubs/Stub
instanceKlass org/jetbrains/kotlin/com/intellij/psi/StubBuilder
instanceKlass org/jetbrains/kotlin/com/intellij/psi/stubs/StubSerializer
instanceKlass org/jetbrains/kotlin/com/intellij/psi/stubs/ObjectStubSerializer
instanceKlass org/jetbrains/kotlin/com/intellij/lang/java/JavaParserDefinition
instanceKlass org/jetbrains/kotlin/com/intellij/psi/javadoc/PsiDocToken
instanceKlass org/jetbrains/kotlin/com/intellij/psi/javadoc/PsiSnippetAttributeValue
instanceKlass org/jetbrains/kotlin/com/intellij/psi/PsiFragment
instanceKlass org/jetbrains/kotlin/com/intellij/psi/PsiLiteralValue
instanceKlass org/jetbrains/kotlin/com/intellij/psi/PsiKeyword
instanceKlass org/jetbrains/kotlin/com/intellij/psi/PsiIdentifier
instanceKlass org/jetbrains/kotlin/com/intellij/psi/PsiJavaToken
instanceKlass org/jetbrains/kotlin/com/intellij/psi/javadoc/PsiDocTagValue
instanceKlass org/jetbrains/kotlin/com/intellij/psi/impl/compiled/ClassFileStubBuilder
instanceKlass org/jetbrains/kotlin/com/intellij/psi/stubs/BinaryFileStubBuilder$CompositeBinaryFileStubBuilder
instanceKlass org/jetbrains/kotlin/com/intellij/psi/stubs/BinaryFileStubBuilder
instanceKlass org/jetbrains/kotlin/com/intellij/psi/ClassFileViewProviderFactory
instanceKlass org/jetbrains/kotlin/com/intellij/psi/FileViewProviderFactory
instanceKlass org/jetbrains/kotlin/com/intellij/openapi/util/Condition$3
instanceKlass org/jetbrains/kotlin/com/intellij/openapi/util/Condition$2
instanceKlass org/jetbrains/kotlin/com/intellij/openapi/util/Condition$1
instanceKlass org/jetbrains/kotlin/com/intellij/openapi/util/Condition
instanceKlass org/jetbrains/kotlin/com/intellij/openapi/util/Conditions
instanceKlass org/jetbrains/kotlin/com/intellij/psi/tree/IElementType$Predicate
instanceKlass org/jetbrains/kotlin/com/intellij/lexer/Lexer
instanceKlass org/jetbrains/kotlin/com/intellij/openapi/fileTypes/PlainTextParserDefinition
instanceKlass org/jetbrains/kotlin/kotlinx/collections/immutable/implementations/immutableList/AbstractListIterator
instanceKlass org/jetbrains/kotlin/kotlinx/collections/immutable/internal/ListImplementation
instanceKlass org/jetbrains/kotlin/com/intellij/lang/LanguageUtil
instanceKlass org/jetbrains/kotlin/kotlinx/collections/immutable/implementations/immutableSet/TrieNodeIterator
instanceKlass org/jetbrains/kotlin/kotlinx/collections/immutable/implementations/immutableSet/PersistentHashSetIterator
instanceKlass org/jetbrains/kotlin/com/intellij/util/containers/ContainerUtil$9$1
instanceKlass org/jetbrains/kotlin/com/intellij/util/containers/ContainerUtil$9
instanceKlass org/jetbrains/kotlin/com/intellij/psi/PsiPlainText
instanceKlass org/jetbrains/kotlin/com/intellij/lang/ASTFactory$DefaultFactoryHolder
instanceKlass org/jetbrains/kotlin/com/intellij/ide/highlighter/ArchiveFileType
instanceKlass org/jetbrains/kotlin/kotlinx/collections/immutable/implementations/immutableSet/TrieNode$Companion
instanceKlass org/jetbrains/kotlin/kotlinx/collections/immutable/implementations/immutableSet/TrieNode
instanceKlass org/jetbrains/kotlin/kotlinx/collections/immutable/implementations/immutableSet/PersistentHashSet$Companion
instanceKlass kotlin/collections/AbstractSet$Companion
instanceKlass org/jetbrains/kotlin/kotlinx/collections/immutable/PersistentSet
instanceKlass org/jetbrains/kotlin/kotlinx/collections/immutable/ImmutableSet
instanceKlass org/jetbrains/kotlin/com/intellij/openapi/fileTypes/LanguageFileType
instanceKlass org/jetbrains/kotlin/com/intellij/ide/highlighter/JavaClassFileType
instanceKlass org/jetbrains/kotlin/com/intellij/DynamicBundle$LanguageBundleEP
instanceKlass org/jetbrains/kotlin/com/intellij/util/pico/CachingConstructorInjectionComponentAdapter
instanceKlass org/jetbrains/kotlin/com/intellij/openapi/application/ApplicationInfo
instanceKlass org/jetbrains/kotlin/com/intellij/util/graph/GraphAlgorithms
instanceKlass org/jetbrains/kotlin/com/intellij/util/messages/impl/MessagePublisher
instanceKlass org/jetbrains/kotlin/com/intellij/util/messages/impl/CompositeMessageBus$WhenMappings
instanceKlass org/jetbrains/kotlin/com/intellij/openapi/command/impl/CoreCommandProcessor$1
instanceKlass org/jetbrains/kotlin/com/intellij/openapi/command/CommandListener
instanceKlass org/jetbrains/kotlin/com/intellij/openapi/command/CommandToken
instanceKlass org/jetbrains/kotlin/com/intellij/openapi/command/CommandProcessor
instanceKlass org/jetbrains/kotlin/com/intellij/codeInsight/folding/CodeFoldingSettings
instanceKlass org/jetbrains/kotlin/com/intellij/util/containers/Unsafe
instanceKlass org/jetbrains/kotlin/com/intellij/util/ConcurrentLongObjectHashMap$CounterCell
instanceKlass org/jetbrains/kotlin/com/intellij/util/ConcurrentLongObjectHashMap$Node
instanceKlass org/jetbrains/kotlin/com/intellij/util/containers/ConcurrentLongObjectMap$LongEntry
instanceKlass org/jetbrains/kotlin/com/intellij/util/ConcurrentLongObjectHashMap
instanceKlass org/jetbrains/kotlin/com/intellij/util/containers/ConcurrentLongObjectMap
instanceKlass org/jetbrains/kotlin/io/opentelemetry/api/trace/SpanBuilder
instanceKlass org/jetbrains/kotlin/io/opentelemetry/api/trace/DefaultTracer
instanceKlass org/jetbrains/kotlin/io/opentelemetry/api/trace/DefaultTracerProvider
instanceKlass org/jetbrains/kotlin/io/opentelemetry/api/trace/TracerProvider
instanceKlass org/jetbrains/kotlin/com/intellij/platform/diagnostic/telemetry/IJNoopTracer
instanceKlass org/jetbrains/kotlin/com/intellij/platform/diagnostic/telemetry/IJTracer
instanceKlass org/jetbrains/kotlin/io/opentelemetry/api/trace/Tracer
instanceKlass org/jetbrains/kotlin/com/intellij/platform/diagnostic/telemetry/PlatformScopesKt
instanceKlass org/jetbrains/kotlin/com/intellij/platform/diagnostic/telemetry/Scope
instanceKlass org/jetbrains/kotlin/com/intellij/openapi/progress/impl/ProgressManagerScopeKt
instanceKlass org/jetbrains/kotlin/com/intellij/platform/diagnostic/telemetry/NoopTelemetryManager
instanceKlass org/jetbrains/kotlin/com/intellij/platform/diagnostic/telemetry/TelemetryManagerKt
instanceKlass org/jetbrains/kotlin/com/intellij/platform/diagnostic/telemetry/TelemetryManager$Companion
instanceKlass org/jetbrains/kotlin/com/intellij/platform/diagnostic/telemetry/TelemetryManager
instanceKlass java/util/concurrent/Future
instanceKlass org/jetbrains/kotlin/com/intellij/openapi/progress/PerformInBackgroundOption
instanceKlass org/jetbrains/kotlin/com/intellij/openapi/progress/ProgressIndicator
instanceKlass org/jetbrains/kotlin/com/intellij/openapi/progress/Task
instanceKlass org/jetbrains/kotlin/com/intellij/openapi/progress/TaskInfo
instanceKlass org/jetbrains/kotlin/com/intellij/openapi/progress/Progressive
instanceKlass org/jetbrains/kotlin/com/intellij/psi/PsiReferenceService
instanceKlass org/jetbrains/kotlin/com/intellij/psi/stubs/ObjectStubTree
instanceKlass org/jetbrains/kotlin/com/intellij/psi/PsiFile
instanceKlass org/jetbrains/kotlin/com/intellij/psi/PsiFileSystemItem
instanceKlass org/jetbrains/kotlin/com/intellij/psi/PsiCheckedRenameElement
instanceKlass org/jetbrains/kotlin/com/intellij/psi/PsiNamedElement
instanceKlass org/jetbrains/kotlin/com/intellij/psi/NavigatablePsiElement
instanceKlass org/jetbrains/kotlin/com/intellij/psi/stubs/StubTreeLoader
instanceKlass org/jetbrains/kotlin/com/intellij/psi/PsiReferenceProviderBean
instanceKlass org/jetbrains/kotlin/com/intellij/psi/PsiReferenceContributor
instanceKlass org/jetbrains/kotlin/com/intellij/codeInsight/highlighting/PassRunningAssert
instanceKlass org/jetbrains/kotlin/it/unimi/dsi/fastutil/doubles/Double2ObjectMap
instanceKlass org/jetbrains/kotlin/it/unimi/dsi/fastutil/doubles/Double2ObjectFunction
instanceKlass java/util/function/DoubleFunction
instanceKlass org/jetbrains/kotlin/com/intellij/psi/PsiReferenceRegistrar
instanceKlass org/jetbrains/kotlin/com/intellij/psi/PsiReferenceProvider
instanceKlass org/jetbrains/kotlin/com/intellij/psi/impl/source/resolve/reference/ReferenceProvidersRegistry
instanceKlass org/jetbrains/kotlin/com/intellij/lang/PsiBuilder
instanceKlass org/jetbrains/kotlin/com/intellij/openapi/util/UserDataHolderUnprotected
instanceKlass org/jetbrains/kotlin/com/intellij/lang/SyntaxTreeBuilder
instanceKlass org/jetbrains/kotlin/com/intellij/lang/PsiBuilderFactory
instanceKlass java/util/regex/ASCII
instanceKlass org/jetbrains/kotlin/com/intellij/openapi/util/text/StringUtilRt
instanceKlass org/jetbrains/kotlin/com/intellij/psi/impl/source/CharTableImpl
instanceKlass org/jetbrains/kotlin/com/intellij/psi/PsiLanguageInjectionHost
instanceKlass org/jetbrains/kotlin/com/intellij/psi/PsiComment
instanceKlass org/jetbrains/kotlin/com/intellij/model/psi/UrlReferenceHost
instanceKlass org/jetbrains/kotlin/com/intellij/model/psi/PsiExternalReferenceHost
instanceKlass org/jetbrains/kotlin/com/intellij/navigation/NavigationItem
instanceKlass org/jetbrains/kotlin/com/intellij/pom/Navigatable
instanceKlass org/jetbrains/kotlin/com/intellij/psi/PsiWhiteSpace
instanceKlass org/jetbrains/kotlin/com/intellij/psi/PsiElement
instanceKlass org/jetbrains/kotlin/com/intellij/psi/tree/ILazyParseableElementTypeBase
instanceKlass org/jetbrains/kotlin/com/intellij/psi/tree/IElementType
instanceKlass org/jetbrains/kotlin/com/intellij/lang/FileASTNode
instanceKlass org/jetbrains/kotlin/com/intellij/openapi/util/Iconable
instanceKlass org/jetbrains/kotlin/com/intellij/psi/impl/ReparseableASTNode
instanceKlass org/jetbrains/kotlin/com/intellij/lang/ASTNode
instanceKlass org/jetbrains/kotlin/com/intellij/util/CharTable
instanceKlass org/jetbrains/kotlin/com/intellij/lang/ASTFactory
instanceKlass org/jetbrains/kotlin/com/intellij/lang/DefaultASTFactory
instanceKlass org/jetbrains/kotlin/com/intellij/openapi/vfs/encoding/EncodingRegistry
instanceKlass org/jetbrains/kotlin/com/intellij/openapi/extensions/impl/ImplementationClassResolver
instanceKlass org/jetbrains/kotlin/com/intellij/serviceContainer/LazyExtensionInstance
instanceKlass org/jetbrains/kotlin/com/intellij/openapi/extensions/PluginAware
instanceKlass org/jetbrains/kotlin/com/intellij/util/KeyedLazyInstance
instanceKlass org/jetbrains/kotlin/com/intellij/openapi/vfs/impl/BulkVirtualFileListenerAdapter
instanceKlass org/jetbrains/kotlin/com/intellij/util/messages/impl/BaseBusConnection
instanceKlass org/jetbrains/kotlin/com/intellij/util/messages/impl/MessageBusImpl$MessageHandlerHolder
instanceKlass org/jetbrains/kotlin/com/intellij/util/messages/MessageBusConnection
instanceKlass org/jetbrains/kotlin/com/intellij/util/messages/SimpleMessageBusConnection
instanceKlass org/jetbrains/kotlin/com/intellij/openapi/vfs/impl/VirtualFileManagerImpl$LoggingListener
instanceKlass java/util/AbstractMap$SimpleImmutableEntry
instanceKlass sun/misc/Unsafe
instanceKlass org/jetbrains/kotlin/com/intellij/util/ReflectionUtil
instanceKlass org/jetbrains/kotlin/com/intellij/openapi/vfs/newvfs/CachingVirtualFileSystem
instanceKlass java/util/concurrent/atomic/AtomicBoolean
instanceKlass java/util/concurrent/atomic/AtomicLongFieldUpdater$CASUpdater$1
instanceKlass java/util/concurrent/atomic/AtomicLongFieldUpdater
instanceKlass org/jetbrains/kotlin/com/intellij/openapi/extensions/ExtensionPointListener
instanceKlass org/jetbrains/kotlin/com/intellij/openapi/application/CachedSingletonsRegistry
instanceKlass org/jetbrains/kotlin/com/intellij/openapi/vfs/newvfs/BulkFileListener
instanceKlass org/jetbrains/kotlin/com/intellij/util/messages/Topic
instanceKlass org/jetbrains/kotlin/com/intellij/openapi/vfs/VirtualFileManager
instanceKlass org/jetbrains/kotlin/com/intellij/util/Java11Shim$Companion
instanceKlass org/jetbrains/kotlin/com/intellij/util/Java11Shim
instanceKlass org/jetbrains/kotlin/com/intellij/util/containers/UtilKt
instanceKlass org/jetbrains/kotlin/kotlinx/collections/immutable/internal/CommonFunctionsKt
instanceKlass org/jetbrains/kotlin/kotlinx/collections/immutable/implementations/immutableList/SmallPersistentVector$Companion
instanceKlass org/jetbrains/kotlin/kotlinx/collections/immutable/implementations/immutableList/UtilsKt
instanceKlass org/jetbrains/kotlin/kotlinx/collections/immutable/ExtensionsKt
instanceKlass org/jetbrains/kotlin/kotlinx/collections/immutable/PersistentList
instanceKlass org/jetbrains/kotlin/kotlinx/collections/immutable/PersistentCollection
instanceKlass org/jetbrains/kotlin/kotlinx/collections/immutable/ImmutableList
instanceKlass org/jetbrains/kotlin/kotlinx/collections/immutable/ImmutableCollection
instanceKlass org/jetbrains/kotlin/com/intellij/openapi/extensions/impl/ExtensionPointImpl$Companion
instanceKlass org/jetbrains/kotlin/com/intellij/openapi/extensions/impl/ExtensionPointImpl
instanceKlass org/jetbrains/kotlin/com/intellij/openapi/extensions/ExtensionPoint
instanceKlass org/jetbrains/kotlin/com/intellij/openapi/extensions/PluginId
instanceKlass org/jetbrains/kotlin/com/intellij/openapi/extensions/DefaultPluginDescriptor
instanceKlass org/jetbrains/kotlin/com/intellij/openapi/vfs/VirtualFileManagerListener
instanceKlass java/util/EventObject
instanceKlass org/jetbrains/kotlin/com/intellij/openapi/editor/ex/DocumentEx
instanceKlass org/jetbrains/kotlin/com/intellij/openapi/editor/Document
instanceKlass org/jetbrains/kotlin/com/intellij/openapi/fileEditor/FileDocumentManager
instanceKlass org/jetbrains/kotlin/cli/jvm/modules/CoreJrtFileSystem$Companion
instanceKlass org/jetbrains/kotlin/com/intellij/util/containers/ConcurrentFactoryMap
instanceKlass org/jetbrains/kotlin/com/intellij/openapi/vfs/impl/ArchiveHandler
instanceKlass org/jetbrains/kotlin/com/intellij/util/Function
instanceKlass org/jetbrains/kotlin/com/intellij/util/EventDispatcher
instanceKlass org/jetbrains/kotlin/com/intellij/openapi/vfs/VirtualFileListener
instanceKlass org/jetbrains/kotlin/com/intellij/openapi/extensions/ExtensionPointName$Companion
instanceKlass org/jetbrains/kotlin/com/intellij/openapi/extensions/BaseExtensionPointName
instanceKlass java/util/EventListener
instanceKlass org/jetbrains/kotlin/com/intellij/util/ArrayUtil
instanceKlass org/jetbrains/kotlin/com/intellij/util/ArrayFactory
instanceKlass org/jetbrains/kotlin/com/intellij/openapi/extensions/Extensions
instanceKlass java/util/AbstractList$Itr
instanceKlass org/jetbrains/kotlin/com/intellij/openapi/extensions/impl/ExtensionsAreaImpl
instanceKlass org/jetbrains/kotlin/com/intellij/util/pico/DefaultPicoContainer$InstanceComponentAdapter
instanceKlass org/jetbrains/kotlin/com/intellij/util/pico/DefaultPicoContainer$LinkedHashSetWrapper
instanceKlass org/jetbrains/kotlin/org/picocontainer/ComponentAdapter
instanceKlass org/jetbrains/kotlin/com/intellij/util/messages/impl/MessageQueue
instanceKlass org/jetbrains/kotlin/com/intellij/util/messages/impl/CompositeMessageBusKt
instanceKlass org/jetbrains/kotlin/com/intellij/openapi/util/Disposer$1
instanceKlass java/util/concurrent/ConcurrentLinkedQueue$Node
instanceKlass org/jetbrains/kotlin/com/intellij/util/messages/impl/MessageBusImpl$Companion
instanceKlass org/jetbrains/kotlin/com/intellij/util/messages/impl/MessageBusImpl
instanceKlass org/jetbrains/kotlin/com/intellij/util/messages/impl/MessageBusEx
instanceKlass org/jetbrains/kotlin/com/intellij/util/messages/MessageBusFactory
instanceKlass org/jetbrains/kotlin/com/intellij/util/keyFMap/DebugFMap
instanceKlass org/jetbrains/kotlin/com/intellij/util/keyFMap/EmptyFMap
instanceKlass org/jetbrains/kotlin/com/intellij/util/keyFMap/KeyFMap
instanceKlass kotlinx/coroutines/CoroutineScope
instanceKlass org/jetbrains/kotlin/com/intellij/openapi/application/ModalityState
instanceKlass org/jetbrains/kotlin/com/intellij/openapi/extensions/ExtensionsArea
instanceKlass org/jetbrains/kotlin/com/intellij/util/pico/DefaultPicoContainer
instanceKlass org/jetbrains/kotlin/org/picocontainer/MutablePicoContainer
instanceKlass org/jetbrains/kotlin/org/picocontainer/PicoContainer
instanceKlass org/jetbrains/kotlin/com/intellij/util/messages/MessageBus
instanceKlass org/jetbrains/kotlin/com/intellij/openapi/fileTypes/UnknownFileType
instanceKlass org/jetbrains/kotlin/com/intellij/openapi/util/SystemInfoRt
instanceKlass org/jetbrains/kotlin/com/intellij/util/text/CharArrayCharSequence
instanceKlass org/jetbrains/kotlin/com/intellij/util/text/CharSequenceBackedByArray
instanceKlass org/jetbrains/kotlin/com/intellij/openapi/util/text/CharSequenceWithStringHash
instanceKlass org/jetbrains/kotlin/com/intellij/openapi/util/text/Strings
instanceKlass org/jetbrains/kotlin/com/intellij/util/text/StringKt
instanceKlass sun/nio/fs/UnixChannelFactory$1
instanceKlass sun/nio/fs/UnixChannelFactory$Flags
instanceKlass sun/nio/fs/UnixChannelFactory
instanceKlass sun/nio/fs/UnixFileModeAttribute
instanceKlass java/nio/file/attribute/FileAttribute
instanceKlass java/nio/channels/spi/AbstractInterruptibleChannel
instanceKlass java/nio/channels/InterruptibleChannel
instanceKlass java/nio/channels/ScatteringByteChannel
instanceKlass java/nio/channels/GatheringByteChannel
instanceKlass java/nio/channels/SeekableByteChannel
instanceKlass java/nio/channels/ByteChannel
instanceKlass java/nio/channels/WritableByteChannel
instanceKlass java/nio/channels/ReadableByteChannel
instanceKlass java/nio/channels/Channel
instanceKlass java/nio/file/FileChannelLinesSpliterator
instanceKlass java/util/function/UnaryOperator
instanceKlass org/jetbrains/kotlin/com/intellij/util/concurrency/SynchronizedClearableLazy$Companion
instanceKlass org/jetbrains/kotlin/com/intellij/util/concurrency/SynchronizedClearableLazy
instanceKlass org/jetbrains/kotlin/com/intellij/openapi/util/registry/EarlyAccessRegistryManagerKt
instanceKlass org/jetbrains/kotlin/com/intellij/openapi/util/registry/EarlyAccessRegistryManager
instanceKlass org/jetbrains/kotlin/com/intellij/ide/plugins/DisabledPluginsState$Companion
instanceKlass org/jetbrains/kotlin/com/intellij/ide/plugins/DisabledPluginsState
instanceKlass org/jetbrains/kotlin/com/intellij/ide/plugins/PluginEnabler$Headless
instanceKlass org/jetbrains/kotlin/com/intellij/ide/plugins/PluginEnabler
instanceKlass org/jetbrains/kotlin/cli/jvm/compiler/KotlinCoreApplicationEnvironmentMode$UnitTest
instanceKlass org/jetbrains/kotlin/cli/jvm/compiler/KotlinCoreApplicationEnvironment$Companion
instanceKlass org/jetbrains/kotlin/com/intellij/lang/ParserDefinition
instanceKlass org/jetbrains/kotlin/com/intellij/openapi/fileTypes/FileType
instanceKlass org/jetbrains/kotlin/com/intellij/openapi/util/KeyedExtensionCollector
instanceKlass org/jetbrains/kotlin/com/intellij/openapi/extensions/PluginDescriptor
instanceKlass org/jetbrains/kotlin/com/intellij/concurrency/JobLauncher
instanceKlass org/jetbrains/kotlin/com/intellij/openapi/progress/ProgressIndicatorProvider
instanceKlass org/jetbrains/kotlin/com/intellij/openapi/util/SimpleModificationTracker
instanceKlass org/jetbrains/kotlin/com/intellij/openapi/util/ModificationTracker
instanceKlass org/jetbrains/kotlin/com/intellij/openapi/vfs/VirtualFileSystem
instanceKlass org/jetbrains/kotlin/com/intellij/openapi/util/UserDataHolderEx
instanceKlass org/jetbrains/kotlin/com/intellij/util/messages/MessageBusOwner
instanceKlass org/jetbrains/kotlin/com/intellij/openapi/application/ex/ApplicationEx
instanceKlass org/jetbrains/kotlin/com/intellij/openapi/fileTypes/FileTypeRegistry
instanceKlass org/jetbrains/kotlin/com/intellij/openapi/application/Application
instanceKlass org/jetbrains/kotlin/com/intellij/openapi/components/ComponentManager
instanceKlass org/jetbrains/kotlin/com/intellij/openapi/util/UserDataHolder
instanceKlass org/jetbrains/kotlin/com/intellij/openapi/extensions/AreaInstance
instanceKlass org/jetbrains/kotlin/com/intellij/core/CoreApplicationEnvironment
instanceKlass org/jetbrains/kotlin/cli/jvm/compiler/KotlinCoreApplicationEnvironmentMode$Production
instanceKlass org/jetbrains/kotlin/cli/jvm/compiler/KotlinCoreApplicationEnvironmentMode
instanceKlass org/jetbrains/kotlin/cli/jvm/compiler/KotlinCoreEnvironment$Companion
instanceKlass org/jetbrains/kotlin/cli/jvm/compiler/KotlinCoreEnvironment
instanceKlass org/jetbrains/kotlin/cli/jvm/compiler/legacy/pipeline/JvmCompilerPipelineKt
instanceKlass org/jetbrains/kotlin/com/google/common/collect/LinkedHashMultimap$1
instanceKlass java/util/stream/MatchOps$BooleanTerminalSink
instanceKlass java/util/stream/MatchOps$MatchOp
instanceKlass java/util/stream/MatchOps
instanceKlass java/util/Spliterators$IteratorSpliterator
instanceKlass org/jetbrains/kotlin/cli/jvm/config/JvmClasspathRoot
instanceKlass org/jetbrains/kotlin/cli/jvm/config/JvmClasspathRootBase
instanceKlass kotlin/ResultKt
instanceKlass kotlin/Result$Failure
instanceKlass kotlin/Result$Companion
instanceKlass kotlin/Result
instanceKlass org/jetbrains/kotlin/utils/fileUtils/FileUtilsKt
instanceKlass org/jetbrains/kotlin/cli/jvm/config/JavaSourceRoot
instanceKlass org/jetbrains/kotlin/cli/jvm/config/JvmContentRoot
instanceKlass org/jetbrains/kotlin/cli/jvm/config/JvmContentRootBase
instanceKlass org/jetbrains/kotlin/cli/jvm/config/JvmContentRootsKt
instanceKlass org/jetbrains/kotlin/cli/common/config/KotlinSourceRoot
instanceKlass org/jetbrains/kotlin/cli/common/config/ContentRoot
instanceKlass org/jetbrains/kotlin/cli/common/config/ContentRootsKt
instanceKlass org/jetbrains/kotlin/cli/jvm/compiler/KotlinToJVMBytecodeCompilerKt
instanceKlass org/jetbrains/kotlin/cli/jvm/compiler/CoreEnvironmentUtilsKt
instanceKlass org/jetbrains/kotlin/cli/common/modules/ModuleChunk
instanceKlass org/jetbrains/kotlin/modules/JavaRootPath
instanceKlass org/jetbrains/kotlin/cli/jvm/compiler/CliCompilerUtilsKt
instanceKlass org/jetbrains/kotlin/cli/common/modules/ModuleBuilder
instanceKlass org/jetbrains/kotlin/modules/Module
instanceKlass org/jetbrains/kotlin/cli/jvm/K2JVMCompilerKt
instanceKlass org/jetbrains/kotlin/config/JvmSerializeIrMode$Companion
instanceKlass org/jetbrains/kotlin/config/JvmAbiStability$Companion
instanceKlass org/jetbrains/kotlin/config/JVMConfigurationKeysKt
instanceKlass org/jetbrains/kotlin/cli/common/CreatePhaseConfigKt
instanceKlass org/jetbrains/kotlin/backend/jvm/lower/GenerateMultifileFacades
instanceKlass org/jetbrains/kotlin/backend/jvm/lower/JvmIrInliner
instanceKlass org/jetbrains/kotlin/backend/jvm/lower/JvmStaticInObjectLowering
instanceKlass org/jetbrains/kotlin/backend/jvm/lower/FileClassLowering
instanceKlass org/jetbrains/kotlin/backend/jvm/lower/SerializeIrPhase
instanceKlass org/jetbrains/kotlin/backend/common/lower/ConstEvaluationLowering
instanceKlass kotlin/jvm/internal/AdaptedFunctionReference
instanceKlass org/jetbrains/kotlin/backend/jvm/lower/ProcessOptionalAnnotations
instanceKlass org/jetbrains/kotlin/backend/common/phaser/IrValidationPhase
instanceKlass org/jetbrains/kotlin/backend/jvm/lower/ExternalPackageParentPatcherLowering
instanceKlass jdk/internal/misc/ScopedMemoryAccess$Scope
instanceKlass org/jetbrains/kotlin/backend/jvm/JvmBackendContext
instanceKlass org/jetbrains/kotlin/ir/IrElementBase
instanceKlass org/jetbrains/kotlin/ir/declarations/IrSymbolOwner
instanceKlass org/jetbrains/kotlin/ir/declarations/IrDeclarationContainer
instanceKlass org/jetbrains/kotlin/ir/declarations/IrDeclarationParent
instanceKlass org/jetbrains/kotlin/ir/declarations/IrMutableAnnotationContainer
instanceKlass org/jetbrains/kotlin/ir/declarations/IrAnnotationContainer
instanceKlass org/jetbrains/kotlin/ir/declarations/IrMetadataSourceOwner
instanceKlass org/jetbrains/kotlin/ir/IrElement
instanceKlass org/jetbrains/kotlin/backend/common/phaser/DumperVerifierKt
instanceKlass org/jetbrains/kotlin/backend/common/phaser/PhaseDescription
instanceKlass sun/reflect/generics/reflectiveObjects/LazyReflectiveObjectGenerator
instanceKlass sun/reflect/generics/tree/TypeVariableSignature
instanceKlass sun/reflect/generics/reflectiveObjects/ParameterizedTypeImpl
instanceKlass org/jetbrains/kotlin/backend/common/CommonBackendContext
instanceKlass org/jetbrains/kotlin/backend/common/phaser/BackendContextHolder
instanceKlass org/jetbrains/kotlin/backend/common/LoweringContext
instanceKlass org/jetbrains/kotlin/backend/common/ErrorReportingContext
instanceKlass org/jetbrains/kotlin/backend/common/phaser/PhaseFactoriesKt
instanceKlass org/jetbrains/kotlin/backend/jvm/lower/FakeInliningLocalVariables
instanceKlass org/jetbrains/kotlin/backend/jvm/lower/RenameFieldsLowering
instanceKlass org/jetbrains/kotlin/backend/common/lower/KotlinNothingValueExceptionLowering
instanceKlass org/jetbrains/kotlin/backend/jvm/lower/RecordEnclosingMethodsLowering
instanceKlass org/jetbrains/kotlin/backend/jvm/lower/AdditionalClassAnnotationLowering
instanceKlass org/jetbrains/kotlin/backend/jvm/lower/JvmOptimizationLowering
instanceKlass org/jetbrains/kotlin/backend/jvm/lower/JvmSafeCallChainFoldingLowering
instanceKlass org/jetbrains/kotlin/backend/jvm/lower/ToArrayLowering
instanceKlass org/jetbrains/kotlin/backend/jvm/lower/SyntheticAccessorLowering
instanceKlass org/jetbrains/kotlin/backend/jvm/lower/BridgeLowering
instanceKlass org/jetbrains/kotlin/backend/jvm/lower/JvmStaticInCompanionLowering
instanceKlass org/jetbrains/kotlin/backend/common/lower/InitializersCleanupLowering
instanceKlass org/jetbrains/kotlin/backend/jvm/lower/UniqueLoopLabelsLowering
instanceKlass org/jetbrains/kotlin/backend/common/lower/InitializersLoweringBase
instanceKlass org/jetbrains/kotlin/backend/jvm/lower/ObjectClassLowering
instanceKlass org/jetbrains/kotlin/backend/jvm/lower/EnumClassLowering
instanceKlass org/jetbrains/kotlin/backend/common/lower/InnerClassConstructorCallsLowering
instanceKlass org/jetbrains/kotlin/backend/common/lower/InnerClassesMemberBodyLowering
instanceKlass org/jetbrains/kotlin/backend/common/lower/InnerClassesLowering
instanceKlass org/jetbrains/kotlin/backend/jvm/lower/TailCallOptimizationLowering
instanceKlass org/jetbrains/kotlin/backend/jvm/lower/GenerateJvmDefaultCompatibilityBridges
instanceKlass org/jetbrains/kotlin/backend/jvm/lower/InheritedDefaultMethodsOnClassesLowering
instanceKlass org/jetbrains/kotlin/backend/common/lower/DefaultParameterCleaner
instanceKlass org/jetbrains/kotlin/backend/common/lower/DefaultArgumentStubGenerator
instanceKlass org/jetbrains/kotlin/backend/common/DeclarationTransformer
instanceKlass org/jetbrains/kotlin/backend/jvm/lower/JvmDefaultConstructorLowering
instanceKlass org/jetbrains/kotlin/backend/common/lower/LocalClassPopupLowering
instanceKlass org/jetbrains/kotlin/backend/jvm/lower/RemoveDuplicatedInlinedLocalClassesLowering
instanceKlass org/jetbrains/kotlin/backend/common/lower/LocalDeclarationsLowering
instanceKlass org/jetbrains/kotlin/backend/common/lower/SharedVariablesLowering
instanceKlass org/jetbrains/kotlin/backend/jvm/lower/JvmReturnableBlockLowering
instanceKlass org/jetbrains/kotlin/backend/common/lower/TailrecLowering
instanceKlass org/jetbrains/kotlin/backend/jvm/lower/CollectionStubMethodLowering
instanceKlass org/jetbrains/kotlin/backend/common/lower/loops/ForLoopsLowering
instanceKlass org/jetbrains/kotlin/backend/common/lower/RangeContainsLowering
instanceKlass org/jetbrains/kotlin/backend/jvm/lower/JvmBuiltInsLowering
instanceKlass org/jetbrains/kotlin/backend/jvm/lower/MoveOrCopyCompanionObjectFieldsLowering
instanceKlass org/jetbrains/kotlin/backend/common/lower/ArrayConstructorLowering
instanceKlass org/jetbrains/kotlin/backend/jvm/lower/SingletonOrConstantDelegationLowering
instanceKlass org/jetbrains/kotlin/backend/jvm/lower/PropertyReferenceDelegationLowering
instanceKlass org/jetbrains/kotlin/backend/jvm/lower/SuspendLoweringUtils
instanceKlass org/jetbrains/kotlin/backend/common/lower/InventNamesForLocalClasses
instanceKlass org/jetbrains/kotlin/backend/common/lower/AnnotationImplementationLowering
instanceKlass org/jetbrains/kotlin/backend/jvm/lower/AnnotationLowering
instanceKlass org/jetbrains/kotlin/backend/jvm/lower/MainMethodGenerationLowering
instanceKlass org/jetbrains/kotlin/backend/jvm/lower/JvmOverloadsAnnotationLowering
instanceKlass org/jetbrains/kotlin/ir/visitors/IrVisitor
instanceKlass org/jetbrains/kotlin/ir/visitors/IrElementTransformer
instanceKlass org/jetbrains/kotlin/backend/common/BodyLoweringPass
instanceKlass org/jetbrains/kotlin/backend/jvm/lower/TypeAliasAnnotationMethodsLowering
instanceKlass org/jetbrains/kotlin/backend/common/ClassLoweringPass
instanceKlass org/jetbrains/kotlin/backend/common/FileLoweringPass
instanceKlass org/jetbrains/kotlin/backend/common/ModuleLoweringPass
instanceKlass org/jetbrains/kotlin/backend/jvm/JvmLoweringPhasesKt
instanceKlass org/jetbrains/kotlin/backend/jvm/JvmPhasesKt
instanceKlass org/jetbrains/kotlin/config/JVMConfigurationKeys
instanceKlass org/jetbrains/kotlin/cli/jvm/JvmArgumentsKt
instanceKlass org/jetbrains/kotlin/com/intellij/util/containers/MultiMap
instanceKlass org/jetbrains/kotlin/kapt/cli/KaptCliOption$Companion
instanceKlass org/jetbrains/kotlin/kapt/cli/CliToolOption
instanceKlass org/jetbrains/kotlin/kapt/KaptCommandLineProcessor
instanceKlass org/jetbrains/kotlin/compiler/plugin/CliOption
instanceKlass org/jetbrains/kotlin/compiler/plugin/AbstractCliOption
instanceKlass org/jetbrains/kotlin/parcelize/ParcelizeCommandLineProcessor$Companion
instanceKlass org/jetbrains/kotlin/parcelize/ParcelizeCommandLineProcessor
instanceKlass org/jetbrains/kotlin/compiler/plugin/CommandLineProcessor
instanceKlass org/jetbrains/kotlin/parcelize/ParcelizeComponentRegistrar$Companion
instanceKlass org/jetbrains/kotlin/compiler/plugin/CompilerPluginRegistrar$Companion
instanceKlass org/jetbrains/kotlin/compiler/plugin/CompilerPluginRegistrar
instanceKlass org/jetbrains/kotlin/compiler/plugin/ComponentRegistrar$Companion
instanceKlass org/jetbrains/kotlin/kapt/KaptComponentRegistrar
instanceKlass java/io/FilePermissionCollection$1
instanceKlass java/net/URLClassLoader$1
instanceKlass kotlin/io/LinesSequence$iterator$1
instanceKlass kotlin/io/LinesSequence
instanceKlass kotlin/io/TextStreamsKt
instanceKlass java/io/RandomAccessFile$1
instanceKlass kotlin/io/FilesKt__FilePathComponentsKt
instanceKlass sun/nio/fs/UnixUriUtils
instanceKlass org/jetbrains/kotlin/compiler/plugin/ComponentRegistrar
instanceKlass org/jetbrains/kotlin/util/ServiceLoaderLite
instanceKlass org/jetbrains/kotlin/com/intellij/openapi/util/ObjectNode$ListNodeChildren
instanceKlass org/jetbrains/kotlin/com/intellij/util/ObjectUtils$Sentinel
instanceKlass org/jetbrains/kotlin/com/intellij/util/ObjectUtils
instanceKlass org/jetbrains/kotlin/com/intellij/openapi/util/Disposer$CheckedDisposableImpl
instanceKlass org/jetbrains/kotlin/com/intellij/openapi/util/CheckedDisposable
instanceKlass org/jetbrains/kotlin/cli/jvm/plugins/PluginCliParser$UrlClassLoaderDisposable
instanceKlass org/jetbrains/kotlin/cli/jvm/plugins/PluginCliParser
instanceKlass org/jetbrains/kotlin/cli/plugins/PluginsOptionsParserKt
instanceKlass kotlin/collections/builders/ListBuilder$Companion
instanceKlass kotlin/jvm/internal/markers/KMutableList
instanceKlass org/jetbrains/kotlin/cli/common/CLICompilerKt
instanceKlass kotlin/collections/ArrayAsCollection
instanceKlass org/jetbrains/kotlin/utils/KotlinPathsFromBaseDirectory
instanceKlass org/jetbrains/kotlin/com/intellij/openapi/application/PathManager
instanceKlass org/jetbrains/kotlin/utils/PathUtil
instanceKlass org/jetbrains/kotlin/cli/common/arguments/ConfigureJvmLanguageFeaturesKt
instanceKlass org/jetbrains/kotlin/config/AnnotationDefaultTargetMode$Companion
instanceKlass org/jetbrains/kotlin/cli/common/arguments/ConfigureCommonLanguageFeaturesKt
instanceKlass org/jetbrains/kotlin/config/JVMAssertionsMode$Companion
instanceKlass org/jetbrains/kotlin/load/java/JavaTypeEnhancementState$Companion
instanceKlass org/jetbrains/kotlin/load/java/JavaTypeEnhancementState
instanceKlass org/jetbrains/kotlin/load/java/Jsr305Settings
instanceKlass org/jetbrains/kotlin/utils/WrappedValues$1
instanceKlass org/jetbrains/kotlin/utils/WrappedValues
instanceKlass org/jetbrains/kotlin/name/FqNamesUtilKt
instanceKlass org/jetbrains/kotlin/load/java/ReportLevel$Companion
instanceKlass org/jetbrains/kotlin/load/java/JavaNullabilityAnnotationsStatus$Companion
instanceKlass org/jetbrains/kotlin/load/java/JavaNullabilityAnnotationsStatus
instanceKlass org/jetbrains/kotlin/load/java/JavaNullabilityAnnotationSettingsKt
instanceKlass org/jetbrains/kotlin/storage/LockBasedStorageManager$MapBasedMemoizedFunction
instanceKlass org/jetbrains/kotlin/storage/DefaultSimpleLock
instanceKlass org/jetbrains/kotlin/storage/SimpleLock$Companion
instanceKlass org/jetbrains/kotlin/storage/EmptySimpleLock
instanceKlass org/jetbrains/kotlin/storage/LockBasedStorageManager$ExceptionHandlingStrategy$1
instanceKlass org/jetbrains/kotlin/storage/LockBasedStorageManager$ExceptionHandlingStrategy
instanceKlass org/jetbrains/kotlin/storage/NullableLazyValue
instanceKlass org/jetbrains/kotlin/storage/MemoizedFunctionToNullable
instanceKlass org/jetbrains/kotlin/storage/MemoizedFunctionToNotNull
instanceKlass org/jetbrains/kotlin/storage/NotNullLazyValue
instanceKlass org/jetbrains/kotlin/storage/CacheWithNullableValues
instanceKlass org/jetbrains/kotlin/storage/CacheWithNotNullValues
instanceKlass org/jetbrains/kotlin/storage/SimpleLock
instanceKlass org/jetbrains/kotlin/storage/LockBasedStorageManager
instanceKlass org/jetbrains/kotlin/storage/StorageManager
instanceKlass org/jetbrains/kotlin/load/java/NullabilityAnnotationStatesImpl
instanceKlass org/jetbrains/kotlin/load/java/NullabilityAnnotationStates$Companion
instanceKlass org/jetbrains/kotlin/load/java/NullabilityAnnotationStates
instanceKlass org/jetbrains/kotlin/config/LanguageVersionSettingsKt
instanceKlass org/jetbrains/kotlin/cli/common/messages/MessageCollector$Companion$NONE$1
instanceKlass org/jetbrains/kotlin/cli/common/messages/MessageCollector$Companion
instanceKlass org/jetbrains/kotlin/cli/common/arguments/JavaTypeEnhancementStateParser$Companion
instanceKlass org/jetbrains/kotlin/cli/common/arguments/JavaTypeEnhancementStateParser
instanceKlass org/jetbrains/kotlin/config/JvmAnalysisFlags$Delegates$JvmDefaultModeNullByDefault
instanceKlass org/jetbrains/kotlin/config/JvmAnalysisFlags$Delegates$JavaTypeEnhancementStateNullByDefault
instanceKlass org/jetbrains/kotlin/config/JvmAnalysisFlags
instanceKlass org/jetbrains/kotlin/config/ReturnValueCheckerMode$Companion
instanceKlass org/jetbrains/kotlin/config/AnalysisFlag$Delegates$ReturnValueCheckerDisabledByDefault
instanceKlass org/jetbrains/kotlin/config/AnalysisFlag$Delegates$WarningLevelMap
instanceKlass org/jetbrains/kotlin/config/ExplicitApiMode$Companion
instanceKlass org/jetbrains/kotlin/config/AnalysisFlag$Delegates$ApiModeDisabledByDefault
instanceKlass org/jetbrains/kotlin/config/AnalysisFlag$Delegates$ListOfStrings
instanceKlass org/jetbrains/kotlin/config/AnalysisFlag
instanceKlass org/jetbrains/kotlin/config/AnalysisFlag$Delegate
instanceKlass org/jetbrains/kotlin/config/AnalysisFlag$Delegates$Boolean
instanceKlass org/jetbrains/kotlin/config/AnalysisFlags
instanceKlass org/jetbrains/kotlin/config/LanguageVersionSettingsImpl$Companion
instanceKlass org/jetbrains/kotlin/config/LanguageVersionSettings$Companion
instanceKlass org/jetbrains/kotlin/config/LanguageVersionSettingsImpl
instanceKlass org/jetbrains/kotlin/config/LanguageVersionSettings
instanceKlass org/jetbrains/kotlin/cli/common/arguments/CommonCompilerArgumentsConfiguratorKt
instanceKlass org/jetbrains/kotlin/config/IrVerificationMode$Companion
instanceKlass org/jetbrains/kotlin/config/IncrementalCompilation
instanceKlass org/jetbrains/kotlin/cli/common/UtilsKt
instanceKlass org/jetbrains/kotlin/cli/common/CLIConfigurationKeys
instanceKlass org/jetbrains/kotlin/cli/common/CLIConfigurationKeysKt
instanceKlass org/jetbrains/kotlin/it/unimi/dsi/fastutil/ints/Int2ObjectMap$FastEntrySet
instanceKlass org/jetbrains/kotlin/it/unimi/dsi/fastutil/ints/IntSet
instanceKlass org/jetbrains/kotlin/it/unimi/dsi/fastutil/ints/IntCollection
instanceKlass org/jetbrains/kotlin/it/unimi/dsi/fastutil/ints/IntIterable
instanceKlass org/jetbrains/kotlin/it/unimi/dsi/fastutil/ints/o
instanceKlass org/jetbrains/kotlin/it/unimi/dsi/fastutil/ints/Int2ObjectMap
instanceKlass org/jetbrains/kotlin/it/unimi/dsi/fastutil/ints/Int2ObjectFunction
instanceKlass java/util/function/IntFunction
instanceKlass org/jetbrains/kotlin/com/intellij/util/containers/IntKeyWeakValueHashMap
instanceKlass org/jetbrains/kotlin/com/intellij/openapi/util/Key
instanceKlass org/jetbrains/kotlin/config/CompilerConfigurationKey
instanceKlass org/jetbrains/kotlin/config/CommonConfigurationKeys
instanceKlass org/jetbrains/kotlin/config/CommonConfigurationKeysKt
instanceKlass org/jetbrains/kotlin/config/phaser/PhaserState
instanceKlass org/jetbrains/kotlin/config/phaser/CompilerPhaseKt
instanceKlass org/jetbrains/kotlin/cli/pipeline/PipelineContext
instanceKlass org/jetbrains/kotlin/config/LoggingContext
instanceKlass org/jetbrains/kotlin/config/phaser/PhaseSet
instanceKlass org/jetbrains/kotlin/config/phaser/PhaseConfig
instanceKlass org/jetbrains/kotlin/backend/common/phaser/CompositePhase
instanceKlass org/jetbrains/kotlin/backend/common/phaser/PhaseBuildersKt
instanceKlass org/jetbrains/kotlin/cli/pipeline/PerformanceNotifications$AbstractNotification
instanceKlass org/jetbrains/kotlin/config/phaser/ActionState
instanceKlass org/jetbrains/kotlin/cli/pipeline/PipelinePhaseKt
instanceKlass org/jetbrains/kotlin/cli/pipeline/ConfigurationUpdater
instanceKlass org/jetbrains/kotlin/cli/pipeline/CheckCompilationErrors
instanceKlass org/jetbrains/kotlin/config/phaser/NamedCompilerPhase
instanceKlass org/jetbrains/kotlin/config/phaser/CompilerPhase
instanceKlass org/jetbrains/kotlin/diagnostics/DiagnosticReporter
instanceKlass org/jetbrains/kotlin/diagnostics/impl/BaseDiagnosticsCollector$RawReporter$Companion
instanceKlass org/jetbrains/kotlin/diagnostics/impl/BaseDiagnosticsCollector$RawReporter
instanceKlass org/jetbrains/kotlin/diagnostics/DiagnosticReporterFactory
instanceKlass org/jetbrains/kotlin/cli/pipeline/PipelineArtifact
instanceKlass org/jetbrains/kotlin/com/google/common/collect/AbstractMapEntry
instanceKlass org/jetbrains/kotlin/com/google/common/collect/LinkedHashMultimap$ValueSetLink
instanceKlass org/jetbrains/kotlin/com/google/common/collect/CollectPreconditions
instanceKlass org/jetbrains/kotlin/com/google/common/base/Preconditions
instanceKlass org/jetbrains/kotlin/com/google/common/collect/Maps$EntryTransformer
instanceKlass org/jetbrains/kotlin/com/google/common/collect/BiMap
instanceKlass org/jetbrains/kotlin/com/google/common/base/Converter
instanceKlass org/jetbrains/kotlin/com/google/common/collect/UnmodifiableIterator
instanceKlass org/jetbrains/kotlin/com/google/common/collect/ImmutableMap
instanceKlass org/jetbrains/kotlin/com/google/common/base/Function
instanceKlass org/jetbrains/kotlin/com/google/common/collect/SortedMapDifference
instanceKlass org/jetbrains/kotlin/com/google/common/collect/MapDifference
instanceKlass org/jetbrains/kotlin/com/google/common/collect/Maps
instanceKlass org/jetbrains/kotlin/com/google/common/collect/Platform
instanceKlass org/jetbrains/kotlin/com/google/common/collect/Multiset
instanceKlass org/jetbrains/kotlin/com/google/common/collect/AbstractMultimap
instanceKlass org/jetbrains/kotlin/com/google/common/collect/SetMultimap
instanceKlass org/jetbrains/kotlin/com/google/common/collect/Multimap
instanceKlass org/jetbrains/kotlin/cli/common/messages/GroupingMessageCollector
instanceKlass org/jetbrains/kotlin/cli/common/environment/UtilKt
instanceKlass org/jetbrains/kotlin/com/intellij/openapi/util/ObjectNode$1
instanceKlass org/jetbrains/kotlin/com/intellij/openapi/util/Disposer$2
instanceKlass org/jetbrains/kotlin/com/intellij/openapi/util/ObjectNode$NodeChildren
instanceKlass org/jetbrains/kotlin/com/intellij/openapi/util/ObjectNode
instanceKlass org/jetbrains/kotlin/it/unimi/dsi/fastutil/objects/Object2ObjectMap$FastEntrySet
instanceKlass org/jetbrains/kotlin/it/unimi/dsi/fastutil/objects/m
instanceKlass org/jetbrains/kotlin/it/unimi/dsi/fastutil/objects/Object2ObjectMap
instanceKlass org/jetbrains/kotlin/it/unimi/dsi/fastutil/objects/Object2ObjectFunction
instanceKlass org/jetbrains/kotlin/com/intellij/util/containers/RefHashMap$HardKey
instanceKlass org/jetbrains/kotlin/com/intellij/util/containers/RefHashMap$Key
instanceKlass org/jetbrains/kotlin/com/intellij/util/containers/IdentityHashingStrategy
instanceKlass org/jetbrains/kotlin/com/intellij/util/containers/HashingStrategy
instanceKlass org/jetbrains/kotlin/it/unimi/dsi/fastutil/Hash$Strategy
instanceKlass org/jetbrains/kotlin/com/intellij/util/containers/CollectionFactory
instanceKlass org/jetbrains/kotlin/it/unimi/dsi/fastutil/HashCommon
instanceKlass org/jetbrains/kotlin/it/unimi/dsi/fastutil/objects/Reference2ObjectMap$FastEntrySet
instanceKlass org/jetbrains/kotlin/it/unimi/dsi/fastutil/objects/ObjectSet
instanceKlass org/jetbrains/kotlin/it/unimi/dsi/fastutil/objects/ReferenceSet
instanceKlass org/jetbrains/kotlin/it/unimi/dsi/fastutil/objects/ReferenceCollection
instanceKlass org/jetbrains/kotlin/it/unimi/dsi/fastutil/objects/ObjectCollection
instanceKlass org/jetbrains/kotlin/it/unimi/dsi/fastutil/objects/ObjectIterable
instanceKlass org/jetbrains/kotlin/it/unimi/dsi/fastutil/objects/z
instanceKlass org/jetbrains/kotlin/it/unimi/dsi/fastutil/objects/Reference2ObjectMap
instanceKlass org/jetbrains/kotlin/it/unimi/dsi/fastutil/objects/Reference2ObjectFunction
instanceKlass org/jetbrains/kotlin/it/unimi/dsi/fastutil/e
instanceKlass org/jetbrains/kotlin/it/unimi/dsi/fastutil/Hash
instanceKlass org/jetbrains/kotlin/com/intellij/openapi/util/ObjectTree
instanceKlass org/jetbrains/kotlin/com/intellij/openapi/util/Disposer
instanceKlass org/jetbrains/kotlin/progress/ProgressIndicatorAndCompilationCanceledStatus
instanceKlass org/jetbrains/kotlin/progress/CompilationCanceledStatus
instanceKlass java/text/Format
instanceKlass org/jetbrains/kotlin/util/UnitStats
instanceKlass org/jetbrains/kotlin/util/Time$Companion
instanceKlass org/jetbrains/kotlin/util/Time
instanceKlass sun/management/Util
instanceKlass java/util/Collections$2
instanceKlass sun/management/ThreadImpl
instanceKlass com/sun/management/ThreadMXBean
instanceKlass java/util/stream/Sink$ChainedReference
instanceKlass java/util/stream/ReduceOps$2ReducingSink
instanceKlass java/util/function/Predicate
instanceKlass java/util/HashMap$HashMapSpliterator
instanceKlass jdk/management/jfr/internal/FlightRecorderMXBeanProvider$SingleMBeanComponent
instanceKlass jdk/management/jfr/FlightRecorderMXBean
instanceKlass java/lang/management/DefaultPlatformMBeanProvider$11
instanceKlass java/lang/management/DefaultPlatformMBeanProvider$10
instanceKlass java/lang/management/DefaultPlatformMBeanProvider$9
instanceKlass java/util/logging/LogManager
instanceKlass sun/management/ManagementFactoryHelper$LoggingMXBeanAccess$1
instanceKlass sun/management/ManagementFactoryHelper$LoggingMXBeanAccess
instanceKlass java/lang/management/DefaultPlatformMBeanProvider$8
instanceKlass java/lang/management/DefaultPlatformMBeanProvider$7
instanceKlass java/lang/management/DefaultPlatformMBeanProvider$6
instanceKlass java/lang/management/DefaultPlatformMBeanProvider$5
instanceKlass java/lang/management/DefaultPlatformMBeanProvider$4
instanceKlass java/lang/management/DefaultPlatformMBeanProvider$3
instanceKlass java/lang/management/DefaultPlatformMBeanProvider$2
instanceKlass java/lang/management/DefaultPlatformMBeanProvider$1
instanceKlass com/sun/management/internal/PlatformMBeanProviderImpl$5
instanceKlass sun/management/VMManagementImpl
instanceKlass sun/management/VMManagement
instanceKlass sun/management/ManagementFactoryHelper
instanceKlass sun/management/NotificationEmitterSupport
instanceKlass javax/management/NotificationEmitter
instanceKlass javax/management/NotificationBroadcaster
instanceKlass com/sun/management/DiagnosticCommandMBean
instanceKlass javax/management/DynamicMBean
instanceKlass com/sun/management/internal/PlatformMBeanProviderImpl$4
instanceKlass com/sun/management/internal/PlatformMBeanProviderImpl$3
instanceKlass com/sun/management/internal/PlatformMBeanProviderImpl$2
instanceKlass java/util/stream/ReduceOps$AccumulatingSink
instanceKlass java/util/stream/TerminalSink
instanceKlass java/util/stream/Sink
instanceKlass java/util/stream/ReduceOps$Box
instanceKlass java/util/stream/ReduceOps$ReduceOp
instanceKlass java/util/stream/TerminalOp
instanceKlass java/util/stream/ReduceOps
instanceKlass java/util/function/BinaryOperator
instanceKlass java/util/function/BiConsumer
instanceKlass java/util/stream/Collectors$CollectorImpl
instanceKlass java/util/stream/Collector
instanceKlass java/util/stream/Collectors
instanceKlass com/sun/management/internal/PlatformMBeanProviderImpl$1
instanceKlass sun/management/spi/PlatformMBeanProvider$PlatformComponent
instanceKlass java/util/concurrent/Callable
instanceKlass java/util/concurrent/CopyOnWriteArrayList$COWIterator
instanceKlass sun/management/spi/PlatformMBeanProvider
instanceKlass java/security/Security$2
instanceKlass jdk/internal/access/JavaSecurityPropertiesAccess
instanceKlass java/util/concurrent/ConcurrentHashMap$MapEntry
instanceKlass java/security/Security$1
instanceKlass java/security/Security
instanceKlass sun/security/util/SecurityProperties
instanceKlass sun/security/util/FilePermCompat
instanceKlass java/io/FilePermission$1
instanceKlass jdk/internal/access/JavaIOFilePermissionAccess
instanceKlass java/lang/management/ManagementFactory$PlatformMBeanFinder$1
instanceKlass java/lang/management/ManagementFactory$PlatformMBeanFinder
instanceKlass java/lang/management/ThreadMXBean
instanceKlass java/lang/management/PlatformManagedObject
instanceKlass java/lang/management/ManagementFactory
instanceKlass org/jetbrains/kotlin/platform/TargetPlatformKt
instanceKlass kotlin/collections/AbstractList$IteratorImpl
instanceKlass org/jetbrains/kotlin/platform/TargetPlatformVersion$NoVersion
instanceKlass org/jetbrains/kotlin/config/JvmTarget$Companion
instanceKlass org/jetbrains/kotlin/platform/TargetPlatformVersion
instanceKlass org/jetbrains/kotlin/platform/SimplePlatform
instanceKlass org/jetbrains/kotlin/platform/jvm/JvmPlatforms
instanceKlass org/jetbrains/kotlin/util/PerformanceManagerImpl$Companion
instanceKlass org/jetbrains/kotlin/util/PerformanceManager$Companion
instanceKlass org/jetbrains/kotlin/cli/pipeline/AbstractCliPipeline
instanceKlass org/jetbrains/kotlin/utils/SmartList$EmptyIterator
instanceKlass kotlin/reflect/jvm/internal/impl/metadata/jvm/deserialization/JvmFlags
instanceKlass kotlin/reflect/jvm/internal/impl/load/java/DescriptorsJvmAbiUtil
instanceKlass kotlin/reflect/jvm/internal/impl/metadata/jvm/deserialization/JvmMemberSignature
instanceKlass kotlin/reflect/jvm/internal/JvmPropertySignature
instanceKlass kotlin/reflect/jvm/internal/impl/metadata/deserialization/ProtoBufUtilKt
instanceKlass kotlin/reflect/jvm/internal/impl/resolve/OverridingStrategy
instanceKlass kotlin/reflect/jvm/internal/impl/descriptors/impl/ValueParameterDescriptorImpl$Companion
instanceKlass kotlin/reflect/jvm/internal/impl/descriptors/ValueParameterDescriptor
instanceKlass kotlin/reflect/jvm/internal/impl/resolve/DescriptorFactory
instanceKlass kotlin/reflect/jvm/internal/impl/resolve/scopes/receivers/ImplicitClassReceiver
instanceKlass kotlin/reflect/jvm/internal/impl/resolve/scopes/receivers/ThisClassReceiver
instanceKlass kotlin/reflect/jvm/internal/impl/resolve/scopes/receivers/ImplicitReceiver
instanceKlass kotlin/reflect/jvm/internal/impl/resolve/calls/inference/CapturedTypeConstructorKt
instanceKlass kotlin/reflect/jvm/internal/impl/resolve/scopes/SubstitutingScope
instanceKlass kotlin/reflect/jvm/internal/impl/types/TypeSubstitutor
instanceKlass kotlin/reflect/jvm/internal/impl/descriptors/impl/ModuleAwareClassDescriptorKt
instanceKlass kotlin/reflect/jvm/internal/impl/types/TypeConstructorSubstitution$Companion
instanceKlass kotlin/reflect/jvm/internal/impl/types/TypeProjectionBase
instanceKlass kotlin/reflect/jvm/internal/impl/descriptors/impl/AbstractTypeParameterDescriptor$2
instanceKlass kotlin/reflect/jvm/internal/impl/descriptors/impl/AbstractTypeParameterDescriptor$1
instanceKlass kotlin/reflect/jvm/internal/impl/serialization/deserialization/descriptors/DeserializedCallableMemberDescriptor
instanceKlass kotlin/reflect/jvm/internal/impl/serialization/deserialization/descriptors/DeserializedMemberDescriptor
instanceKlass kotlin/reflect/jvm/internal/impl/serialization/deserialization/descriptors/DescriptorWithContainerSource
instanceKlass kotlin/reflect/jvm/internal/impl/load/java/typeEnhancement/SignatureEnhancement$PartEnhancementResult
instanceKlass kotlin/reflect/jvm/internal/impl/load/java/typeEnhancement/JavaTypeEnhancement$Result
instanceKlass kotlin/reflect/jvm/internal/impl/load/java/typeEnhancement/JavaTypeEnhancement$SimpleResult
instanceKlass kotlin/reflect/jvm/internal/impl/load/java/typeEnhancement/TypeComponentPositionKt
instanceKlass kotlin/reflect/jvm/internal/impl/types/KotlinTypeKt
instanceKlass kotlin/reflect/jvm/internal/impl/types/IntersectionTypeConstructor
instanceKlass kotlin/reflect/jvm/internal/impl/types/model/IntersectionTypeConstructorMarker
instanceKlass kotlin/reflect/jvm/internal/impl/types/model/DefinitelyNotNullTypeMarker
instanceKlass kotlin/reflect/jvm/internal/impl/types/CustomTypeVariable
instanceKlass kotlin/reflect/jvm/internal/impl/utils/SmartSet$Companion
instanceKlass kotlin/reflect/jvm/internal/impl/load/java/typeEnhancement/TypeEnhancementUtilsKt
instanceKlass kotlin/reflect/jvm/internal/impl/load/java/JvmAnnotationNamesKt
instanceKlass kotlin/reflect/jvm/internal/impl/load/java/typeEnhancement/JavaTypeQualifiers$Companion
instanceKlass kotlin/reflect/jvm/internal/impl/descriptors/TypeParameterDescriptor
instanceKlass kotlin/reflect/jvm/internal/impl/types/model/TypeParameterMarker
instanceKlass kotlin/reflect/jvm/internal/impl/load/java/typeEnhancement/JavaTypeQualifiers
instanceKlass kotlin/reflect/jvm/internal/impl/types/RawType
instanceKlass kotlin/reflect/jvm/internal/impl/types/model/RawTypeMarker
instanceKlass kotlin/reflect/jvm/internal/impl/types/model/FlexibleTypeMarker
instanceKlass kotlin/reflect/jvm/internal/impl/load/java/typeEnhancement/TypeAndDefaultQualifiers
instanceKlass kotlin/sequences/SequencesKt__SequencesKt$sequenceOf$1$1
instanceKlass kotlin/jvm/internal/ArrayIterator
instanceKlass kotlin/jvm/internal/ArrayIteratorKt
instanceKlass kotlin/sequences/FlatteningSequence$iterator$1
instanceKlass kotlin/sequences/FlatteningSequence
instanceKlass kotlin/collections/ArraysKt___ArraysKt$asSequence$$inlined$Sequence$1
instanceKlass kotlin/sequences/SequencesKt__SequencesKt$sequenceOf$$inlined$Sequence$1
instanceKlass kotlin/reflect/jvm/internal/impl/load/java/typeEnhancement/SignatureEnhancement$SignatureParts
instanceKlass java/lang/reflect/ParameterizedType
instanceKlass kotlin/reflect/jvm/internal/impl/descriptors/DescriptorUtilKt
instanceKlass kotlin/reflect/jvm/internal/impl/load/java/structure/JavaPrimitiveType
instanceKlass kotlin/reflect/jvm/internal/impl/load/java/FakePureImplementationsProvider
instanceKlass kotlin/reflect/jvm/internal/impl/load/java/components/JavaAnnotationMapper
instanceKlass kotlin/reflect/jvm/internal/impl/descriptors/runtime/structure/ReflectJavaAnnotationOwnerKt
instanceKlass kotlin/reflect/jvm/internal/impl/descriptors/runtime/structure/ReflectJavaAnnotationOwner$DefaultImpls
instanceKlass kotlin/reflect/jvm/internal/impl/descriptors/runtime/structure/ReflectJavaType$Factory
instanceKlass kotlin/reflect/jvm/internal/impl/descriptors/runtime/structure/ReflectJavaType
instanceKlass kotlin/reflect/jvm/internal/impl/load/java/structure/JavaClassifierType
instanceKlass kotlin/reflect/jvm/internal/impl/load/java/structure/JavaType
instanceKlass kotlin/reflect/jvm/internal/impl/load/java/structure/ListBasedJavaAnnotationOwner
instanceKlass kotlin/jvm/internal/SpreadBuilder
instanceKlass java/lang/Class$EnclosingMethodInfo
instanceKlass kotlin/collections/CollectionsKt___CollectionsKt$asSequence$$inlined$Sequence$1
instanceKlass kotlin/sequences/FilteringSequence$iterator$1
instanceKlass kotlin/sequences/TransformingSequence$iterator$1
instanceKlass kotlin/sequences/TransformingSequence
instanceKlass kotlin/sequences/FilteringSequence
instanceKlass kotlin/sequences/EmptySequence
instanceKlass kotlin/sequences/DropTakeSequence
instanceKlass kotlin/reflect/jvm/internal/impl/load/java/lazy/descriptors/ClassDeclaredMemberIndex
instanceKlass kotlin/reflect/jvm/internal/impl/load/java/lazy/descriptors/DeclaredMemberIndex
instanceKlass kotlin/reflect/jvm/internal/impl/resolve/scopes/DescriptorKindFilter$Companion$MaskToName
instanceKlass jdk/internal/reflect/UnsafeFieldAccessorFactory
instanceKlass kotlin/reflect/jvm/internal/impl/resolve/scopes/DescriptorKindFilter$Companion
instanceKlass kotlin/reflect/jvm/internal/impl/resolve/scopes/DescriptorKindFilter
instanceKlass kotlin/reflect/jvm/internal/impl/util/collectionUtils/ScopeUtilsKt
instanceKlass java/util/LinkedList$ListItr
instanceKlass kotlin/Triple
instanceKlass java/util/LinkedList$Node
instanceKlass kotlin/reflect/jvm/internal/impl/metadata/deserialization/NameResolverImpl$WhenMappings
instanceKlass kotlin/reflect/jvm/internal/impl/protobuf/Utf8
instanceKlass kotlin/reflect/jvm/internal/impl/serialization/deserialization/ProtoBasedClassDataFinder
instanceKlass kotlin/reflect/jvm/internal/impl/metadata/deserialization/NameResolverImpl
instanceKlass kotlin/reflect/jvm/internal/impl/metadata/ProtoBuf$Annotation$ArgumentOrBuilder
instanceKlass kotlin/reflect/jvm/internal/impl/metadata/ProtoBuf$QualifiedNameTable$QualifiedName$Kind$1
instanceKlass kotlin/reflect/jvm/internal/impl/metadata/ProtoBuf$QualifiedNameTable$QualifiedNameOrBuilder
instanceKlass kotlin/reflect/jvm/internal/impl/metadata/ProtoBuf$QualifiedNameTableOrBuilder
instanceKlass kotlin/reflect/jvm/internal/impl/protobuf/LazyStringList
instanceKlass kotlin/reflect/jvm/internal/impl/protobuf/ProtocolStringList
instanceKlass kotlin/reflect/jvm/internal/impl/metadata/ProtoBuf$StringTableOrBuilder
instanceKlass kotlin/reflect/jvm/internal/impl/metadata/ProtoBuf$PackageFragmentOrBuilder
instanceKlass kotlin/collections/IntIterator
instanceKlass kotlin/internal/ProgressionUtilKt
instanceKlass kotlin/ranges/IntRange$Companion
instanceKlass kotlin/ranges/IntProgression$Companion
instanceKlass kotlin/ranges/IntProgression
instanceKlass kotlin/ranges/OpenEndRange
instanceKlass kotlin/ranges/ClosedRange
instanceKlass kotlin/reflect/jvm/internal/impl/metadata/builtins/BuiltInsBinaryVersion$Companion
instanceKlass kotlin/reflect/jvm/internal/impl/serialization/deserialization/builtins/BuiltInsPackageFragmentImpl$Companion
instanceKlass kotlin/reflect/jvm/internal/impl/builtins/BuiltInsPackageFragment
instanceKlass kotlin/reflect/jvm/internal/impl/descriptors/runtime/structure/ReflectJavaModifierListOwner$DefaultImpls
instanceKlass java/lang/reflect/AnnotatedType
instanceKlass kotlin/reflect/jvm/internal/impl/descriptors/runtime/structure/Java16SealedRecordLoader$Cache
instanceKlass kotlin/reflect/jvm/internal/impl/descriptors/runtime/structure/Java16SealedRecordLoader
instanceKlass sun/reflect/generics/tree/ClassSignature
instanceKlass sun/reflect/generics/tree/Signature
instanceKlass sun/reflect/generics/tree/FormalTypeParameter
instanceKlass java/lang/reflect/TypeVariable
instanceKlass sun/reflect/generics/repository/AbstractRepository
instanceKlass kotlin/reflect/jvm/internal/impl/load/java/lazy/LazyJavaTypeParameterResolver
instanceKlass kotlin/reflect/jvm/internal/impl/descriptors/runtime/components/RuntimeSourceElementFactory$RuntimeSourceElement
instanceKlass kotlin/reflect/jvm/internal/impl/load/java/sources/JavaSourceElement
instanceKlass kotlin/reflect/jvm/internal/impl/load/java/lazy/descriptors/LazyJavaClassDescriptor$Companion
instanceKlass kotlin/reflect/jvm/internal/impl/load/java/descriptors/JavaClassDescriptor
instanceKlass kotlin/reflect/jvm/internal/impl/load/java/structure/JavaClass
instanceKlass kotlin/reflect/jvm/internal/impl/load/java/structure/JavaTypeParameterListOwner
instanceKlass kotlin/reflect/jvm/internal/impl/load/java/structure/JavaClassifier
instanceKlass kotlin/reflect/jvm/internal/impl/load/java/structure/JavaNamedElement
instanceKlass kotlin/reflect/jvm/internal/impl/descriptors/runtime/structure/ReflectJavaModifierListOwner
instanceKlass kotlin/reflect/jvm/internal/impl/load/java/structure/JavaModifierListOwner
instanceKlass kotlin/reflect/jvm/internal/impl/descriptors/runtime/structure/ReflectJavaAnnotationOwner
instanceKlass kotlin/reflect/jvm/internal/impl/load/java/JavaClassFinder$Request
instanceKlass kotlin/reflect/jvm/internal/impl/storage/SingleThreadValue
instanceKlass kotlin/reflect/jvm/internal/impl/load/kotlin/SignatureBuildingComponents
instanceKlass kotlin/reflect/jvm/internal/impl/builtins/jvm/JvmBuiltInsSignatures
instanceKlass kotlin/reflect/jvm/internal/impl/descriptors/TypeAliasDescriptor
instanceKlass kotlin/reflect/jvm/internal/impl/serialization/deserialization/descriptors/DeserializedAnnotations
instanceKlass kotlin/reflect/jvm/internal/impl/metadata/deserialization/ProtoTypeTableUtilKt
instanceKlass kotlin/reflect/jvm/internal/impl/types/AbstractTypeConstructor$Supertypes
instanceKlass kotlin/reflect/jvm/internal/impl/descriptors/TypeParameterUtilsKt
instanceKlass kotlin/reflect/jvm/internal/impl/protobuf/SmallSortedMap$EntryIterator
instanceKlass kotlin/reflect/jvm/internal/impl/protobuf/GeneratedMessageLite$ExtendableMessage$ExtensionWriter
instanceKlass kotlin/reflect/jvm/internal/impl/serialization/deserialization/descriptors/DeserializedMemberScope$OptimizedImplementation
instanceKlass kotlin/reflect/jvm/internal/impl/serialization/deserialization/descriptors/DeserializedMemberScope$Implementation
instanceKlass java/util/ArrayList$SubList$1
instanceKlass kotlin/reflect/jvm/internal/impl/load/java/lazy/descriptors/LazyJavaPackageScope$KotlinClassLookupResult
instanceKlass kotlin/reflect/jvm/internal/impl/serialization/deserialization/ProtoContainer
instanceKlass kotlin/reflect/jvm/internal/impl/descriptors/ScopesHolderForClass$Companion
instanceKlass kotlin/reflect/jvm/internal/impl/descriptors/ScopesHolderForClass
instanceKlass kotlin/reflect/jvm/internal/impl/metadata/deserialization/VersionSpecificBehaviorKt
instanceKlass kotlin/reflect/jvm/internal/impl/serialization/deserialization/ProtoEnumFlagsUtilsKt$WhenMappings
instanceKlass kotlin/reflect/jvm/internal/impl/serialization/deserialization/ProtoEnumFlagsUtilsKt
instanceKlass kotlin/reflect/jvm/internal/impl/serialization/deserialization/ProtoEnumFlags$WhenMappings
instanceKlass kotlin/reflect/jvm/internal/impl/metadata/ProtoBuf$MemberKind$1
instanceKlass kotlin/reflect/jvm/internal/impl/metadata/ProtoBuf$Class$Kind$1
instanceKlass kotlin/reflect/jvm/internal/impl/metadata/ProtoBuf$Modality$1
instanceKlass kotlin/reflect/jvm/internal/impl/metadata/ProtoBuf$Visibility$1
instanceKlass kotlin/reflect/jvm/internal/impl/metadata/deserialization/Flags$FlagField
instanceKlass kotlin/reflect/jvm/internal/impl/metadata/deserialization/Flags
instanceKlass kotlin/reflect/jvm/internal/impl/serialization/deserialization/ProtoEnumFlags
instanceKlass kotlin/reflect/jvm/internal/impl/metadata/jvm/deserialization/JvmNameResolver$WhenMappings
instanceKlass kotlin/reflect/jvm/internal/impl/serialization/deserialization/NameResolverUtilKt
instanceKlass kotlin/reflect/jvm/internal/impl/descriptors/DeserializedDescriptor
instanceKlass kotlin/reflect/jvm/internal/impl/serialization/deserialization/MemberDeserializer
instanceKlass kotlin/reflect/jvm/internal/impl/serialization/deserialization/TypeDeserializer
instanceKlass kotlin/reflect/jvm/internal/impl/serialization/deserialization/DeserializationContext
instanceKlass kotlin/reflect/jvm/internal/impl/metadata/deserialization/VersionRequirementTable$Companion
instanceKlass kotlin/reflect/jvm/internal/impl/metadata/deserialization/VersionRequirementTable
instanceKlass kotlin/reflect/jvm/internal/impl/metadata/deserialization/TypeTable
instanceKlass kotlin/reflect/jvm/internal/impl/serialization/deserialization/ClassDeserializer$ClassKey
instanceKlass kotlin/reflect/jvm/internal/impl/serialization/deserialization/ClassData
instanceKlass kotlin/reflect/jvm/internal/impl/serialization/deserialization/IncompatibleVersionErrorData
instanceKlass kotlin/reflect/jvm/internal/impl/serialization/deserialization/DeserializationConfiguration$DefaultImpls
instanceKlass kotlin/reflect/jvm/internal/impl/load/kotlin/KotlinJvmBinarySourceElement
instanceKlass kotlin/reflect/jvm/internal/impl/serialization/deserialization/descriptors/DeserializedContainerSource
instanceKlass kotlin/reflect/jvm/internal/impl/metadata/ProtoBuf$Type$Argument$Projection$1
instanceKlass kotlin/reflect/jvm/internal/impl/metadata/ProtoBuf$Type$ArgumentOrBuilder
instanceKlass kotlin/reflect/jvm/internal/impl/protobuf/SmallSortedMap$Entry
instanceKlass kotlin/reflect/jvm/internal/impl/protobuf/FieldSet$1
instanceKlass kotlin/reflect/jvm/internal/impl/protobuf/AbstractMessageLite$Builder
instanceKlass kotlin/reflect/jvm/internal/impl/protobuf/GeneratedMessageLite$1
instanceKlass kotlin/reflect/jvm/internal/impl/metadata/jvm/JvmProtoBuf$StringTableTypes$Record$Operation$1
instanceKlass kotlin/reflect/jvm/internal/impl/metadata/jvm/JvmProtoBuf$StringTableTypes$RecordOrBuilder
instanceKlass kotlin/reflect/jvm/internal/impl/protobuf/WireFormat
instanceKlass kotlin/reflect/jvm/internal/impl/protobuf/CodedOutputStream
instanceKlass kotlin/reflect/jvm/internal/impl/protobuf/CodedInputStream
instanceKlass kotlin/reflect/jvm/internal/impl/metadata/jvm/JvmProtoBuf$StringTableTypesOrBuilder
instanceKlass kotlin/collections/IndexedValue
instanceKlass kotlin/collections/IndexingIterator
instanceKlass kotlin/collections/IndexingIterable
instanceKlass kotlin/reflect/jvm/internal/impl/metadata/jvm/deserialization/JvmNameResolver$Companion
instanceKlass kotlin/reflect/jvm/internal/impl/metadata/jvm/deserialization/JvmNameResolver
instanceKlass kotlin/reflect/jvm/internal/impl/metadata/deserialization/NameResolver
instanceKlass kotlin/reflect/jvm/internal/impl/metadata/jvm/deserialization/UtfEncodingKt
instanceKlass kotlin/reflect/jvm/internal/impl/metadata/jvm/deserialization/BitEncoding
instanceKlass kotlin/reflect/jvm/internal/impl/load/kotlin/KotlinClassFinder$Result
instanceKlass kotlin/reflect/jvm/internal/impl/load/kotlin/header/KotlinClassHeader
instanceKlass kotlin/reflect/jvm/internal/impl/load/kotlin/header/ReadKotlinClassHeaderAnnotationVisitor$CollectStringArrayAnnotationVisitor
instanceKlass kotlin/reflect/jvm/internal/impl/descriptors/runtime/components/ReflectKotlinClassKt
instanceKlass kotlin/reflect/jvm/internal/impl/load/kotlin/KotlinJvmBinaryClass$AnnotationArrayArgumentVisitor
instanceKlass kotlin/reflect/jvm/internal/impl/load/kotlin/header/ReadKotlinClassHeaderAnnotationVisitor$KotlinMetadataArgumentVisitor
instanceKlass java/lang/annotation/Documented
instanceKlass java/lang/Deprecated
instanceKlass kotlin/reflect/jvm/internal/impl/resolve/jvm/JvmClassName
instanceKlass kotlin/reflect/jvm/internal/impl/load/java/JvmAnnotationNames
instanceKlass kotlin/reflect/jvm/internal/impl/descriptors/runtime/components/ReflectAnnotationSource
instanceKlass java/lang/Class$AnnotationData
instanceKlass kotlin/annotation/Retention
instanceKlass kotlin/reflect/jvm/internal/impl/descriptors/runtime/components/ReflectClassStructure
instanceKlass kotlin/reflect/jvm/internal/impl/load/kotlin/KotlinJvmBinaryClass$AnnotationArgumentVisitor
instanceKlass kotlin/reflect/jvm/internal/impl/load/kotlin/header/ReadKotlinClassHeaderAnnotationVisitor
instanceKlass kotlin/reflect/jvm/internal/impl/load/kotlin/KotlinJvmBinaryClass$AnnotationVisitor
instanceKlass kotlin/reflect/jvm/internal/impl/descriptors/runtime/components/ReflectKotlinClass$Factory
instanceKlass kotlin/reflect/jvm/internal/impl/descriptors/runtime/components/ReflectKotlinClass
instanceKlass kotlin/reflect/jvm/internal/impl/load/kotlin/KotlinJvmBinaryClass
instanceKlass kotlin/reflect/jvm/internal/impl/descriptors/runtime/components/ReflectJavaClassFinderKt
instanceKlass kotlin/reflect/jvm/internal/impl/descriptors/runtime/components/ReflectKotlinClassFinderKt
instanceKlass kotlin/reflect/jvm/internal/impl/load/java/lazy/descriptors/LazyJavaPackageScope$FindClassRequest
instanceKlass kotlin/reflect/jvm/internal/impl/incremental/UtilsKt
instanceKlass kotlin/reflect/jvm/internal/impl/resolve/scopes/ChainedMemberScope$Companion
instanceKlass kotlin/reflect/jvm/internal/impl/resolve/scopes/ChainedMemberScope
instanceKlass kotlin/reflect/jvm/internal/impl/load/java/lazy/LazyJavaAnnotations
instanceKlass kotlin/reflect/jvm/internal/impl/load/java/lazy/LazyJavaAnnotationsKt
instanceKlass kotlin/reflect/jvm/internal/impl/load/java/lazy/descriptors/JvmPackageScope
instanceKlass kotlin/UnsafeLazyImpl
instanceKlass kotlin/reflect/jvm/internal/impl/load/java/lazy/ContextKt
instanceKlass kotlin/reflect/jvm/internal/impl/storage/LockBasedStorageManager$KeyWithComputation
instanceKlass kotlin/reflect/jvm/internal/impl/descriptors/runtime/structure/ReflectJavaElement
instanceKlass kotlin/reflect/jvm/internal/impl/load/java/structure/JavaPackage
instanceKlass kotlin/reflect/jvm/internal/impl/load/java/structure/JavaAnnotationOwner
instanceKlass kotlin/reflect/jvm/internal/impl/load/java/structure/JavaElement
instanceKlass kotlin/reflect/jvm/internal/impl/descriptors/PackageFragmentProviderKt
instanceKlass kotlin/reflect/jvm/internal/impl/resolve/scopes/AbstractScopeAdapter
instanceKlass kotlin/reflect/jvm/internal/impl/resolve/ResolutionAnchorProviderKt
instanceKlass kotlin/reflect/jvm/internal/impl/descriptors/FindClassInModuleKt
instanceKlass kotlin/reflect/jvm/internal/impl/descriptors/runtime/components/PackagePartScopeCache
instanceKlass kotlin/reflect/jvm/internal/impl/load/kotlin/DeserializationComponentsForJava$Companion$ModuleData
instanceKlass kotlin/reflect/jvm/internal/impl/descriptors/impl/CompositePackageFragmentProvider
instanceKlass kotlin/reflect/jvm/internal/impl/descriptors/impl/ModuleDependenciesImpl
instanceKlass kotlin/reflect/jvm/internal/impl/descriptors/impl/ModuleDependencies
instanceKlass kotlin/reflect/jvm/internal/impl/builtins/jvm/JvmBuiltInClassDescriptorFactory$Companion
instanceKlass kotlin/reflect/jvm/internal/impl/builtins/jvm/JvmBuiltInClassDescriptorFactory
instanceKlass kotlin/reflect/jvm/internal/impl/builtins/functions/BuiltInFictitiousFunctionClassFactory
instanceKlass kotlin/reflect/jvm/internal/impl/descriptors/deserialization/ClassDescriptorFactory
instanceKlass kotlin/reflect/jvm/internal/impl/serialization/deserialization/FlexibleTypeDeserializer$ThrowException
instanceKlass kotlin/reflect/jvm/internal/impl/serialization/deserialization/ErrorReporter$1
instanceKlass kotlin/reflect/jvm/internal/impl/metadata/ProtoBuf$EnumEntryOrBuilder
instanceKlass kotlin/reflect/jvm/internal/impl/metadata/ProtoBuf$Annotation$Argument$Value$Type$1
instanceKlass kotlin/reflect/jvm/internal/impl/metadata/ProtoBuf$Annotation$Argument$ValueOrBuilder
instanceKlass kotlin/reflect/jvm/internal/impl/metadata/builtins/BuiltInsProtoBuf
instanceKlass kotlin/reflect/jvm/internal/impl/serialization/SerializerExtensionProtocol
instanceKlass kotlin/reflect/jvm/internal/impl/serialization/deserialization/AnnotationAndConstantLoaderImpl
instanceKlass kotlin/reflect/jvm/internal/impl/serialization/deserialization/DeserializedClassDataFinder
instanceKlass kotlin/reflect/jvm/internal/impl/builtins/jvm/JvmBuiltInsPackageFragmentProvider$Companion
instanceKlass kotlin/reflect/jvm/internal/impl/serialization/deserialization/AbstractDeserializedPackageFragmentProvider
instanceKlass kotlin/reflect/jvm/internal/impl/resolve/jvm/JavaDescriptorResolver
instanceKlass kotlin/reflect/jvm/internal/impl/serialization/deserialization/ClassDeserializer$Companion
instanceKlass kotlin/reflect/jvm/internal/impl/serialization/deserialization/ClassDeserializer
instanceKlass kotlin/reflect/jvm/internal/impl/descriptors/deserialization/PlatformDependentTypeTransformer$None
instanceKlass kotlin/reflect/jvm/internal/impl/descriptors/deserialization/PlatformDependentTypeTransformer
instanceKlass kotlin/reflect/jvm/internal/impl/protobuf/ExtensionRegistryLite$ObjectIntPair
instanceKlass kotlin/reflect/jvm/internal/impl/metadata/ProtoBuf$PackageOrBuilder
instanceKlass kotlin/reflect/jvm/internal/impl/metadata/ProtoBuf$VersionRequirementTableOrBuilder
instanceKlass kotlin/reflect/jvm/internal/impl/metadata/ProtoBuf$ClassOrBuilder
instanceKlass kotlin/reflect/jvm/internal/impl/metadata/ProtoBuf$TypeParameter$Variance$1
instanceKlass kotlin/reflect/jvm/internal/impl/protobuf/Internal$EnumLiteMap
instanceKlass kotlin/reflect/jvm/internal/impl/metadata/ProtoBuf$TypeParameterOrBuilder
instanceKlass kotlin/reflect/jvm/internal/impl/metadata/ProtoBuf$AnnotationOrBuilder
instanceKlass kotlin/reflect/jvm/internal/impl/metadata/jvm/JvmProtoBuf$JvmFieldSignatureOrBuilder
instanceKlass kotlin/reflect/jvm/internal/impl/metadata/jvm/JvmProtoBuf$JvmPropertySignatureOrBuilder
instanceKlass kotlin/reflect/jvm/internal/impl/metadata/ProtoBuf$ValueParameterOrBuilder
instanceKlass kotlin/reflect/jvm/internal/impl/metadata/ProtoBuf$PropertyOrBuilder
instanceKlass kotlin/reflect/jvm/internal/impl/metadata/ProtoBuf$ContractOrBuilder
instanceKlass kotlin/reflect/jvm/internal/impl/metadata/ProtoBuf$TypeTableOrBuilder
instanceKlass kotlin/reflect/jvm/internal/impl/metadata/ProtoBuf$TypeOrBuilder
instanceKlass kotlin/reflect/jvm/internal/impl/metadata/ProtoBuf$FunctionOrBuilder
instanceKlass kotlin/reflect/jvm/internal/impl/protobuf/Internal$EnumLite
instanceKlass kotlin/reflect/jvm/internal/impl/protobuf/GeneratedMessageLite$ExtensionDescriptor
instanceKlass kotlin/reflect/jvm/internal/impl/protobuf/GeneratedMessageLite$GeneratedExtension
instanceKlass kotlin/reflect/jvm/internal/impl/metadata/jvm/JvmProtoBuf$JvmMethodSignatureOrBuilder
instanceKlass kotlin/reflect/jvm/internal/impl/protobuf/ByteString$ByteIterator
instanceKlass kotlin/reflect/jvm/internal/impl/protobuf/ByteString
instanceKlass kotlin/reflect/jvm/internal/impl/protobuf/SmallSortedMap$EmptySet$2
instanceKlass kotlin/reflect/jvm/internal/impl/protobuf/SmallSortedMap$EmptySet$1
instanceKlass kotlin/reflect/jvm/internal/impl/protobuf/SmallSortedMap$EmptySet
instanceKlass kotlin/reflect/jvm/internal/impl/protobuf/LazyFieldLite
instanceKlass kotlin/reflect/jvm/internal/impl/protobuf/FieldSet
instanceKlass kotlin/reflect/jvm/internal/impl/protobuf/AbstractParser
instanceKlass kotlin/reflect/jvm/internal/impl/protobuf/MessageLite$Builder
instanceKlass kotlin/reflect/jvm/internal/impl/protobuf/Parser
instanceKlass kotlin/reflect/jvm/internal/impl/protobuf/FieldSet$FieldDescriptorLite
instanceKlass kotlin/reflect/jvm/internal/impl/protobuf/AbstractMessageLite
instanceKlass kotlin/reflect/jvm/internal/impl/metadata/ProtoBuf$ConstructorOrBuilder
instanceKlass kotlin/reflect/jvm/internal/impl/protobuf/GeneratedMessageLite$ExtendableMessageOrBuilder
instanceKlass kotlin/reflect/jvm/internal/impl/protobuf/MessageLite
instanceKlass kotlin/reflect/jvm/internal/impl/protobuf/MessageLiteOrBuilder
instanceKlass kotlin/reflect/jvm/internal/impl/metadata/jvm/JvmProtoBuf
instanceKlass kotlin/reflect/jvm/internal/impl/protobuf/ExtensionRegistryLite
instanceKlass kotlin/reflect/jvm/internal/impl/metadata/jvm/deserialization/JvmProtoBufUtil
instanceKlass kotlin/reflect/jvm/internal/impl/utils/WrappedValues$ThrowableWrapper
instanceKlass kotlin/reflect/jvm/internal/impl/types/KotlinTypeFactory
instanceKlass java/util/Collections$UnmodifiableCollection$1
instanceKlass kotlin/reflect/jvm/internal/impl/descriptors/FieldDescriptor
instanceKlass kotlin/reflect/jvm/internal/impl/descriptors/PropertySetterDescriptor
instanceKlass kotlin/reflect/jvm/internal/impl/descriptors/PropertyGetterDescriptor
instanceKlass kotlin/reflect/jvm/internal/impl/types/ErrorUtils$2
instanceKlass kotlin/reflect/jvm/internal/impl/types/ErrorUtils$ErrorScope
instanceKlass kotlin/reflect/jvm/internal/impl/util/ModuleVisibilityHelper$EMPTY
instanceKlass kotlin/reflect/jvm/internal/impl/descriptors/DescriptorVisibilities$12
instanceKlass kotlin/reflect/jvm/internal/impl/descriptors/DescriptorVisibilities$11
instanceKlass kotlin/reflect/jvm/internal/impl/descriptors/DescriptorVisibilities$10
instanceKlass kotlin/reflect/jvm/internal/impl/util/ModuleVisibilityHelper
instanceKlass kotlin/reflect/jvm/internal/impl/descriptors/DescriptorVisibility
instanceKlass kotlin/reflect/jvm/internal/impl/descriptors/Visibility
instanceKlass kotlin/reflect/jvm/internal/impl/descriptors/DescriptorVisibilities
instanceKlass kotlin/reflect/jvm/internal/impl/resolve/scopes/receivers/ReceiverValue
instanceKlass kotlin/reflect/jvm/internal/impl/descriptors/FunctionDescriptor$CopyBuilder
instanceKlass kotlin/reflect/jvm/internal/impl/descriptors/ClassConstructorDescriptor
instanceKlass kotlin/reflect/jvm/internal/impl/descriptors/ConstructorDescriptor
instanceKlass kotlin/reflect/jvm/internal/impl/types/ErrorUtils$1
instanceKlass kotlin/reflect/jvm/internal/impl/descriptors/SimpleFunctionDescriptor
instanceKlass kotlin/reflect/jvm/internal/impl/descriptors/PropertyDescriptor
instanceKlass kotlin/reflect/jvm/internal/impl/descriptors/VariableDescriptorWithAccessors
instanceKlass kotlin/reflect/jvm/internal/impl/descriptors/VariableDescriptor
instanceKlass kotlin/reflect/jvm/internal/impl/types/ErrorUtils
instanceKlass kotlin/reflect/jvm/internal/impl/types/TypeProjection
instanceKlass kotlin/reflect/jvm/internal/impl/types/model/TypeArgumentMarker
instanceKlass kotlin/reflect/jvm/internal/impl/types/TypeUtils
instanceKlass kotlin/reflect/jvm/internal/impl/descriptors/impl/AbstractClassDescriptor$1$1
instanceKlass kotlin/reflect/jvm/internal/impl/types/checker/KotlinTypeRefinerKt
instanceKlass kotlin/reflect/jvm/internal/impl/resolve/descriptorUtil/DescriptorUtilsKt
instanceKlass kotlin/reflect/jvm/internal/impl/resolve/DescriptorUtils
instanceKlass kotlin/reflect/jvm/internal/impl/resolve/scopes/MemberScopeImpl
instanceKlass java/util/Collections$UnmodifiableCollection
instanceKlass kotlin/reflect/jvm/internal/impl/types/ClassifierBasedTypeConstructor
instanceKlass kotlin/reflect/jvm/internal/impl/descriptors/ReceiverParameterDescriptor
instanceKlass kotlin/reflect/jvm/internal/impl/descriptors/ParameterDescriptor
instanceKlass kotlin/reflect/jvm/internal/impl/descriptors/ValueDescriptor
instanceKlass kotlin/reflect/jvm/internal/impl/descriptors/impl/AbstractClassDescriptor$3
instanceKlass kotlin/reflect/jvm/internal/impl/descriptors/impl/AbstractClassDescriptor$2
instanceKlass kotlin/reflect/jvm/internal/impl/descriptors/impl/AbstractClassDescriptor$1
instanceKlass kotlin/reflect/jvm/internal/impl/descriptors/Modality$Companion
instanceKlass kotlin/reflect/jvm/internal/impl/descriptors/impl/ModuleAwareClassDescriptor$Companion
instanceKlass kotlin/reflect/jvm/internal/impl/types/TypeConstructor
instanceKlass kotlin/reflect/jvm/internal/impl/types/model/TypeConstructorMarker
instanceKlass kotlin/reflect/jvm/internal/impl/resolve/scopes/MemberScope
instanceKlass kotlin/reflect/jvm/internal/impl/resolve/scopes/ResolutionScope
instanceKlass kotlin/reflect/jvm/internal/impl/descriptors/impl/ModuleAwareClassDescriptor
instanceKlass kotlin/reflect/jvm/internal/impl/descriptors/ClassDescriptor
instanceKlass kotlin/reflect/jvm/internal/impl/descriptors/ClassifierDescriptorWithTypeParameters
instanceKlass kotlin/reflect/jvm/internal/impl/descriptors/PackageViewDescriptor
instanceKlass kotlin/reflect/jvm/internal/impl/renderer/RenderingUtilsKt
instanceKlass kotlin/reflect/jvm/internal/impl/descriptors/ModuleDescriptor$DefaultImpls
instanceKlass kotlin/reflect/jvm/internal/impl/renderer/DescriptorRendererImpl$RenderDeclarationDescriptorVisitor
instanceKlass kotlin/reflect/jvm/internal/impl/descriptors/DeclarationDescriptorVisitor
instanceKlass kotlin/reflect/jvm/internal/impl/renderer/ClassifierNamePolicy$FULLY_QUALIFIED
instanceKlass kotlin/reflect/jvm/internal/impl/renderer/ClassifierNamePolicy$SHORT
instanceKlass kotlin/reflect/jvm/internal/impl/renderer/ExcludedTypeAnnotations
instanceKlass kotlin/reflect/jvm/internal/impl/renderer/DescriptorRenderer$ValueParametersHandler$DEFAULT
instanceKlass kotlin/reflect/jvm/internal/impl/renderer/DescriptorRenderer$ValueParametersHandler
instanceKlass kotlin/reflect/jvm/internal/impl/renderer/DescriptorRendererModifier$Companion
instanceKlass kotlin/properties/ObservableProperty
instanceKlass kotlin/properties/ReadWriteProperty
instanceKlass kotlin/properties/ReadOnlyProperty
instanceKlass kotlin/properties/Delegates
instanceKlass kotlin/reflect/jvm/internal/impl/renderer/ClassifierNamePolicy$SOURCE_CODE_QUALIFIED
instanceKlass kotlin/reflect/jvm/internal/impl/renderer/ClassifierNamePolicy
instanceKlass kotlin/reflect/jvm/internal/impl/renderer/DescriptorRendererOptionsImpl
instanceKlass kotlin/reflect/jvm/internal/impl/renderer/DescriptorRendererOptions
instanceKlass kotlin/reflect/jvm/internal/impl/renderer/DescriptorRenderer$Companion
instanceKlass kotlin/reflect/jvm/internal/impl/renderer/DescriptorRenderer
instanceKlass kotlin/reflect/jvm/internal/impl/descriptors/SourceElement$1
instanceKlass kotlin/reflect/jvm/internal/impl/descriptors/SourceElement
instanceKlass kotlin/reflect/jvm/internal/impl/descriptors/PackageFragmentDescriptor
instanceKlass kotlin/reflect/jvm/internal/impl/descriptors/ClassOrPackageFragmentDescriptor
instanceKlass kotlin/reflect/jvm/internal/impl/builtins/jvm/JavaToKotlinClassMapper
instanceKlass kotlin/reflect/jvm/internal/impl/builtins/jvm/JvmBuiltInsCustomizer
instanceKlass kotlin/reflect/jvm/internal/impl/storage/StorageKt
instanceKlass kotlin/reflect/jvm/internal/impl/load/kotlin/JavaFlexibleTypeDeserializer
instanceKlass kotlin/reflect/jvm/internal/impl/serialization/deserialization/FlexibleTypeDeserializer
instanceKlass kotlin/reflect/jvm/internal/impl/serialization/deserialization/LocalClassifierTypeSettings$Default
instanceKlass kotlin/reflect/jvm/internal/impl/serialization/deserialization/LocalClassifierTypeSettings
instanceKlass kotlin/reflect/jvm/internal/impl/serialization/deserialization/DeserializationComponents
instanceKlass kotlin/reflect/jvm/internal/impl/serialization/deserialization/ContractDeserializer$Companion$DEFAULT$1
instanceKlass kotlin/reflect/jvm/internal/impl/serialization/deserialization/ContractDeserializer$Companion
instanceKlass kotlin/reflect/jvm/internal/impl/serialization/deserialization/ContractDeserializer
instanceKlass kotlin/reflect/jvm/internal/impl/serialization/deserialization/DeserializationConfiguration$Default
instanceKlass kotlin/reflect/jvm/internal/impl/serialization/deserialization/DeserializationConfiguration
instanceKlass kotlin/reflect/jvm/internal/impl/resolve/constants/ConstantValue
instanceKlass kotlin/reflect/jvm/internal/impl/serialization/deserialization/AnnotationDeserializer
instanceKlass kotlin/reflect/jvm/internal/impl/load/kotlin/AbstractBinaryClassAnnotationAndConstantLoader
instanceKlass kotlin/reflect/jvm/internal/impl/serialization/deserialization/AnnotationAndConstantLoader
instanceKlass kotlin/reflect/jvm/internal/impl/load/kotlin/JavaClassDataFinder
instanceKlass kotlin/reflect/jvm/internal/impl/serialization/deserialization/ClassDataFinder
instanceKlass kotlin/reflect/jvm/internal/impl/load/java/lazy/types/JavaTypeAttributes
instanceKlass kotlin/reflect/jvm/internal/impl/load/java/lazy/types/JavaTypeResolverKt
instanceKlass kotlin/reflect/jvm/internal/impl/load/java/lazy/types/RawSubstitution$Companion
instanceKlass kotlin/reflect/jvm/internal/impl/types/TypeSubstitution$Companion
instanceKlass kotlin/reflect/jvm/internal/impl/types/TypeSubstitution
instanceKlass kotlin/reflect/jvm/internal/impl/load/java/lazy/types/TypeParameterUpperBoundEraser
instanceKlass kotlin/reflect/jvm/internal/impl/load/java/lazy/types/JavaTypeResolver
instanceKlass kotlin/InitializedLazyImpl
instanceKlass kotlin/reflect/jvm/internal/impl/load/java/lazy/TypeParameterResolver$EMPTY
instanceKlass kotlin/reflect/jvm/internal/impl/load/java/lazy/TypeParameterResolver
instanceKlass kotlin/reflect/jvm/internal/impl/load/java/lazy/LazyJavaResolverContext
instanceKlass kotlin/reflect/jvm/internal/impl/load/java/lazy/LazyJavaPackageFragmentProvider
instanceKlass kotlin/reflect/jvm/internal/impl/descriptors/PackageFragmentProviderOptimized
instanceKlass kotlin/reflect/jvm/internal/impl/descriptors/PackageFragmentProvider
instanceKlass kotlin/reflect/jvm/internal/impl/resolve/jvm/CompositeSyntheticJavaPartsProvider
instanceKlass kotlin/reflect/jvm/internal/impl/resolve/jvm/SyntheticJavaPartsProvider$Companion
instanceKlass kotlin/reflect/jvm/internal/impl/resolve/jvm/SyntheticJavaPartsProvider
instanceKlass kotlin/reflect/jvm/internal/impl/load/kotlin/DeserializationComponentsForJavaKt$makeLazyJavaPackageFragmentProvider$javaResolverComponents$1
instanceKlass kotlin/reflect/jvm/internal/impl/load/java/lazy/JavaModuleAnnotationsProvider
instanceKlass kotlin/reflect/jvm/internal/impl/resolve/OverridingUtil$1
instanceKlass kotlin/reflect/jvm/internal/impl/load/java/JavaIncompatibilityRulesOverridabilityCondition$Companion
instanceKlass kotlin/reflect/jvm/internal/impl/load/java/JavaIncompatibilityRulesOverridabilityCondition
instanceKlass kotlin/reflect/jvm/internal/impl/load/java/ErasedOverridabilityCondition
instanceKlass java/util/ServiceLoader$ProviderImpl
instanceKlass java/util/ServiceLoader$Provider
instanceKlass java/util/ServiceLoader$1
instanceKlass kotlin/reflect/jvm/internal/impl/load/java/FieldOverridabilityCondition
instanceKlass jdk/internal/loader/URLClassPath$1
instanceKlass java/lang/CompoundEnumeration
instanceKlass jdk/internal/loader/BuiltinClassLoader$1
instanceKlass java/util/Collections$EmptyEnumeration
instanceKlass java/util/Collections$EmptyIterator
instanceKlass java/util/ServiceLoader$3
instanceKlass java/util/ServiceLoader$2
instanceKlass java/util/ServiceLoader$LazyClassPathLookupIterator
instanceKlass java/util/ImmutableCollections$ListItr
instanceKlass java/util/Spliterators$1Adapter
instanceKlass java/util/stream/StreamOpFlag$MaskBuilder
instanceKlass java/util/stream/Stream
instanceKlass java/util/stream/BaseStream
instanceKlass java/util/stream/PipelineHelper
instanceKlass java/util/stream/StreamSupport
instanceKlass java/util/Spliterators$ArraySpliterator
instanceKlass java/util/Spliterator$OfDouble
instanceKlass java/util/Spliterator$OfLong
instanceKlass java/util/Spliterator$OfInt
instanceKlass java/util/Spliterator$OfPrimitive
instanceKlass java/util/Spliterator
instanceKlass java/util/Spliterators$EmptySpliterator
instanceKlass java/util/Spliterators
instanceKlass java/util/ServiceLoader$ModuleServicesLookupIterator
instanceKlass java/util/ServiceLoader
instanceKlass kotlin/reflect/jvm/internal/impl/resolve/ExternalOverridabilityCondition
instanceKlass kotlin/reflect/jvm/internal/impl/descriptors/PropertyAccessorDescriptor
instanceKlass kotlin/reflect/jvm/internal/impl/descriptors/VariableAccessorDescriptor
instanceKlass kotlin/reflect/jvm/internal/impl/descriptors/FunctionDescriptor
instanceKlass kotlin/reflect/jvm/internal/impl/descriptors/CallableMemberDescriptor
instanceKlass kotlin/reflect/jvm/internal/impl/descriptors/MemberDescriptor
instanceKlass kotlin/reflect/jvm/internal/impl/descriptors/CallableDescriptor
instanceKlass kotlin/reflect/jvm/internal/impl/descriptors/Substitutable
instanceKlass kotlin/reflect/jvm/internal/impl/descriptors/DeclarationDescriptorWithVisibility
instanceKlass kotlin/reflect/jvm/internal/impl/types/checker/KotlinTypeChecker$TypeConstructorEquality
instanceKlass kotlin/reflect/jvm/internal/impl/resolve/OverridingUtil
instanceKlass kotlin/reflect/jvm/internal/impl/types/AbstractTypePreparator
instanceKlass kotlin/reflect/jvm/internal/impl/types/AbstractTypeRefiner
instanceKlass kotlin/reflect/jvm/internal/impl/types/checker/NewKotlinTypeCheckerImpl
instanceKlass kotlin/reflect/jvm/internal/impl/types/checker/NewKotlinTypeChecker$Companion
instanceKlass kotlin/reflect/jvm/internal/impl/types/checker/NewKotlinTypeChecker
instanceKlass kotlin/reflect/jvm/internal/impl/types/checker/KotlinTypeChecker
instanceKlass kotlin/reflect/jvm/internal/impl/load/java/JavaClassesTracker$Default
instanceKlass kotlin/reflect/jvm/internal/impl/load/java/JavaClassesTracker
instanceKlass kotlin/reflect/jvm/internal/impl/load/java/lazy/JavaResolverSettings$Default
instanceKlass kotlin/reflect/jvm/internal/impl/load/java/lazy/JavaResolverSettings
instanceKlass kotlin/reflect/jvm/internal/impl/load/java/typeEnhancement/JavaTypeEnhancement
instanceKlass kotlin/reflect/jvm/internal/impl/load/java/typeEnhancement/SignatureEnhancement
instanceKlass kotlin/reflect/jvm/internal/impl/builtins/ReflectionTypes$ClassLookup
instanceKlass kotlin/reflect/jvm/internal/impl/builtins/ReflectionTypes$Companion
instanceKlass kotlin/reflect/jvm/internal/impl/builtins/ReflectionTypes
instanceKlass kotlin/reflect/jvm/internal/impl/incremental/components/LookupTracker$DO_NOTHING
instanceKlass kotlin/reflect/jvm/internal/impl/incremental/components/LookupTracker
instanceKlass kotlin/reflect/jvm/internal/impl/descriptors/SupertypeLoopChecker$EMPTY
instanceKlass kotlin/reflect/jvm/internal/impl/descriptors/SupertypeLoopChecker
instanceKlass kotlin/reflect/jvm/internal/impl/storage/LockBasedStorageManager$CacheWithNullableValuesBasedOnMemoizedFunction$1
instanceKlass kotlin/reflect/jvm/internal/impl/resolve/sam/SamConversionResolverImpl
instanceKlass kotlin/reflect/jvm/internal/impl/resolve/sam/SamConversionResolver
instanceKlass kotlin/reflect/jvm/internal/impl/load/java/components/JavaPropertyInitializerEvaluator$DoNothing
instanceKlass kotlin/reflect/jvm/internal/impl/load/java/components/JavaPropertyInitializerEvaluator
instanceKlass kotlin/reflect/jvm/internal/impl/load/java/components/JavaResolverCache$1
instanceKlass kotlin/reflect/jvm/internal/impl/load/java/components/JavaResolverCache
instanceKlass kotlin/reflect/jvm/internal/impl/load/java/components/SignaturePropagator$1
instanceKlass kotlin/reflect/jvm/internal/impl/load/java/components/SignaturePropagator
instanceKlass kotlin/reflect/jvm/internal/impl/load/java/lazy/JavaResolverComponents
instanceKlass kotlin/reflect/jvm/internal/impl/utils/WrappedValues$1
instanceKlass kotlin/reflect/jvm/internal/impl/utils/WrappedValues
instanceKlass kotlin/collections/EmptyIterator
instanceKlass kotlin/reflect/jvm/internal/impl/load/java/NullabilityAnnotationStates$Companion
instanceKlass kotlin/reflect/jvm/internal/impl/load/java/Jsr305Settings
instanceKlass kotlin/KotlinVersionCurrentValue
instanceKlass kotlin/KotlinVersion$Companion
instanceKlass kotlin/KotlinVersion
instanceKlass kotlin/reflect/jvm/internal/impl/load/java/ReportLevel$Companion
instanceKlass kotlin/reflect/jvm/internal/impl/load/java/JavaNullabilityAnnotationsStatus$Companion
instanceKlass kotlin/reflect/jvm/internal/impl/load/java/JavaNullabilityAnnotationsStatus
instanceKlass kotlin/reflect/jvm/internal/impl/load/java/NullabilityAnnotationStatesImpl
instanceKlass kotlin/reflect/jvm/internal/impl/load/java/NullabilityAnnotationStates
instanceKlass kotlin/reflect/jvm/internal/impl/load/java/JavaNullabilityAnnotationSettingsKt
instanceKlass kotlin/reflect/jvm/internal/impl/load/java/JavaTypeEnhancementState$Companion
instanceKlass kotlin/reflect/jvm/internal/impl/load/java/JavaTypeEnhancementState
instanceKlass kotlin/reflect/jvm/internal/impl/load/java/AnnotationTypeQualifierResolver
instanceKlass kotlin/reflect/jvm/internal/impl/load/kotlin/PackagePartProvider$Empty
instanceKlass kotlin/reflect/jvm/internal/impl/load/kotlin/PackagePartProvider
instanceKlass kotlin/reflect/jvm/internal/impl/load/kotlin/DeserializationComponentsForJavaKt
instanceKlass kotlin/reflect/jvm/internal/impl/descriptors/NotFoundClasses
instanceKlass kotlin/reflect/jvm/internal/impl/load/java/lazy/SingleModuleClassResolver
instanceKlass kotlin/reflect/jvm/internal/impl/load/java/lazy/ModuleClassResolver
instanceKlass kotlin/reflect/jvm/internal/impl/metadata/jvm/deserialization/JvmMetadataVersion$Companion
instanceKlass kotlin/reflect/jvm/internal/impl/metadata/deserialization/BinaryVersion$Companion
instanceKlass kotlin/reflect/jvm/internal/impl/metadata/deserialization/BinaryVersion
instanceKlass kotlin/reflect/jvm/internal/impl/load/kotlin/header/KotlinClassHeader$Kind$Companion
instanceKlass kotlin/reflect/jvm/internal/impl/load/kotlin/DeserializedDescriptorResolver$Companion
instanceKlass kotlin/reflect/jvm/internal/impl/load/kotlin/DeserializedDescriptorResolver
instanceKlass kotlin/reflect/jvm/internal/impl/builtins/KotlinBuiltIns$4
instanceKlass kotlin/reflect/jvm/internal/impl/descriptors/impl/PackageViewDescriptorFactory$Default
instanceKlass kotlin/reflect/jvm/internal/impl/descriptors/ModuleCapability
instanceKlass kotlin/reflect/jvm/internal/impl/descriptors/impl/PackageViewDescriptorFactory$Companion
instanceKlass kotlin/reflect/jvm/internal/impl/descriptors/impl/PackageViewDescriptorFactory
instanceKlass kotlin/reflect/jvm/internal/impl/descriptors/annotations/Annotations$Companion$EMPTY$1
instanceKlass kotlin/reflect/jvm/internal/impl/descriptors/annotations/Annotations$Companion
instanceKlass kotlin/reflect/jvm/internal/impl/descriptors/annotations/Annotations
instanceKlass kotlin/reflect/jvm/internal/impl/descriptors/annotations/AnnotatedImpl
instanceKlass kotlin/reflect/jvm/internal/impl/builtins/jvm/JvmBuiltIns$WhenMappings
instanceKlass kotlin/reflect/jvm/internal/impl/storage/LockBasedStorageManager$MapBasedMemoizedFunction
instanceKlass kotlin/reflect/jvm/internal/impl/builtins/KotlinBuiltIns$3
instanceKlass kotlin/reflect/jvm/internal/impl/builtins/KotlinBuiltIns$2
instanceKlass kotlin/reflect/jvm/internal/impl/storage/LockBasedStorageManager$LockBasedLazyValue
instanceKlass kotlin/reflect/jvm/internal/impl/builtins/KotlinBuiltIns$1
instanceKlass kotlin/reflect/jvm/internal/impl/types/model/TypeArgumentListMarker
instanceKlass kotlin/reflect/jvm/internal/impl/types/model/SimpleTypeMarker
instanceKlass kotlin/reflect/jvm/internal/impl/types/KotlinType
instanceKlass kotlin/reflect/jvm/internal/impl/types/model/KotlinTypeMarker
instanceKlass kotlin/reflect/jvm/internal/impl/incremental/components/LookupLocation
instanceKlass kotlin/reflect/jvm/internal/impl/descriptors/deserialization/PlatformDependentDeclarationFilter
instanceKlass kotlin/reflect/jvm/internal/impl/descriptors/deserialization/AdditionalClassPartsProvider
instanceKlass kotlin/reflect/jvm/internal/impl/descriptors/ModuleDescriptor
instanceKlass kotlin/reflect/jvm/internal/impl/descriptors/ClassifierDescriptor
instanceKlass kotlin/reflect/jvm/internal/impl/descriptors/DeclarationDescriptorNonRoot
instanceKlass kotlin/reflect/jvm/internal/impl/descriptors/DeclarationDescriptorWithSource
instanceKlass kotlin/reflect/jvm/internal/impl/descriptors/DeclarationDescriptor
instanceKlass kotlin/reflect/jvm/internal/impl/descriptors/annotations/Annotated
instanceKlass kotlin/reflect/jvm/internal/impl/descriptors/Named
instanceKlass kotlin/reflect/jvm/internal/impl/builtins/KotlinBuiltIns
instanceKlass kotlin/reflect/jvm/internal/impl/storage/DefaultSimpleLock
instanceKlass kotlin/reflect/jvm/internal/impl/storage/SimpleLock$Companion
instanceKlass kotlin/reflect/jvm/internal/impl/storage/EmptySimpleLock
instanceKlass kotlin/reflect/jvm/internal/impl/storage/LockBasedStorageManager$ExceptionHandlingStrategy$1
instanceKlass kotlin/reflect/jvm/internal/impl/storage/LockBasedStorageManager$ExceptionHandlingStrategy
instanceKlass kotlin/reflect/jvm/internal/impl/storage/NullableLazyValue
instanceKlass kotlin/reflect/jvm/internal/impl/storage/MemoizedFunctionToNullable
instanceKlass kotlin/reflect/jvm/internal/impl/storage/MemoizedFunctionToNotNull
instanceKlass kotlin/reflect/jvm/internal/impl/storage/NotNullLazyValue
instanceKlass kotlin/reflect/jvm/internal/impl/storage/CacheWithNullableValues
instanceKlass kotlin/reflect/jvm/internal/impl/storage/CacheWithNotNullValues
instanceKlass kotlin/reflect/jvm/internal/impl/storage/SimpleLock
instanceKlass kotlin/reflect/jvm/internal/impl/storage/LockBasedStorageManager
instanceKlass kotlin/reflect/jvm/internal/impl/storage/StorageManager
instanceKlass kotlin/reflect/jvm/internal/impl/descriptors/runtime/components/RuntimeSourceElementFactory
instanceKlass kotlin/reflect/jvm/internal/impl/load/java/sources/JavaSourceElementFactory
instanceKlass kotlin/reflect/jvm/internal/impl/descriptors/runtime/components/RuntimeErrorReporter
instanceKlass kotlin/reflect/jvm/internal/impl/serialization/deserialization/ErrorReporter
instanceKlass kotlin/reflect/jvm/internal/impl/descriptors/runtime/components/ReflectJavaClassFinder
instanceKlass kotlin/reflect/jvm/internal/impl/load/java/JavaClassFinder
instanceKlass kotlin/Unit
instanceKlass kotlin/reflect/jvm/internal/impl/load/kotlin/DeserializationComponentsForJava$Companion
instanceKlass kotlin/reflect/jvm/internal/impl/load/kotlin/DeserializationComponentsForJava
instanceKlass kotlin/reflect/jvm/internal/impl/serialization/deserialization/builtins/BuiltInsResourceLoader
instanceKlass kotlin/reflect/jvm/internal/impl/descriptors/runtime/components/ReflectKotlinClassFinder
instanceKlass kotlin/reflect/jvm/internal/impl/load/kotlin/KotlinClassFinder
instanceKlass kotlin/reflect/jvm/internal/impl/serialization/deserialization/KotlinMetadataFinder
instanceKlass kotlin/reflect/jvm/internal/impl/descriptors/runtime/components/RuntimeModuleData$Companion
instanceKlass kotlin/reflect/jvm/internal/impl/descriptors/runtime/components/RuntimeModuleData
instanceKlass kotlin/reflect/jvm/internal/WeakClassLoaderBox
instanceKlass kotlin/reflect/jvm/internal/ModuleByClassLoaderKt
instanceKlass kotlin/reflect/jvm/internal/impl/name/SpecialNames
instanceKlass kotlin/reflect/jvm/internal/impl/builtins/CompanionObjectMapping
instanceKlass java/util/EnumMap$1
instanceKlass kotlin/reflect/jvm/internal/impl/name/FqNamesUtilKt
instanceKlass kotlin/reflect/jvm/internal/impl/utils/CollectionsKt
instanceKlass kotlin/reflect/jvm/internal/impl/builtins/PrimitiveType$Companion
instanceKlass kotlin/reflect/jvm/internal/impl/builtins/StandardNames$FqNames
instanceKlass kotlin/reflect/jvm/internal/impl/builtins/jvm/JavaToKotlinClassMap$PlatformMutabilityMapping
instanceKlass kotlin/reflect/jvm/internal/impl/builtins/functions/FunctionClassKind$Companion
instanceKlass kotlin/collections/SetsKt__SetsJVMKt
instanceKlass kotlin/reflect/jvm/internal/impl/builtins/StandardNames
instanceKlass kotlin/reflect/jvm/internal/impl/builtins/jvm/JavaToKotlinClassMap
instanceKlass kotlin/jvm/functions/Function22
instanceKlass kotlin/jvm/functions/Function21
instanceKlass kotlin/jvm/functions/Function20
instanceKlass kotlin/jvm/functions/Function19
instanceKlass kotlin/jvm/functions/Function18
instanceKlass kotlin/jvm/functions/Function17
instanceKlass kotlin/jvm/functions/Function16
instanceKlass kotlin/jvm/functions/Function15
instanceKlass kotlin/jvm/functions/Function14
instanceKlass kotlin/jvm/functions/Function13
instanceKlass kotlin/jvm/functions/Function12
instanceKlass kotlin/jvm/functions/Function11
instanceKlass kotlin/jvm/functions/Function10
instanceKlass kotlin/jvm/functions/Function9
instanceKlass kotlin/jvm/functions/Function8
instanceKlass kotlin/jvm/functions/Function7
instanceKlass kotlin/jvm/functions/Function6
instanceKlass kotlin/jvm/functions/Function5
instanceKlass kotlin/jvm/functions/Function4
instanceKlass kotlin/jvm/functions/Function3
instanceKlass kotlin/Pair
instanceKlass kotlin/TuplesKt
instanceKlass kotlin/reflect/jvm/internal/impl/descriptors/runtime/structure/ReflectClassUtilKt
instanceKlass kotlin/reflect/jvm/internal/KDeclarationContainerImpl$Data
instanceKlass kotlin/text/RegexKt
instanceKlass kotlin/reflect/jvm/internal/impl/name/ClassId
instanceKlass kotlin/reflect/jvm/internal/RuntimeTypeMapper
instanceKlass sun/reflect/misc/ReflectUtil
instanceKlass java/util/concurrent/atomic/AtomicReferenceFieldUpdater$AtomicReferenceFieldUpdaterImpl$1
instanceKlass java/util/concurrent/atomic/AtomicReferenceFieldUpdater
instanceKlass kotlin/SafePublicationLazyImpl$Companion
instanceKlass kotlin/SafePublicationLazyImpl
instanceKlass kotlin/LazyKt__LazyJVMKt$WhenMappings
instanceKlass kotlin/reflect/jvm/internal/KPropertyImpl$Companion
instanceKlass kotlin/reflect/jvm/internal/KCallableImpl
instanceKlass kotlin/reflect/jvm/internal/impl/name/FqNameUnsafe$1
instanceKlass kotlin/reflect/jvm/internal/impl/name/Name
instanceKlass kotlin/reflect/jvm/internal/impl/name/FqNameUnsafe
instanceKlass kotlin/reflect/jvm/internal/impl/name/FqName
instanceKlass kotlin/reflect/jvm/internal/UtilKt
instanceKlass kotlin/reflect/jvm/ReflectJvmMapping
instanceKlass org/jetbrains/kotlin/cli/common/arguments/ArgumentUtilsKt
instanceKlass kotlin/reflect/KMutableProperty$Setter
instanceKlass kotlin/reflect/KProperty$Getter
instanceKlass kotlin/reflect/KProperty$Accessor
instanceKlass org/jetbrains/kotlin/cli/common/ArgumentsKt
instanceKlass org/jetbrains/kotlin/cli/common/messages/PrintingMessageCollector
instanceKlass kotlin/jvm/internal/CollectionToArray
instanceKlass kotlin/reflect/jvm/internal/pcollections/MapEntry
instanceKlass kotlin/reflect/jvm/internal/ReflectProperties$Val$1
instanceKlass kotlin/reflect/jvm/internal/ReflectProperties$Val
instanceKlass kotlin/reflect/jvm/internal/ReflectProperties
instanceKlass kotlin/jvm/internal/Lambda
instanceKlass kotlin/text/Regex$Companion
instanceKlass kotlin/text/Regex
instanceKlass kotlin/jvm/internal/DefaultConstructorMarker
instanceKlass kotlin/reflect/jvm/internal/KDeclarationContainerImpl$Companion
instanceKlass kotlin/reflect/jvm/internal/KTypeParameterOwnerImpl
instanceKlass kotlin/reflect/jvm/internal/KClassifierImpl
instanceKlass kotlin/reflect/jvm/internal/pcollections/ConsPStack
instanceKlass kotlin/reflect/jvm/internal/pcollections/IntTree
instanceKlass kotlin/reflect/jvm/internal/pcollections/IntTreePMap
instanceKlass kotlin/reflect/jvm/internal/pcollections/HashPMap
instanceKlass kotlin/reflect/jvm/internal/KClassCacheKt
instanceKlass kotlin/reflect/jvm/internal/KDeclarationContainerImpl
instanceKlass kotlin/jvm/internal/ClassBasedDeclarationContainer
instanceKlass kotlin/reflect/KTypeParameter
instanceKlass kotlin/reflect/KType
instanceKlass kotlin/reflect/KMutableProperty2
instanceKlass kotlin/reflect/KProperty2
instanceKlass kotlin/reflect/KMutableProperty1
instanceKlass kotlin/reflect/KProperty1
instanceKlass kotlin/reflect/KMutableProperty0
instanceKlass kotlin/reflect/KMutableProperty
instanceKlass kotlin/reflect/KProperty0
instanceKlass kotlin/reflect/KProperty
instanceKlass kotlin/reflect/KClass
instanceKlass kotlin/jvm/internal/ReflectionFactory
instanceKlass kotlin/reflect/KClassifier
instanceKlass kotlin/jvm/internal/Reflection
instanceKlass kotlin/jvm/JvmClassMappingKt
instanceKlass org/jetbrains/kotlin/cli/common/arguments/Disables
instanceKlass kotlin/jvm/internal/RepeatableContainer
instanceKlass org/jetbrains/kotlin/cli/common/arguments/Enables$Container
instanceKlass org/jetbrains/kotlin/config/LanguageFeature$Companion
instanceKlass java/math/MutableBigInteger
instanceKlass java/lang/StrictMath
instanceKlass org/jetbrains/kotlin/config/MavenComparableVersion$IntegerItem
instanceKlass org/jetbrains/kotlin/config/MavenComparableVersion$Item
instanceKlass org/jetbrains/kotlin/config/MavenComparableVersion
instanceKlass org/jetbrains/kotlin/config/ApiVersion$Companion
instanceKlass org/jetbrains/kotlin/config/LanguageVersion$Companion
instanceKlass org/jetbrains/kotlin/config/ApiVersion
instanceKlass org/jetbrains/kotlin/config/LanguageFeatureBehaviorAfterSinceVersion
instanceKlass org/jetbrains/kotlin/config/LanguageOrApiVersion
instanceKlass org/jetbrains/kotlin/utils/DescriptionAware
instanceKlass java/lang/annotation/Repeatable
instanceKlass kotlin/annotation/Repeatable
instanceKlass org/jetbrains/kotlin/cli/common/arguments/Enables
instanceKlass java/lang/Class$1
instanceKlass jdk/internal/reflect/ClassDefiner$1
instanceKlass jdk/internal/reflect/ClassDefiner
instanceKlass jdk/internal/reflect/MethodAccessorGenerator$1
instanceKlass jdk/internal/reflect/Label$PatchInfo
instanceKlass jdk/internal/reflect/Label
instanceKlass jdk/internal/reflect/UTF8
instanceKlass jdk/internal/reflect/ClassFileAssembler
instanceKlass jdk/internal/reflect/ByteVectorImpl
instanceKlass jdk/internal/reflect/ByteVector
instanceKlass jdk/internal/reflect/ByteVectorFactory
instanceKlass jdk/internal/reflect/AccessorGenerator
instanceKlass jdk/internal/reflect/ClassFileConstants
instanceKlass kotlin/collections/builders/MapBuilder$EntryRef
instanceKlass kotlin/jvm/internal/markers/KMutableMap$Entry
instanceKlass kotlin/collections/builders/MapBuilder$Itr
instanceKlass kotlin/jvm/internal/markers/KMutableIterator
instanceKlass org/jetbrains/kotlin/cli/common/arguments/ArgumentField
instanceKlass org/jetbrains/kotlin/util/capitalizeDecapitalize/CapitalizeDecapitalizeKt
instanceKlass kotlin/_Assertions
instanceKlass org/jetbrains/kotlin/name/ClassId$Companion
instanceKlass org/jetbrains/kotlin/name/ClassId
instanceKlass org/jetbrains/kotlin/name/Name
instanceKlass org/jetbrains/kotlin/name/FqNameUnsafe$Companion
instanceKlass org/jetbrains/kotlin/name/FqNameUnsafe
instanceKlass org/jetbrains/kotlin/name/FqName$Companion
instanceKlass org/jetbrains/kotlin/name/FqName
instanceKlass org/jetbrains/kotlin/load/java/JvmAbi
instanceKlass kotlin/Metadata
instanceKlass java/lang/annotation/Target
instanceKlass java/lang/reflect/Proxy$ProxyBuilder$1
instanceKlass jdk/internal/org/objectweb/asm/Edge
instanceKlass java/lang/reflect/ProxyGenerator$PrimitiveTypeInfo
instanceKlass java/util/StringJoiner
instanceKlass java/lang/reflect/ProxyGenerator$ProxyMethod
instanceKlass java/lang/WeakPairMap$Pair$Lookup
instanceKlass java/lang/WeakPairMap$Pair
instanceKlass java/lang/WeakPairMap
instanceKlass java/lang/Module$ReflectionData
instanceKlass java/util/function/Consumer
instanceKlass jdk/internal/module/Checks
instanceKlass java/lang/module/ModuleDescriptor$Builder
instanceKlass java/util/LinkedHashMap$LinkedHashIterator
instanceKlass java/lang/PublicMethods
instanceKlass java/util/Collections$1
instanceKlass java/lang/reflect/Proxy$ProxyBuilder
instanceKlass jdk/internal/loader/AbstractClassLoaderValue$Memoizer
instanceKlass java/lang/ClassValue$Version
instanceKlass java/lang/ClassValue$Identity
instanceKlass java/lang/ClassValue
instanceKlass java/lang/reflect/Proxy
instanceKlass sun/reflect/annotation/AnnotationInvocationHandler
instanceKlass java/lang/reflect/InvocationHandler
instanceKlass sun/reflect/annotation/AnnotationParser$1
instanceKlass kotlin/annotation/Target
instanceKlass java/lang/annotation/Inherited
instanceKlass java/lang/annotation/Retention
instanceKlass sun/reflect/annotation/ExceptionProxy
instanceKlass sun/reflect/annotation/AnnotationType$1
instanceKlass sun/reflect/annotation/AnnotationType
instanceKlass java/lang/reflect/GenericArrayType
instanceKlass sun/reflect/generics/visitor/Reifier
instanceKlass sun/reflect/generics/visitor/TypeTreeVisitor
instanceKlass sun/reflect/generics/factory/CoreReflectionFactory
instanceKlass sun/reflect/generics/factory/GenericsFactory
instanceKlass sun/reflect/generics/scope/AbstractScope
instanceKlass sun/reflect/generics/scope/Scope
instanceKlass sun/reflect/generics/tree/ClassTypeSignature
instanceKlass sun/reflect/generics/tree/SimpleClassTypeSignature
instanceKlass sun/reflect/generics/tree/FieldTypeSignature
instanceKlass sun/reflect/generics/tree/BaseType
instanceKlass sun/reflect/generics/tree/TypeSignature
instanceKlass sun/reflect/generics/tree/ReturnType
instanceKlass sun/reflect/generics/tree/TypeArgument
instanceKlass sun/reflect/generics/tree/TypeTree
instanceKlass sun/reflect/generics/tree/Tree
instanceKlass sun/reflect/generics/parser/SignatureParser
instanceKlass kotlin/jvm/internal/markers/KMutableSet
instanceKlass kotlin/jvm/internal/markers/KMutableCollection
instanceKlass kotlin/jvm/internal/markers/KMutableIterable
instanceKlass sun/reflect/annotation/AnnotationParser
instanceKlass org/jetbrains/kotlin/cli/common/arguments/Argument
instanceKlass kotlin/collections/EmptySet
instanceKlass kotlin/collections/EmptyMap
instanceKlass kotlin/ranges/RangesKt__RangesKt
instanceKlass kotlin/collections/builders/ListBuilderKt
instanceKlass kotlin/collections/builders/MapBuilder$Companion
instanceKlass kotlin/collections/builders/MapBuilder
instanceKlass kotlin/jvm/internal/markers/KMutableMap
instanceKlass kotlin/collections/MapsKt__MapWithDefaultKt
instanceKlass kotlin/io/CloseableKt
instanceKlass kotlin/text/CharsKt__CharJVMKt
instanceKlass java/nio/charset/CoderResult
instanceKlass kotlin/sequences/GeneratorSequence$iterator$1
instanceKlass java/lang/invoke/VarHandle$AccessDescriptor
instanceKlass kotlin/sequences/ConstrainedOnceSequence
instanceKlass kotlin/sequences/GeneratorSequence
instanceKlass kotlin/sequences/Sequence
instanceKlass kotlin/sequences/SequencesKt__SequenceBuilderKt
instanceKlass java/nio/charset/CharsetDecoder
instanceKlass java/io/Reader
instanceKlass java/lang/Readable
instanceKlass java/nio/charset/StandardCharsets
instanceKlass kotlin/text/Charsets
instanceKlass java/util/Arrays$ArrayItr
instanceKlass org/jetbrains/kotlin/cli/common/arguments/PreprocessCommandLineArgumentsKt
instanceKlass org/jetbrains/kotlin/cli/common/arguments/ArgumentParseErrors
instanceKlass org/jetbrains/kotlin/cli/common/arguments/ParseCommandLineArgumentsKt
instanceKlass kotlin/collections/ArraysUtilJVM
instanceKlass kotlin/collections/ArraysKt__ArraysJVMKt
instanceKlass java/lang/ProcessEnvironment$ExternalData
instanceKlass java/lang/ProcessEnvironment
instanceKlass org/jetbrains/kotlin/cli/common/arguments/CommonCompilerArgumentsConfigurator
instanceKlass kotlin/collections/EmptyList
instanceKlass kotlin/collections/CollectionsKt__CollectionsJVMKt
instanceKlass org/jetbrains/kotlin/config/Services$Builder
instanceKlass org/jetbrains/kotlin/config/Services$Companion
instanceKlass org/jetbrains/kotlin/cli/common/messages/XcodeStyleMessageRenderer
instanceKlass org/jetbrains/kotlin/cli/common/messages/GradleStyleMessageRenderer
instanceKlass java/lang/Class$3
instanceKlass org/jetbrains/kotlin/cli/common/messages/CompilerMessageSeverity$Companion
instanceKlass java/io/FileInputStream$1
instanceKlass java/lang/Shutdown$Lock
instanceKlass java/lang/Shutdown
instanceKlass java/io/DeleteOnExitHook$1
instanceKlass java/io/DeleteOnExitHook
instanceKlass java/io/FileOutputStream$1
instanceKlass java/util/Random
instanceKlass java/util/random/RandomGenerator
instanceKlass java/util/Formattable
instanceKlass java/util/Formatter$Flags
instanceKlass java/util/Formatter$FormatSpecifier
instanceKlass java/util/Formatter$Conversion
instanceKlass java/util/Formatter$FixedString
instanceKlass java/util/Formatter$FormatString
instanceKlass java/util/regex/CharPredicates
instanceKlass java/util/Formatter
instanceKlass org/jetbrains/kotlin/org/fusesource/jansi/internal/OSInfo
instanceKlass java/util/regex/IntHashSet
instanceKlass java/util/regex/Matcher
instanceKlass java/util/regex/MatchResult
instanceKlass java/util/regex/Pattern$TreeInfo
instanceKlass java/util/regex/Pattern$BitClass
instanceKlass java/util/regex/Pattern$BmpCharPredicate
instanceKlass java/util/regex/Pattern$CharPredicate
instanceKlass java/util/regex/Pattern$Node
instanceKlass java/util/regex/Pattern
instanceKlass java/util/Properties$LineReader
instanceKlass sun/nio/fs/UnixFileKey
instanceKlass sun/net/www/MessageHeader
instanceKlass sun/net/www/protocol/jar/JarFileFactory
instanceKlass sun/net/www/protocol/jar/URLJarFile$URLJarFileCloseController
instanceKlass java/net/URLConnection
instanceKlass org/jetbrains/kotlin/org/fusesource/jansi/internal/JansiLoader$1
instanceKlass java/io/FilenameFilter
instanceKlass org/jetbrains/kotlin/org/fusesource/jansi/internal/JansiLoader
instanceKlass org/jetbrains/kotlin/org/fusesource/jansi/internal/CLibrary
instanceKlass kotlin/text/StringsKt__AppendableKt
instanceKlass org/jetbrains/kotlin/cli/common/PropertiesKt
instanceKlass org/jetbrains/kotlin/cli/common/messages/PlainTextMessageRenderer$Companion
instanceKlass org/jetbrains/kotlin/cli/common/messages/PlainTextMessageRenderer
instanceKlass org/jetbrains/kotlin/cli/common/messages/XmlMessageRenderer
instanceKlass org/jetbrains/kotlin/cli/common/messages/MessageRenderer
instanceKlass org/jetbrains/kotlin/com/intellij/util/ArrayUtilRt
instanceKlass java/lang/invoke/VarForm
instanceKlass java/lang/invoke/VarHandleGuards
instanceKlass jdk/internal/util/Preconditions$1
instanceKlass java/util/function/BiFunction
instanceKlass java/lang/invoke/VarHandle$1
instanceKlass java/lang/invoke/VarHandles
instanceKlass java/util/ListIterator
instanceKlass java/util/concurrent/atomic/AtomicReference
instanceKlass org/jetbrains/kotlin/com/intellij/util/containers/ConcurrentList
instanceKlass org/jetbrains/kotlin/com/intellij/util/containers/ConcurrentIntObjectMap
instanceKlass org/jetbrains/kotlin/com/intellij/util/containers/IntObjectMap
instanceKlass org/jetbrains/kotlin/com/intellij/util/containers/ContainerUtil
instanceKlass org/jetbrains/kotlin/com/intellij/openapi/application/ApplicationManager
instanceKlass java/util/logging/Level
instanceKlass java/util/ImmutableCollections$SetN$SetNIterator
instanceKlass java/util/ArrayList$Itr
instanceKlass java/lang/invoke/InvokerBytecodeGenerator$ClassData
instanceKlass jdk/internal/org/objectweb/asm/Frame
instanceKlass java/lang/invoke/LambdaFormBuffer
instanceKlass java/lang/invoke/LambdaFormEditor$TransformKey
instanceKlass java/lang/invoke/LambdaFormEditor
instanceKlass sun/invoke/util/Wrapper$1
instanceKlass java/lang/invoke/DelegatingMethodHandle$Holder
instanceKlass java/lang/invoke/DirectMethodHandle$2
instanceKlass java/lang/invoke/ClassSpecializer$Factory
instanceKlass java/lang/invoke/ClassSpecializer$SpeciesData
instanceKlass java/lang/invoke/ClassSpecializer$1
instanceKlass java/lang/invoke/ClassSpecializer
instanceKlass java/lang/invoke/InnerClassLambdaMetafactory$1
instanceKlass org/jetbrains/kotlin/com/intellij/openapi/diagnostic/Attachment
instanceKlass org/jetbrains/kotlin/com/intellij/openapi/diagnostic/Logger$DefaultFactory
instanceKlass org/jetbrains/kotlin/com/intellij/openapi/diagnostic/Logger$Factory
instanceKlass org/jetbrains/kotlin/com/intellij/openapi/diagnostic/Logger
instanceKlass org/jetbrains/kotlin/cli/jvm/compiler/IdeaStandaloneExecutionSetup
instanceKlass org/jetbrains/kotlin/cli/jvm/compiler/CompatKt
instanceKlass kotlin/jvm/functions/Function2
instanceKlass kotlin/jvm/internal/CallableReference$NoReceiver
instanceKlass kotlin/reflect/KDeclarationContainer
instanceKlass kotlin/jvm/internal/CallableReference
instanceKlass kotlin/reflect/KFunction
instanceKlass kotlin/reflect/KCallable
instanceKlass kotlin/reflect/KAnnotatedElement
instanceKlass kotlin/jvm/internal/FunctionBase
instanceKlass kotlin/jvm/functions/Function1
instanceKlass org/jetbrains/kotlin/cli/common/CompilerSystemProperties$Companion
instanceKlass kotlin/collections/AbstractList$Companion
instanceKlass kotlin/collections/AbstractCollection
instanceKlass kotlin/enums/EnumEntries
instanceKlass kotlin/enums/EnumEntriesKt
instanceKlass jdk/internal/jimage/ImageLocation
instanceKlass jdk/internal/jimage/decompressor/Decompressor
instanceKlass jdk/internal/jimage/ImageStringsReader
instanceKlass jdk/internal/jimage/ImageStrings
instanceKlass jdk/internal/jimage/ImageHeader
instanceKlass jdk/internal/jimage/NativeImageBuffer$1
instanceKlass jdk/internal/jimage/NativeImageBuffer
instanceKlass jdk/internal/jimage/BasicImageReader$1
instanceKlass jdk/internal/jimage/BasicImageReader
instanceKlass jdk/internal/jimage/ImageReader
instanceKlass jdk/internal/jimage/ImageReaderFactory$1
instanceKlass java/net/URI$Parser
instanceKlass java/nio/file/FileSystems$DefaultFileSystemHolder$1
instanceKlass java/nio/file/FileSystems$DefaultFileSystemHolder
instanceKlass java/nio/file/FileSystems
instanceKlass java/nio/file/Paths
instanceKlass jdk/internal/jimage/ImageReaderFactory
instanceKlass jdk/internal/module/SystemModuleFinders$SystemImage
instanceKlass jdk/internal/module/SystemModuleFinders$SystemModuleReader
instanceKlass java/lang/module/ModuleReader
instanceKlass jdk/internal/loader/BuiltinClassLoader$5
instanceKlass jdk/internal/loader/BuiltinClassLoader$2
instanceKlass jdk/internal/module/Resources
instanceKlass kotlin/UNINITIALIZED_VALUE
instanceKlass kotlin/SynchronizedLazyImpl
instanceKlass kotlin/Lazy
instanceKlass kotlin/LazyKt__LazyJVMKt
instanceKlass sun/invoke/empty/Empty
instanceKlass sun/invoke/util/VerifyType
instanceKlass java/lang/invoke/MethodHandles$Lookup$ClassDefiner
instanceKlass java/util/ImmutableCollections$Set12$1
instanceKlass java/lang/StringUTF16
instanceKlass jdk/internal/org/objectweb/asm/ClassReader
instanceKlass java/lang/invoke/MethodHandles$Lookup$ClassFile
instanceKlass jdk/internal/org/objectweb/asm/Handler
instanceKlass jdk/internal/org/objectweb/asm/AnnotationVisitor
instanceKlass jdk/internal/org/objectweb/asm/Attribute
instanceKlass jdk/internal/org/objectweb/asm/Label
instanceKlass jdk/internal/org/objectweb/asm/MethodVisitor
instanceKlass jdk/internal/org/objectweb/asm/FieldVisitor
instanceKlass java/lang/invoke/LambdaProxyClassArchive
instanceKlass jdk/internal/org/objectweb/asm/ByteVector
instanceKlass jdk/internal/org/objectweb/asm/Symbol
instanceKlass jdk/internal/org/objectweb/asm/SymbolTable
instanceKlass jdk/internal/org/objectweb/asm/ClassVisitor
instanceKlass java/lang/invoke/InfoFromMemberName
instanceKlass java/lang/invoke/MethodHandleInfo
instanceKlass jdk/internal/org/objectweb/asm/ConstantDynamic
instanceKlass sun/invoke/util/BytecodeDescriptor
instanceKlass jdk/internal/org/objectweb/asm/Handle
instanceKlass sun/security/action/GetBooleanAction
instanceKlass jdk/internal/org/objectweb/asm/Type
instanceKlass java/lang/invoke/AbstractValidatingLambdaMetafactory
instanceKlass java/lang/invoke/MethodHandleImpl$1
instanceKlass jdk/internal/access/JavaLangInvokeAccess
instanceKlass java/lang/invoke/Invokers$Holder
instanceKlass java/lang/invoke/BootstrapMethodInvoker
instanceKlass kotlin/jvm/functions/Function0
instanceKlass kotlin/Function
instanceKlass java/lang/invoke/InvokerBytecodeGenerator$2
instanceKlass java/lang/invoke/InvokerBytecodeGenerator
instanceKlass java/lang/invoke/LambdaForm$Holder
instanceKlass java/lang/invoke/LambdaForm$Name
instanceKlass java/lang/reflect/Array
instanceKlass java/lang/invoke/Invokers
instanceKlass java/lang/invoke/MethodHandleImpl
instanceKlass sun/invoke/util/ValueConversions
instanceKlass java/lang/invoke/DirectMethodHandle$Holder
instanceKlass java/lang/invoke/LambdaForm$NamedFunction
instanceKlass sun/invoke/util/Wrapper$Format
instanceKlass java/lang/invoke/MethodTypeForm
instanceKlass java/lang/invoke/MethodType$ConcurrentWeakInternSet
instanceKlass java/lang/invoke/LambdaMetafactory
instanceKlass kotlin/jvm/internal/Intrinsics
instanceKlass org/jetbrains/kotlin/cli/jvm/K2JVMCompiler$Companion
instanceKlass org/jetbrains/kotlin/cli/common/CLICompiler$Companion
instanceKlass java/lang/Void
instanceKlass java/lang/PublicMethods$Key
instanceKlass java/lang/PublicMethods$MethodList
instanceKlass org/jetbrains/kotlin/util/PerformanceManager
instanceKlass org/jetbrains/kotlin/utils/KotlinPaths
instanceKlass org/jetbrains/kotlin/com/intellij/openapi/Disposable
instanceKlass org/jetbrains/kotlin/config/CompilerConfiguration
instanceKlass org/jetbrains/kotlin/config/Services
instanceKlass org/jetbrains/kotlin/cli/common/arguments/Freezable
instanceKlass org/jetbrains/kotlin/cli/common/messages/MessageCollector
instanceKlass org/jetbrains/kotlin/platform/TargetPlatform
instanceKlass kotlin/jvm/internal/markers/KMappedMarker
instanceKlass java/util/TreeMap$PrivateEntryIterator
instanceKlass java/util/TreeMap$Entry
instanceKlass java/util/NavigableMap
instanceKlass java/util/SortedMap
instanceKlass java/util/NavigableSet
instanceKlass java/util/SortedSet
instanceKlass org/jetbrains/kotlin/utils/exceptions/KotlinExceptionWithAttachments
instanceKlass org/jetbrains/kotlin/com/intellij/openapi/diagnostic/ExceptionWithAttachments
instanceKlass org/jetbrains/kotlin/com/intellij/openapi/diagnostic/ControlFlowException
instanceKlass java/lang/Class$Atomic
instanceKlass java/lang/Class$ReflectionData
instanceKlass org/jetbrains/kotlin/cli/common/CLICompiler
instanceKlass java/security/SecureClassLoader$DebugHolder
instanceKlass java/security/PermissionCollection
instanceKlass java/security/SecureClassLoader$1
instanceKlass java/security/SecureClassLoader$CodeSourceKey
instanceKlass java/util/zip/Checksum$1
instanceKlass java/util/zip/CRC32
instanceKlass java/util/zip/Checksum
instanceKlass sun/nio/ByteBuffered
instanceKlass java/lang/Package$VersionInfo
instanceKlass java/lang/NamedPackage
instanceKlass java/util/jar/Attributes
instanceKlass jdk/internal/loader/Resource
instanceKlass sun/security/action/GetIntegerAction
instanceKlass sun/security/util/Debug
instanceKlass sun/security/util/SignatureFileVerifier
instanceKlass java/util/zip/ZipFile$InflaterCleanupAction
instanceKlass java/util/zip/Inflater$InflaterZStreamRef
instanceKlass java/util/zip/Inflater
instanceKlass java/util/zip/ZipEntry
instanceKlass jdk/internal/util/jar/JarIndex
instanceKlass java/nio/Bits$1
instanceKlass jdk/internal/misc/VM$BufferPool
instanceKlass java/nio/Bits
instanceKlass sun/nio/ch/DirectBuffer
instanceKlass jdk/internal/perf/PerfCounter$CoreCounters
instanceKlass jdk/internal/perf/Perf
instanceKlass jdk/internal/perf/Perf$GetPerfAction
instanceKlass jdk/internal/perf/PerfCounter
instanceKlass java/nio/file/attribute/FileTime
instanceKlass java/util/zip/ZipUtils
instanceKlass java/util/zip/ZipFile$Source$End
instanceKlass java/io/RandomAccessFile$2
instanceKlass jdk/internal/access/JavaIORandomAccessFileAccess
instanceKlass java/io/RandomAccessFile
instanceKlass java/io/DataInput
instanceKlass java/io/DataOutput
instanceKlass sun/nio/fs/UnixFileAttributes$UnixAsBasicFileAttributes
instanceKlass sun/nio/fs/NativeBuffer$Deallocator
instanceKlass sun/nio/fs/NativeBuffer
instanceKlass java/lang/ThreadLocal$ThreadLocalMap
instanceKlass sun/nio/fs/NativeBuffers
instanceKlass sun/nio/fs/AbstractBasicFileAttributeView
instanceKlass sun/nio/fs/DynamicFileAttributeView
instanceKlass sun/nio/fs/UnixFileAttributeViews
instanceKlass java/nio/file/attribute/UserDefinedFileAttributeView
instanceKlass java/nio/file/attribute/DosFileAttributeView
instanceKlass java/nio/file/attribute/BasicFileAttributeView
instanceKlass java/nio/file/attribute/FileAttributeView
instanceKlass java/nio/file/attribute/AttributeView
instanceKlass java/nio/file/attribute/DosFileAttributes
instanceKlass java/nio/file/Files
instanceKlass java/nio/file/CopyOption
instanceKlass java/util/zip/ZipFile$Source$Key
instanceKlass sun/nio/fs/UnixMountEntry
instanceKlass sun/nio/fs/UnixFileStoreAttributes
instanceKlass sun/nio/fs/UnixFileAttributes
instanceKlass java/nio/file/attribute/PosixFileAttributes
instanceKlass java/nio/file/attribute/BasicFileAttributes
instanceKlass java/util/Enumeration
instanceKlass java/util/concurrent/ConcurrentHashMap$Traverser
instanceKlass java/util/concurrent/ConcurrentHashMap$CollectionView
instanceKlass jdk/internal/loader/NativeLibraries$NativeLibraryImpl
instanceKlass jdk/internal/loader/NativeLibrary
instanceKlass java/util/ArrayDeque$DeqIterator
instanceKlass jdk/internal/loader/NativeLibraries$1
instanceKlass jdk/internal/loader/NativeLibraries$LibraryPaths
instanceKlass sun/nio/fs/UnixNativeDispatcher
instanceKlass sun/nio/fs/Util
instanceKlass sun/nio/fs/UnixPath
instanceKlass java/nio/file/Path
instanceKlass java/nio/file/Watchable
instanceKlass java/nio/file/FileSystem
instanceKlass java/nio/file/OpenOption
instanceKlass java/nio/file/spi/FileSystemProvider
instanceKlass sun/nio/fs/DefaultFileSystemProvider
instanceKlass java/util/zip/ZipFile$Source
instanceKlass java/lang/ref/Cleaner$Cleanable
instanceKlass jdk/internal/ref/CleanerImpl
instanceKlass java/lang/ref/Cleaner$1
instanceKlass java/lang/ref/Cleaner
instanceKlass jdk/internal/ref/CleanerFactory$1
instanceKlass java/util/concurrent/ThreadFactory
instanceKlass jdk/internal/ref/CleanerFactory
instanceKlass java/util/zip/ZipCoder
instanceKlass java/util/zip/ZipFile$CleanableResource
instanceKlass java/lang/Runtime$Version
instanceKlass java/util/jar/JavaUtilJarAccessImpl
instanceKlass jdk/internal/access/JavaUtilJarAccess
instanceKlass jdk/internal/loader/FileURLMapper
instanceKlass jdk/internal/loader/URLClassPath$JarLoader$1
instanceKlass java/util/zip/ZipFile$1
instanceKlass jdk/internal/access/JavaUtilZipFileAccess
instanceKlass java/util/zip/ZipFile
instanceKlass java/util/zip/ZipConstants
instanceKlass jdk/internal/loader/URLClassPath$Loader
instanceKlass jdk/internal/loader/URLClassPath$3
instanceKlass java/security/PrivilegedExceptionAction
instanceKlass java/util/Optional
instanceKlass sun/util/locale/LocaleUtils
instanceKlass java/util/Locale
instanceKlass sun/net/util/URLUtil
instanceKlass java/lang/StringCoding
instanceKlass sun/launcher/LauncherHelper
instanceKlass java/lang/invoke/StringConcatFactory$3
instanceKlass java/lang/invoke/StringConcatFactory$2
instanceKlass java/lang/invoke/StringConcatFactory$1
instanceKlass java/lang/invoke/StringConcatFactory
instanceKlass jdk/internal/util/Preconditions
instanceKlass sun/net/util/IPAddressUtil
instanceKlass java/net/URLStreamHandler
instanceKlass java/util/HexFormat
instanceKlass sun/net/www/ParseUtil
instanceKlass java/net/URL$3
instanceKlass jdk/internal/access/JavaNetURLAccess
instanceKlass java/net/URL$DefaultFactory
instanceKlass java/net/URLStreamHandlerFactory
instanceKlass jdk/internal/loader/URLClassPath
instanceKlass jdk/internal/loader/BootLoader
instanceKlass java/util/Deque
instanceKlass java/util/Queue
instanceKlass jdk/internal/loader/ClassLoaderHelper
instanceKlass java/security/ProtectionDomain$JavaSecurityAccessImpl
instanceKlass jdk/internal/access/JavaSecurityAccess
instanceKlass java/lang/ClassLoader$ParallelLoaders
instanceKlass java/security/cert/Certificate
instanceKlass java/net/URI$1
instanceKlass jdk/internal/access/JavaNetUriAccess
instanceKlass jdk/internal/module/ModuleBootstrap$Counters
instanceKlass jdk/internal/module/ModulePatcher
instanceKlass jdk/internal/util/ArraysSupport
instanceKlass java/io/FileSystem
instanceKlass java/io/DefaultFileSystem
instanceKlass java/io/File
instanceKlass java/lang/module/ModuleDescriptor$1
instanceKlass jdk/internal/access/JavaLangModuleAccess
instanceKlass java/lang/reflect/Modifier
instanceKlass sun/invoke/util/VerifyAccess
instanceKlass jdk/internal/module/ModuleBootstrap
instanceKlass java/lang/invoke/MethodHandleStatics
instanceKlass java/util/Collections
instanceKlass jdk/internal/misc/OSEnvironment
instanceKlass jdk/internal/misc/Signal$NativeHandler
instanceKlass java/util/Hashtable$Entry
instanceKlass jdk/internal/misc/Signal
instanceKlass java/lang/Terminator$1
instanceKlass jdk/internal/misc/Signal$Handler
instanceKlass java/lang/Terminator
instanceKlass java/nio/ByteOrder
instanceKlass java/nio/Buffer$1
instanceKlass jdk/internal/access/JavaNioAccess
instanceKlass jdk/internal/misc/ScopedMemoryAccess
instanceKlass java/nio/charset/CodingErrorAction
instanceKlass java/nio/charset/CharsetEncoder
instanceKlass sun/nio/cs/HistoricallyNamedCharset
instanceKlass sun/security/action/GetPropertyAction
instanceKlass java/lang/ThreadLocal
instanceKlass java/nio/charset/spi/CharsetProvider
instanceKlass java/nio/charset/Charset
instanceKlass java/io/Writer
instanceKlass java/io/OutputStream
instanceKlass java/io/Flushable
instanceKlass java/io/FileDescriptor$1
instanceKlass jdk/internal/access/JavaIOFileDescriptorAccess
instanceKlass java/io/FileDescriptor
instanceKlass jdk/internal/util/StaticProperty
instanceKlass java/util/HashMap$HashIterator
instanceKlass java/lang/CharacterData
instanceKlass java/util/Arrays
instanceKlass java/lang/VersionProps
instanceKlass java/lang/StringConcatHelper
instanceKlass jdk/internal/misc/VM
instanceKlass jdk/internal/util/SystemProps$Raw
instanceKlass jdk/internal/util/SystemProps
instanceKlass java/lang/System$2
instanceKlass jdk/internal/access/JavaLangAccess
instanceKlass java/lang/ref/Reference$1
instanceKlass jdk/internal/access/JavaLangRefAccess
instanceKlass java/lang/ref/ReferenceQueue$Lock
instanceKlass java/lang/ref/ReferenceQueue
instanceKlass jdk/internal/reflect/ReflectionFactory
instanceKlass jdk/internal/reflect/ReflectionFactory$GetReflectionFactoryAction
instanceKlass java/security/PrivilegedAction
instanceKlass java/util/concurrent/locks/LockSupport
instanceKlass java/util/concurrent/ConcurrentHashMap$CounterCell
instanceKlass java/util/concurrent/locks/ReentrantLock
instanceKlass java/util/concurrent/locks/Lock
instanceKlass java/lang/Runtime
instanceKlass java/util/KeyValueHolder
instanceKlass java/util/ImmutableCollections$MapN$MapNIterator
instanceKlass java/lang/Math
instanceKlass jdk/internal/reflect/Reflection
instanceKlass java/util/Objects
instanceKlass java/lang/invoke/MethodHandles$Lookup
instanceKlass java/lang/StringLatin1
instanceKlass java/security/Permission
instanceKlass java/security/Guard
instanceKlass java/lang/invoke/MemberName$Factory
instanceKlass java/lang/invoke/MethodHandles
instanceKlass jdk/internal/access/SharedSecrets
instanceKlass java/lang/reflect/ReflectAccess
instanceKlass jdk/internal/access/JavaLangReflectAccess
instanceKlass jdk/internal/misc/CDS
instanceKlass java/lang/String$CaseInsensitiveComparator
instanceKlass java/util/Comparator
instanceKlass java/io/ObjectStreamField
instanceKlass java/lang/Module$ArchivedData
instanceKlass jdk/internal/module/ArchivedBootLayer
instanceKlass jdk/internal/loader/BuiltinClassLoader$LoadedModule
instanceKlass jdk/internal/module/ServicesCatalog$ServiceProvider
instanceKlass java/util/concurrent/CopyOnWriteArrayList
instanceKlass jdk/internal/module/ServicesCatalog
instanceKlass jdk/internal/loader/AbstractClassLoaderValue
instanceKlass java/util/concurrent/ConcurrentHashMap$Node
instanceKlass jdk/internal/loader/NativeLibraries
instanceKlass java/security/ProtectionDomain$Key
instanceKlass java/security/Principal
instanceKlass jdk/internal/loader/ArchivedClassLoaders
instanceKlass jdk/internal/math/FDBigInteger
instanceKlass java/lang/ModuleLayer
instanceKlass java/util/ImmutableCollections
instanceKlass jdk/internal/module/ModuleLoaderMap$Mapper
instanceKlass java/util/function/Function
instanceKlass java/lang/module/ResolvedModule
instanceKlass java/lang/module/Configuration
instanceKlass java/util/HashMap$Node
instanceKlass java/util/Map$Entry
instanceKlass java/util/Collections$UnmodifiableMap
instanceKlass jdk/internal/module/ModuleHashes
instanceKlass jdk/internal/module/ModuleTarget
instanceKlass java/lang/module/ModuleDescriptor$Opens
instanceKlass java/lang/module/ModuleDescriptor$Provides
instanceKlass jdk/internal/module/SystemModuleFinders$3
instanceKlass jdk/internal/module/ModuleHashes$HashSupplier
instanceKlass jdk/internal/module/SystemModuleFinders$2
instanceKlass java/util/function/Supplier
instanceKlass java/net/URI
instanceKlass java/lang/module/ModuleDescriptor$Exports
instanceKlass java/lang/Enum
instanceKlass java/lang/module/ModuleDescriptor$Requires
instanceKlass java/lang/module/ModuleDescriptor$Version
instanceKlass java/lang/module/ModuleDescriptor
instanceKlass java/lang/module/ModuleReference
instanceKlass java/util/Set
instanceKlass jdk/internal/module/SystemModuleFinders$SystemModuleFinder
instanceKlass java/lang/module/ModuleFinder
instanceKlass jdk/internal/module/ArchivedModuleGraph
instanceKlass sun/util/locale/BaseLocale
instanceKlass java/util/jar/Attributes$Name
instanceKlass java/lang/Character$CharacterCache
instanceKlass java/lang/Short$ShortCache
instanceKlass java/lang/Byte$ByteCache
instanceKlass java/lang/Long$LongCache
instanceKlass java/lang/Integer$IntegerCache
instanceKlass jdk/internal/vm/vector/VectorSupport$VectorPayload
instanceKlass jdk/internal/vm/vector/VectorSupport
instanceKlass java/lang/reflect/RecordComponent
instanceKlass java/util/Iterator
instanceKlass java/lang/Number
instanceKlass java/lang/Character
instanceKlass java/lang/Boolean
instanceKlass java/util/concurrent/locks/AbstractOwnableSynchronizer
instanceKlass java/lang/LiveStackFrame
instanceKlass java/lang/StackFrameInfo
instanceKlass java/lang/StackWalker$StackFrame
instanceKlass java/lang/StackStreamFactory$AbstractStackWalker
instanceKlass java/lang/StackWalker
instanceKlass java/nio/Buffer
instanceKlass java/lang/StackTraceElement
instanceKlass java/util/RandomAccess
instanceKlass java/util/List
instanceKlass java/util/AbstractCollection
instanceKlass java/util/Collection
instanceKlass java/lang/Iterable
instanceKlass java/util/concurrent/ConcurrentMap
instanceKlass java/util/AbstractMap
instanceKlass java/security/CodeSource
instanceKlass jdk/internal/loader/ClassLoaders
instanceKlass java/util/jar/Manifest
instanceKlass java/net/URL
instanceKlass java/io/InputStream
instanceKlass java/io/Closeable
instanceKlass java/lang/AutoCloseable
instanceKlass jdk/internal/module/Modules
instanceKlass jdk/internal/misc/Unsafe
instanceKlass jdk/internal/misc/UnsafeConstants
instanceKlass java/lang/AbstractStringBuilder
instanceKlass java/lang/Appendable
instanceKlass java/lang/AssertionStatusDirectives
instanceKlass java/lang/invoke/MethodHandleNatives$CallSiteContext
instanceKlass jdk/internal/invoke/NativeEntryPoint
instanceKlass java/lang/invoke/CallSite
instanceKlass java/lang/invoke/MethodType
instanceKlass java/lang/invoke/TypeDescriptor$OfMethod
instanceKlass java/lang/invoke/LambdaForm
instanceKlass java/lang/invoke/MethodHandleNatives
instanceKlass java/lang/invoke/ResolvedMethodName
instanceKlass java/lang/invoke/MemberName
instanceKlass java/lang/invoke/VarHandle
instanceKlass java/lang/invoke/MethodHandle
instanceKlass jdk/internal/reflect/CallerSensitive
instanceKlass java/lang/annotation/Annotation
instanceKlass jdk/internal/reflect/FieldAccessor
instanceKlass jdk/internal/reflect/ConstantPool
instanceKlass jdk/internal/reflect/ConstructorAccessor
instanceKlass jdk/internal/reflect/MethodAccessor
instanceKlass jdk/internal/reflect/MagicAccessorImpl
instanceKlass java/lang/reflect/Parameter
instanceKlass java/lang/reflect/Member
instanceKlass java/lang/reflect/AccessibleObject
instanceKlass java/lang/Module
instanceKlass java/util/Map
instanceKlass java/util/Dictionary
instanceKlass java/lang/ThreadGroup
instanceKlass java/lang/Thread$UncaughtExceptionHandler
instanceKlass java/lang/Thread
instanceKlass java/lang/Runnable
instanceKlass java/lang/ref/Reference
instanceKlass java/lang/Record
instanceKlass java/security/AccessController
instanceKlass java/security/AccessControlContext
instanceKlass java/security/ProtectionDomain
instanceKlass java/lang/SecurityManager
instanceKlass java/lang/Throwable
instanceKlass java/lang/System
instanceKlass java/lang/ClassLoader
instanceKlass java/lang/Cloneable
instanceKlass java/lang/Class
instanceKlass java/lang/invoke/TypeDescriptor$OfField
instanceKlass java/lang/invoke/TypeDescriptor
instanceKlass java/lang/reflect/Type
instanceKlass java/lang/reflect/GenericDeclaration
instanceKlass java/lang/reflect/AnnotatedElement
instanceKlass java/lang/String
instanceKlass java/lang/constant/ConstantDesc
instanceKlass java/lang/constant/Constable
instanceKlass java/lang/CharSequence
instanceKlass java/lang/Comparable
instanceKlass java/io/Serializable
ciInstanceKlass java/lang/Object 1 1 92 7 1 10 12 1 1 10 7 12 1 1 1 10 7 12 1 1 1 10 12 1 1 8 1 10 12 1 1 10 7 12 1 1 1 10 12 1 10 12 1 1 100 1 8 1 10 12 1 3 8 1 100 1 5 0 1 1 1 1 1 1 1 1 1 1 1 1 1 1 1 1 100 1 1 1 7 1 1 1 1 1 1 1 100 1 1 1 1 1 1 1
ciInstanceKlass java/lang/Class 1 1 1600 10 7 12 1 1 1 9 7 12 1 1 1 9 12 1 1 7 1 10 10 12 1 1 8 1 10 12 1 8 1 8 1 10 12 1 1 10 12 1 1 10 12 1 10 10 12 1 10 12 1 1 10 12 1 1 10 7 12 1 1 10 12 1 10 12 1 10 12 1 8 1 10 12 1 8 1 10 12 1 8 1 8 1 10 12 1 1 10 100 12 1 1 1 18 12 1 1 11 100 12 1 1 1 8 1 8 1 8 1 10 100 12 1 1 1 11 12 1 1 7 1 8 1 10 12 1 11 7 12 1 1 1 10 12 1 1 11 8 1 18 8 1 10 12 1 10 7 12 1 1 10 7 12 1 1 1 10 12 1 1 10 7 12 1 1 1 9 100 12 1 1 1 10 100 12 1 1 1 10 7 12 1 1 1 10 12 1 1 18 12 1 1 10 7 12 1 1 1 10 7 12 1 1 10 12 1 1 10 7 1 100 1 10 12 1 1 9 12 1 1 7 1 8 1 10 12 1 10 12 1 1 10 12 1 1 10 7 12 1 1 1 7 1 10 12 1 7 1 7 1 10 10 12 1 1 10 12 1 1 100 1 10 100 12 1 1 1 10 12 1 1 10 12 1 1 9 12 1 1 10 12 1 10 12 1 10 12 1 1 9 12 1 1 9 12 1 1 10 12 1 1 10 7 1 10 12 1 10 12 1 10 12 1 1 10 9 12 1 10 12 1 8 1 10 12 1 1 10 12 1 1 10 12 1 10 12 1 1 10 12 1 1 10 12 1 1 9 7 12 1 1 1 10 7 12 1 1 10 12 10 12 1 10 12 1 1 10 100 12 1 1 10 12 1 10 12 1 1 10 100 12 1 1 1 10 12 1 10 12 1 1 10 12 1 10 12 1 10 12 1 1 10 7 1 10 10 10 12 1 1 10 12 1 1 10 12 10 12 1 1 100 1 8 1 10 10 12 1 1 10 12 1 100 1 11 12 1 10 100 12 1 1 10 12 1 10 12 1 10 100 12 1 1 10 10 12 1 1 8 1 10 12 1 10 12 1 1 8 1 9 12 1 10 12 1 10 12 1 10 12 1 10 12 100 1 9 12 1 10 12 1 9 12 1 10 12 1 10 12 1 10 12 1 10 10 12 1 10 12 1 10 12 1 10 12 1 10 12 1 10 12 1 100 1 10 12 1 10 12 1 1 10 12 1 1 10 12 1 1 10 12 1 1 10 12 1 1 10 12 1 1 7 1 10 10 12 1 1 10 12 1 1 10 12 1 1 10 10 12 1 10 12 1 1 10 12 1 1 10 12 1 1 10 12 1 1 7 1 10 10 12 11 100 12 1 1 10 12 1 1 10 12 1 10 100 12 1 1 1 10 12 1 1 10 10 12 1 1 100 1 10 10 12 1 1 10 100 12 1 1 1 100 1 7 1 10 12 1 1 10 12 1 10 10 12 1 1 10 12 1 10 12 1 10 12 1 10 100 12 1 1 1 11 7 12 1 1 10 12 1 10 12 1 9 12 1 10 12 1 1 10 12 1 9 100 12 1 1 1 9 12 1 10 100 12 1 1 1 10 12 1 10 12 1 10 100 12 1 1 1 10 12 1 10 12 10 12 1 1 100 1 10 8 1 10 12 1 11 11 12 1 1 11 7 12 1 1 11 12 1 8 1 10 12 1 10 12 1 1 9 12 1 9 12 1 1 10 7 12 1 1 9 12 1 10 12 1 1 10 10 12 1 10 7 12 1 1 1 10 7 12 1 1 10 7 12 1 1 9 12 1 1 10 12 1 9 12 1 10 12 1 10 12 1 1 9 12 1 1 9 12 1 10 12 1 10 12 1 1 9 12 1 7 1 10 10 12 1 1 7 1 10 12 1 1 7 11 7 1 9 12 1 1 9 12 1 100 1 10 12 1 9 12 1 1 9 12 1 10 12 1 10 12 1 1 9 12 1 7 1 10 10 12 1 1 10 10 12 1 1 10 12 10 10 12 1 9 12 1 10 12 1 1 10 7 12 1 1 1 10 12 1 1 10 12 1 8 10 7 8 1 18 8 1 8 1 10 12 1 9 12 1 9 12 1 1 10 12 1 7 1 7 1 10 12 1 9 12 1 1 7 1 10 10 12 1 10 7 1 9 12 1 8 1 10 12 1 7 1 10 12 1 10 12 1 1 9 12 1 100 1 8 1 10 7 1 4 10 10 12 11 7 12 1 1 1 10 12 1 100 1 10 12 1 1 10 8 1 8 1 10 12 1 1 9 7 12 1 1 11 12 7 1 11 7 12 1 1 9 12 1 10 100 12 1 1 1 10 7 12 1 1 10 12 1 1 9 12 1 9 10 12 1 1 10 12 1 1 10 12 1 1 10 12 1 1 10 12 1 1 11 12 1 7 1 11 12 1 10 7 12 1 1 1 10 12 1 100 1 11 12 1 10 100 12 1 1 1 10 12 1 10 11 12 1 11 12 1 1 10 12 1 10 12 1 1 9 12 1 1 9 100 12 1 1 10 12 1 10 100 12 1 1 1 10 12 1 1 10 12 1 10 12 1 10 12 1 10 7 12 1 1 1 10 12 1 8 1 10 12 1 10 12 1 10 12 1 10 100 12 1 1 1 11 100 12 1 1 1 10 12 1 1 10 12 1 18 12 1 1 11 12 1 1 18 11 12 1 18 12 1 11 12 1 10 12 1 1 10 12 1 10 12 1 10 12 10 12 1 8 1 10 12 1 7 1 9 12 1 1 100 1 100 1 100 1 100 1 100 1 1 1 3 1 3 1 3 1 1 1 1 1 1 1 5 0 1 1 1 1 1 1 1 1 1 1 1 1 1 1 1 1 1 1 1 1 1 1 1 100 1 1 1 1 1 1 1 100 1 1 1 1 1 1 7 1 1 1 1 1 1 1 1 1 1 1 1 1 1 1 1 1 1 1 1 1 1 1 1 1 1 1 1 1 1 1 1 1 1 1 1 1 1 100 1 1 1 1 1 1 1 1 1 1 1 1 1 1 1 1 1 1 1 1 1 1 1 1 1 1 1 1 100 1 1 1 1 1 1 1 1 1 1 1 1 1 1 1 1 1 1 1 1 1 1 1 1 1 1 1 1 1 1 1 1 1 1 1 1 1 1 1 1 1 1 1 1 1 1 1 1 1 1 1 1 1 100 1 100 1 1 1 1 1 1 1 100 1 1 1 1 1 1 1 1 1 1 1 1 1 1 1 1 1 1 1 1 1 1 1 1 1 1 1 1 1 1 1 1 1 1 1 1 1 1 1 1 1 1 1 1 1 1 1 1 1 1 1 1 1 1 1 100 1 1 1 1 1 1 1 1 1 1 1 1 1 1 1 1 1 1 1 1 1 1 1 1 1 1 1 1 1 1 1 1 1 1 1 1 1 1 1 1 1 1 1 1 1 1 1 1 1 1 1 1 1 1 1 1 1 1 1 1 1 1 1 1 1 1 1 1 15 10 100 12 1 1 1 16 15 10 12 16 15 11 12 16 1 16 15 16 15 10 12 16 16 15 10 12 16 15 16 1 15 10 12 16 1 1 1 1 1 1 1 1 1 100 1 1 100 1 100 1 1 100 1 100 1 1
staticfield java/lang/Class EMPTY_CLASS_ARRAY [Ljava/lang/Class; 0 [Ljava/lang/Class;
staticfield java/lang/Class serialPersistentFields [Ljava/io/ObjectStreamField; 0 [Ljava/io/ObjectStreamField;
ciInstanceKlass java/io/Serializable 1 0 7 100 1 100 1 1 1
instanceKlass jdk/internal/vm/vector/VectorSupport$VectorShuffle
instanceKlass jdk/internal/vm/vector/VectorSupport$VectorMask
instanceKlass jdk/internal/vm/vector/VectorSupport$Vector
ciInstanceKlass jdk/internal/vm/vector/VectorSupport$VectorPayload 0 0 32 10 100 12 1 1 1 9 100 12 1 1 1 10 100 12 1 1 1 1 1 1 1 1 1 1 1 1 1 1 1 1
ciInstanceKlass jdk/internal/vm/vector/VectorSupport$VectorShuffle 0 0 28 10 100 12 1 1 1 100 1 1 1 1 1 1 1 1 1 1 1 1 1 1 1 100 1 1 1 1
ciInstanceKlass jdk/internal/vm/vector/VectorSupport$VectorMask 0 0 28 10 100 12 1 1 1 100 1 1 1 1 1 1 1 1 1 1 1 1 1 1 1 100 1 1 1 1
ciInstanceKlass jdk/internal/vm/vector/VectorSupport$Vector 0 0 28 10 100 12 1 1 1 100 1 1 1 1 1 1 1 1 1 1 1 1 1 1 1 100 1 1 1 1
ciInstanceKlass jdk/internal/vm/vector/VectorSupport 0 0 487 100 1 10 100 12 1 1 1 9 12 1 1 10 12 1 1 100 1 10 12 1 11 100 12 1 1 1 11 100 12 1 1 1 11 100 12 1 1 11 100 12 1 1 1 11 100 1 100 1 10 12 1 1 11 100 12 1 1 11 100 12 1 1 100 1 11 100 12 1 1 11 100 12 1 1 11 100 12 1 1 1 11 100 12 1 1 1 11 100 12 1 1 1 11 100 12 1 1 1 100 1 10 12 1 1 11 100 12 1 1 100 1 11 100 12 1 1 11 100 12 1 1 11 100 12 1 1 11 100 1 100 1 9 12 1 1 10 100 12 1 1 11 100 12 1 1 10 12 1 1 10 100 12 1 1 1 10 12 1 10 12 1 1 10 12 1 1 1 1 1 3 1 3 1 3 1 3 1 3 1 3 1 3 1 3 1 3 1 3 1 3 1 3 1 3 1 3 1 3 1 3 1 3 1 3 1 3 1 3 1 3 1 3 1 3 1 3 1 3 1 3 1 3 1 3 1 3 1 3 1 3 1 3 1 3 1 3 1 3 1 3 1 3 1 3 1 3 1 1 1 1 1 3 1 1 1 1 1 1 3 1 1 1 1 1 1 1 1 1 1 1 1 1 1 1 1 1 1 1 1 1 1 1 1 1 1 1 1 1 1 1 1 1 1 1 1 1 1 1 1 1 1 1 1 1 1 1 1 1 1 1 1 1 1 1 1 1 1 1 1 1 1 1 1 1 1 1 1 1 1 1 1 1 1 1 1 1 1 1 1 1 1 1 1 1 1 1 1 1 1 1 1 1 1 1 1 1 1 1 1 1 1 1 1 1 1 1 1 1 1 1 1 1 1 1 1 1 1 1 1 1 1 1 1 1 1 1 1 1 1 1 1 1 1 1 1 1 1 1 1 1 1 1 1 1 1 1 1 1 1 1 1 1 1 1 1 1 1 1 1 1 1 1 1 1 1 1 1 1 1 1 1 1 1 1 1 1 1 1 1 1 1 1 1 1 1 1 1 1 1 1 1 1 1 1 1 1 1 1 100 1 100 1 1 1 1 1 1 1 1 1 1 1 1 1 1 1 1 1 1 1 1 1 1 1 1
ciInstanceKlass java/lang/reflect/RecordComponent 0 0 196 10 100 12 1 1 1 9 100 12 1 1 1 9 12 1 1 9 12 1 10 12 1 1 10 12 1 1 10 100 12 1 1 1 10 12 1 1 9 12 1 1 10 12 1 1 10 12 1 1 10 12 1 10 100 12 1 1 10 100 12 1 1 9 12 1 1 10 100 12 1 1 1 11 100 12 1 1 1 10 9 100 12 1 1 1 10 100 12 1 1 1 9 12 1 1 10 100 12 1 1 1 10 12 1 1 11 100 12 1 1 10 100 12 1 1 100 1 9 12 1 9 12 1 1 9 12 1 10 100 12 1 1 1 10 12 1 1 10 12 1 1 100 1 10 10 12 1 10 12 1 1 8 1 10 12 1 10 12 1 9 12 1 100 1 1 1 1 1 1 1 1 1 1 1 1 1 1 1 1 1 1 1 1 1 1 100 1 1 1 1 1 1 100 1 1
ciInstanceKlass java/util/Iterator 1 1 53 100 1 8 1 10 12 1 1 10 100 12 1 1 1 11 100 12 1 1 1 11 12 1 1 11 100 12 1 1 1 100 1 1 1 1 1 1 1 1 1 1 1 1 1 1 1 1 1 1 1 1 1
instanceKlass org/jetbrains/kotlin/contracts/description/LogicOperationKind
instanceKlass org/jetbrains/kotlin/parsing/KotlinParsing$ParseEnumEntryResult
instanceKlass org/jetbrains/kotlin/fir/declarations/InlineStatus
instanceKlass java/math/RoundingMode
instanceKlass org/jetbrains/kotlin/fir/expressions/FirAnnotationResolvePhase
instanceKlass org/jetbrains/kotlin/fir/expressions/FirFunctionCallOrigin
instanceKlass org/jetbrains/kotlin/descriptors/annotations/AnnotationUseSiteTarget
instanceKlass org/jetbrains/kotlin/fir/declarations/FirPropertyBodyResolveState
instanceKlass org/jetbrains/kotlin/fir/declarations/FirValueParameterKind
instanceKlass org/jetbrains/kotlin/fir/expressions/FirOperation
instanceKlass org/jetbrains/kotlin/fir/diagnostics/DiagnosticKind
instanceKlass org/jetbrains/kotlin/fir/builder/AbstractRawFirBuilder$ForbiddenLabelKind
instanceKlass org/jetbrains/kotlin/fir/builder/AbstractRawFirBuilder$ValueParameterDeclaration
instanceKlass org/jetbrains/kotlin/types/Variance
instanceKlass org/jetbrains/kotlin/fir/lightTree/fir/modifier/ModifierFlag
instanceKlass org/jetbrains/kotlin/parsing/KotlinParsing$PropertyComponentKind
instanceKlass org/jetbrains/kotlin/parsing/KotlinParsing$DeclarationParsingMode
instanceKlass org/jetbrains/kotlin/parsing/KotlinParsing$NameParsingMode
instanceKlass org/jetbrains/kotlin/parsing/KotlinParsing$AnnotationParsingMode
instanceKlass org/jetbrains/kotlin/lang/BinaryOperationPrecedence
instanceKlass org/jetbrains/kotlin/load/java/SpecialGenericSignatures$TypeSafeBarrierDescription
instanceKlass org/jetbrains/kotlin/builtins/PrimitiveType
instanceKlass org/jetbrains/kotlin/resolve/jvm/JvmPrimitiveType
instanceKlass org/jetbrains/kotlin/fir/analysis/checkers/MppCheckerKind
instanceKlass org/jetbrains/kotlin/metadata/ProtoBuf$Type$Argument$Projection
instanceKlass org/jetbrains/kotlin/descriptors/ClassKind
instanceKlass org/jetbrains/kotlin/fir/declarations/impl/FirDeclarationStatusImpl$Modifier
instanceKlass org/jetbrains/kotlin/descriptors/Modality
instanceKlass org/jetbrains/kotlin/fir/declarations/FirResolvePhase
instanceKlass org/jetbrains/kotlin/diagnostics/Severity
instanceKlass org/jetbrains/kotlin/config/JvmDefaultMode
instanceKlass org/jetbrains/kotlin/load/java/AnnotationQualifierApplicabilityType
instanceKlass org/jetbrains/kotlin/container/ComponentStorageState
instanceKlass org/jetbrains/kotlin/fir/caches/FirCachesFactory$KeyReferenceStrength
instanceKlass org/jetbrains/kotlin/fir/caches/FirCachesFactory$ValueReferenceStrength
instanceKlass java/time/temporal/ChronoUnit
instanceKlass kotlin/time/DurationUnit
instanceKlass org/jetbrains/kotlin/fir/FirSession$Kind
instanceKlass org/jetbrains/kotlin/metadata/ProtoBuf$QualifiedNameTable$QualifiedName$Kind
instanceKlass org/jetbrains/kotlin/metadata/ProtoBuf$TypeParameter$Variance
instanceKlass org/jetbrains/kotlin/metadata/ProtoBuf$Annotation$Argument$Value$Type
instanceKlass org/jetbrains/kotlin/protobuf/WireFormat$JavaType
instanceKlass org/jetbrains/kotlin/protobuf/WireFormat$FieldType
instanceKlass org/jetbrains/kotlin/config/LanguageFeature$State
instanceKlass java/nio/file/attribute/PosixFilePermission
instanceKlass kotlin/io/FileWalkDirection
instanceKlass org/jetbrains/kotlin/cli/jvm/index/JavaRoot$RootType
instanceKlass org/jetbrains/kotlin/cli/jvm/compiler/jarfs/ZipEntryDescription$CompressionKind
instanceKlass com/sun/tools/javac/comp/DeferredAttr$AttributionMode
instanceKlass com/sun/tools/javac/api/DiagnosticFormatter$PositionKind
instanceKlass javax/lang/model/SourceVersion
instanceKlass com/sun/tools/javac/jvm/Target
instanceKlass com/sun/tools/javac/parser/Tokens$Token$Tag
instanceKlass com/sun/tools/javac/parser/Tokens$TokenKind
instanceKlass com/sun/tools/javac/code/Source
instanceKlass com/sun/tools/javac/code/Lint$LintCategory
instanceKlass com/sun/tools/javac/main/Option$ChoiceKind
instanceKlass com/sun/tools/javac/main/Option$ArgKind
instanceKlass com/sun/tools/javac/main/Option$OptionGroup
instanceKlass com/sun/tools/javac/main/Option$OptionKind
instanceKlass com/sun/tools/javac/main/Option
instanceKlass org/jetbrains/kotlin/parcelize/ParcelizeSyntheticComponent$ComponentKind
instanceKlass org/jetbrains/kotlin/kapt/base/DetectMemoryLeaksMode
instanceKlass org/jetbrains/kotlin/kapt/base/AptMode
instanceKlass org/jetbrains/kotlin/kapt/base/KaptFlag
instanceKlass org/jetbrains/kotlin/com/intellij/pom/java/LanguageLevel
instanceKlass org/jetbrains/kotlin/com/intellij/openapi/util/LowMemoryWatcher$LowMemoryWatcherType
instanceKlass org/jetbrains/kotlin/com/intellij/ide/plugins/ActionDescriptorName
instanceKlass kotlin/coroutines/intrinsics/CoroutineSingletons
instanceKlass kotlinx/coroutines/CoroutineStart
instanceKlass org/jetbrains/kotlin/com/intellij/openapi/progress/impl/CoreProgressManager$CheckCanceledBehavior
instanceKlass org/jetbrains/kotlin/com/intellij/util/messages/Topic$BroadcastDirection
instanceKlass org/jetbrains/kotlin/com/intellij/openapi/extensions/ExtensionPoint$Kind
instanceKlass org/jetbrains/kotlin/com/intellij/util/messages/impl/BusState
instanceKlass org/jetbrains/kotlin/com/intellij/diagnostic/LoadingState
instanceKlass org/jetbrains/kotlin/cli/jvm/compiler/EnvironmentConfigFiles
instanceKlass java/util/stream/MatchOps$MatchKind
instanceKlass org/jetbrains/kotlin/config/JvmSerializeIrMode
instanceKlass org/jetbrains/kotlin/config/JvmAbiStability
instanceKlass org/jetbrains/kotlin/kapt/cli/CliToolOption$Format
instanceKlass org/jetbrains/kotlin/kapt/cli/KaptCliOption
instanceKlass org/jetbrains/kotlin/config/AnnotationDefaultTargetMode
instanceKlass org/jetbrains/kotlin/config/JVMAssertionsMode
instanceKlass org/jetbrains/kotlin/storage/LockBasedStorageManager$NotValue
instanceKlass org/jetbrains/kotlin/load/java/ReportLevel
instanceKlass org/jetbrains/kotlin/config/ReturnValueCheckerMode
instanceKlass org/jetbrains/kotlin/config/ExplicitApiMode
instanceKlass org/jetbrains/kotlin/config/IrVerificationMode
instanceKlass org/jetbrains/kotlin/config/phaser/BeforeOrAfter
instanceKlass org/jetbrains/kotlin/util/CompilerType
instanceKlass org/jetbrains/kotlin/util/PhaseType
instanceKlass java/util/stream/StreamShape
instanceKlass java/util/stream/Collector$Characteristics
instanceKlass org/jetbrains/kotlin/config/JvmTarget
instanceKlass kotlin/reflect/jvm/internal/impl/serialization/deserialization/AnnotatedCallableKind
instanceKlass kotlin/reflect/jvm/internal/impl/load/java/typeEnhancement/TypeComponentPosition
instanceKlass kotlin/reflect/jvm/internal/impl/load/java/typeEnhancement/NullabilityQualifier
instanceKlass kotlin/reflect/jvm/internal/impl/load/java/typeEnhancement/MutabilityQualifier
instanceKlass kotlin/reflect/jvm/internal/impl/load/java/AnnotationQualifierApplicabilityType
instanceKlass kotlin/reflect/jvm/internal/impl/metadata/ProtoBuf$QualifiedNameTable$QualifiedName$Kind
instanceKlass kotlin/reflect/jvm/internal/impl/load/java/structure/LightClassOriginKind
instanceKlass kotlin/reflect/jvm/internal/impl/types/Variance
instanceKlass kotlin/reflect/jvm/internal/impl/metadata/ProtoBuf$MemberKind
instanceKlass kotlin/reflect/jvm/internal/impl/metadata/ProtoBuf$Class$Kind
instanceKlass kotlin/reflect/jvm/internal/impl/metadata/ProtoBuf$Modality
instanceKlass kotlin/reflect/jvm/internal/impl/metadata/ProtoBuf$Visibility
instanceKlass kotlin/reflect/jvm/internal/impl/serialization/deserialization/descriptors/DeserializedContainerAbiStability
instanceKlass kotlin/reflect/jvm/internal/impl/metadata/ProtoBuf$Type$Argument$Projection
instanceKlass kotlin/reflect/jvm/internal/impl/metadata/jvm/JvmProtoBuf$StringTableTypes$Record$Operation
instanceKlass java/lang/annotation/ElementType
instanceKlass kotlin/reflect/jvm/internal/impl/incremental/components/NoLookupLocation
instanceKlass kotlin/reflect/jvm/internal/impl/metadata/ProtoBuf$Annotation$Argument$Value$Type
instanceKlass kotlin/reflect/jvm/internal/impl/metadata/ProtoBuf$TypeParameter$Variance
instanceKlass kotlin/reflect/jvm/internal/impl/protobuf/WireFormat$JavaType
instanceKlass kotlin/reflect/jvm/internal/impl/protobuf/WireFormat$FieldType
instanceKlass kotlin/reflect/jvm/internal/impl/descriptors/CallableMemberDescriptor$Kind
instanceKlass kotlin/reflect/jvm/internal/impl/descriptors/ClassKind
instanceKlass kotlin/reflect/jvm/internal/impl/renderer/AnnotationArgumentsRenderingPolicy
instanceKlass kotlin/reflect/jvm/internal/impl/renderer/PropertyAccessorRenderingPolicy
instanceKlass kotlin/reflect/jvm/internal/impl/renderer/ParameterNameRenderingPolicy
instanceKlass kotlin/reflect/jvm/internal/impl/renderer/RenderingFormat
instanceKlass kotlin/reflect/jvm/internal/impl/renderer/OverrideRenderingPolicy
instanceKlass kotlin/reflect/jvm/internal/impl/renderer/DescriptorRendererModifier
instanceKlass kotlin/reflect/jvm/internal/impl/load/java/lazy/types/JavaTypeFlexibility
instanceKlass kotlin/reflect/jvm/internal/impl/load/java/components/TypeUsage
instanceKlass java/util/stream/StreamOpFlag$Type
instanceKlass java/util/stream/StreamOpFlag
instanceKlass kotlin/reflect/jvm/internal/impl/descriptors/Modality
instanceKlass kotlin/reflect/jvm/internal/impl/load/java/ReportLevel
instanceKlass kotlin/reflect/jvm/internal/impl/load/kotlin/header/KotlinClassHeader$Kind
instanceKlass kotlin/reflect/jvm/internal/impl/storage/LockBasedStorageManager$NotValue
instanceKlass kotlin/reflect/jvm/internal/impl/builtins/jvm/JvmBuiltIns$Kind
instanceKlass kotlin/reflect/jvm/internal/impl/resolve/jvm/JvmPrimitiveType
instanceKlass kotlin/reflect/jvm/internal/impl/builtins/PrimitiveType
instanceKlass kotlin/reflect/jvm/internal/impl/builtins/functions/FunctionClassKind
instanceKlass kotlin/LazyThreadSafetyMode
instanceKlass org/jetbrains/kotlin/config/LanguageVersion
instanceKlass org/jetbrains/kotlin/config/LanguageFeature
instanceKlass java/lang/module/ModuleDescriptor$Modifier
instanceKlass java/lang/annotation/RetentionPolicy
instanceKlass org/jetbrains/kotlin/cli/common/messages/CompilerMessageSeverity
instanceKlass java/util/Locale$Category
instanceKlass java/util/regex/Pattern$Qtype
instanceKlass org/jetbrains/kotlin/com/intellij/openapi/diagnostic/LogLevel
instanceKlass org/jetbrains/kotlin/cli/common/CompilerSystemProperties
instanceKlass java/lang/invoke/MethodHandles$Lookup$ClassOption
instanceKlass java/lang/invoke/VarHandle$AccessType
instanceKlass java/lang/invoke/VarHandle$AccessMode
instanceKlass java/lang/invoke/MethodHandleImpl$Intrinsic
instanceKlass java/lang/invoke/LambdaForm$BasicType
instanceKlass java/lang/invoke/LambdaForm$Kind
instanceKlass sun/invoke/util/Wrapper
instanceKlass org/jetbrains/kotlin/cli/common/ExitCode
instanceKlass java/util/concurrent/TimeUnit
instanceKlass java/nio/file/LinkOption
instanceKlass java/nio/file/StandardOpenOption
instanceKlass java/io/File$PathStatus
instanceKlass java/lang/module/ModuleDescriptor$Requires$Modifier
ciInstanceKlass java/lang/Enum 1 1 188 9 7 12 1 1 1 9 12 1 1 10 7 12 1 1 1 10 12 1 1 100 1 10 10 12 1 1 10 12 1 100 1 10 10 7 12 1 1 10 12 1 1 18 12 1 1 10 100 12 1 1 1 10 12 1 1 11 7 12 1 1 1 100 1 8 1 10 12 1 100 1 100 1 10 8 1 10 12 1 1 10 12 1 1 8 1 10 12 1 10 100 1 8 1 10 10 12 1 1 10 100 12 1 1 1 100 1 100 1 100 1 1 1 1 1 1 1 1 1 1 1 1 1 1 1 1 1 1 1 1 1 1 1 1 1 1 1 1 1 1 1 1 1 1 1 1 1 1 1 1 1 100 1 100 1 1 100 1 1 1 1 1 1 1 1 1 1 1 15 10 100 12 1 1 1 16 15 10 12 16 1 1 100 1 100 1 1
ciInstanceKlass java/lang/System 1 1 803 10 100 12 1 1 1 9 7 12 1 1 1 10 12 1 10 12 1 1 10 12 1 1 10 12 1 9 12 1 1 10 7 12 1 1 1 11 100 12 1 1 1 10 100 12 1 1 1 10 12 1 1 10 12 1 1 100 1 8 1 10 12 1 10 100 12 1 1 1 10 100 12 1 1 1 18 12 1 1 10 100 12 1 1 1 100 1 10 12 1 1 10 100 12 1 1 1 10 12 1 10 7 12 1 1 1 9 100 12 1 1 1 10 100 12 1 1 1 11 7 12 1 1 1 10 12 1 1 10 100 12 1 1 1 100 1 10 10 12 1 1 8 1 10 12 1 8 1 10 12 1 9 12 1 1 8 1 10 7 12 1 1 1 10 12 1 1 100 1 8 1 10 9 12 1 1 8 1 10 12 1 1 10 100 12 1 1 1 8 1 10 12 1 100 1 10 12 1 8 1 10 12 1 10 12 1 1 100 1 10 12 10 12 1 9 12 1 1 9 12 1 1 10 7 12 1 1 1 10 7 12 1 1 1 10 12 1 1 10 12 1 10 12 1 10 7 12 1 1 1 10 12 1 100 1 100 1 8 1 10 12 1 10 12 1 1 7 1 10 12 1 100 1 8 1 10 10 12 1 100 1 8 1 10 8 1 10 7 12 1 1 8 1 10 12 100 1 8 1 10 10 12 1 1 10 100 12 1 1 1 100 1 18 12 1 100 1 9 100 12 1 1 1 10 12 1 100 1 10 12 1 1 10 12 1 1 10 7 12 1 1 1 10 12 1 1 10 12 1 10 12 1 10 12 1 1 10 12 1 7 1 10 12 1 10 12 1 100 1 10 12 1 10 7 12 1 1 1 100 1 8 1 10 9 12 1 9 12 1 10 12 1 10 100 12 1 1 10 12 1 10 12 1 1 8 1 10 12 1 1 8 1 11 12 1 10 12 11 12 1 1 11 7 12 1 1 1 11 7 12 1 1 11 12 1 1 7 1 11 12 1 10 12 1 8 1 10 12 1 1 8 1 8 1 8 1 8 1 11 12 1 10 12 1 10 12 1 10 12 1 10 7 12 1 1 8 1 7 1 9 7 12 1 1 1 10 12 1 7 1 9 12 10 9 12 7 1 10 12 8 1 10 12 1 1 8 1 10 7 12 1 1 10 12 1 10 7 12 1 1 1 10 12 1 1 10 7 12 1 1 1 10 12 10 7 12 1 1 1 9 12 1 1 100 1 8 1 10 12 1 1 10 7 12 1 1 1 7 1 10 12 1 1 8 1 10 8 1 8 1 8 1 8 1 10 10 7 12 1 1 10 12 1 1 10 12 1 1 10 12 1 1 10 12 1 10 100 12 1 1 1 10 100 1 8 1 10 10 10 12 1 1 10 12 1 1 8 1 10 12 1 8 1 10 12 1 10 12 1 1 7 1 10 10 12 1 10 12 1 9 12 1 1 1 3 1 3 1 1 1 1 1 1 1 1 1 1 1 1 100 1 1 100 1 1 1 1 1 1 1 1 1 1 1 100 1 100 1 1 1 1 1 1 1 1 1 1 1 1 1 1 1 1 1 1 1 1 1 1 1 1 1 1 1 1 1 1 1 1 1 1 1 1 1 1 1 1 1 1 1 1 1 1 1 1 1 1 1 1 1 1 1 1 1 1 100 1 1 1 1 1 1 1 1 1 1 1 1 1 1 1 1 1 1 1 1 1 1 1 1 1 1 1 1 1 1 1 1 1 100 1 1 15 10 100 12 1 1 1 16 15 10 12 1 1 16 15 10 12 16 1 1 1 1 1 1 1 100 1 100 1 1
staticfield java/lang/System in Ljava/io/InputStream; java/io/BufferedInputStream
staticfield java/lang/System out Ljava/io/PrintStream; java/io/PrintStream
staticfield java/lang/System err Ljava/io/PrintStream; java/io/PrintStream
instanceKlass jdk/internal/reflect/DelegatingClassLoader
instanceKlass java/security/SecureClassLoader
ciInstanceKlass java/lang/ClassLoader 1 1 1098 9 7 12 1 1 1 10 7 12 1 1 1 9 12 1 1 10 7 12 1 1 1 7 1 10 12 1 1 10 12 1 1 9 12 1 1 10 12 1 1 100 1 10 12 1 10 12 1 1 10 7 12 1 1 1 100 1 8 1 10 12 1 10 7 12 1 1 1 10 100 12 1 10 7 1 10 7 1 7 1 7 1 10 12 1 10 12 1 9 12 1 1 10 10 7 12 1 1 1 9 12 1 1 9 12 1 9 12 1 1 9 12 1 9 12 1 1 9 12 1 1 7 1 10 12 1 9 12 1 1 10 12 1 1 10 7 12 1 1 1 9 12 1 9 12 1 1 9 12 1 10 12 1 1 9 12 10 12 1 1 7 1 10 8 1 10 12 1 1 10 12 1 10 7 1 7 1 10 12 1 1 10 7 12 1 1 1 8 1 10 12 1 10 12 1 10 12 1 1 10 12 1 1 10 12 1 1 10 12 1 1 10 12 1 1 10 12 1 7 1 10 12 1 10 7 12 1 1 1 10 12 1 1 10 12 1 10 12 1 10 12 1 10 12 1 10 12 1 1 10 10 12 1 10 12 1 10 100 12 1 1 10 12 1 1 10 12 1 1 10 12 1 100 1 10 12 1 100 1 10 12 1 10 100 12 1 1 1 10 10 12 1 1 10 12 1 1 100 1 8 1 10 8 1 10 12 1 10 12 1 100 1 8 1 10 12 1 1 10 12 1 1 10 10 12 1 1 10 12 1 1 10 12 1 1 10 7 1 10 12 1 1 10 12 1 1 10 12 1 1 10 12 1 1 10 12 1 1 10 12 1 1 10 12 1 10 7 12 1 1 1 10 12 1 10 12 1 10 12 1 1 10 12 1 10 12 1 10 12 1 10 12 1 1 10 12 1 10 12 1 1 8 1 9 12 1 10 12 1 1 8 1 8 1 10 7 12 1 1 100 1 10 10 12 10 12 1 10 12 1 10 12 1 10 12 1 1 10 7 12 1 1 10 12 1 10 7 1 7 1 10 12 1 1 10 12 1 10 7 1 10 12 1 100 1 18 12 1 10 100 12 1 1 1 10 100 12 1 1 1 10 7 12 1 1 10 12 1 1 10 12 1 10 12 1 1 100 1 10 12 1 10 12 1 1 10 7 12 1 1 10 12 1 8 1 100 1 10 10 12 1 9 12 1 10 7 12 1 1 10 12 1 100 1 8 1 10 12 1 10 8 1 8 1 10 12 1 1 10 12 1 1 10 12 1 1 10 100 12 1 1 1 100 1 100 1 10 12 1 1 100 1 100 1 10 100 12 1 1 10 12 1 10 12 1 1 10 12 1 10 12 1 1 10 12 1 1 9 100 12 1 1 1 10 12 1 1 10 12 1 10 12 1 10 12 1 1 10 12 1 8 1 10 12 1 7 1 18 12 1 1 10 12 1 1 10 12 1 10 12 1 10 12 1 8 1 10 12 1 10 12 1 18 12 1 11 100 12 1 1 1 100 1 10 12 1 1 10 12 1 10 11 12 1 1 10 18 10 12 1 1 11 100 12 1 18 12 1 11 12 1 1 10 12 10 12 1 1 10 12 1 1 100 1 8 1 10 10 12 1 8 1 8 1 10 100 12 1 1 10 12 1 100 1 10 10 12 1 8 1 8 1 8 1 10 12 1 10 12 1 1 10 12 1 10 100 12 1 1 1 11 100 12 1 1 100 1 10 11 10 12 1 10 12 1 10 12 1 1 9 100 12 1 1 9 12 1 1 9 12 9 12 1 9 12 1 9 12 1 8 10 12 1 1 10 7 12 1 1 1 10 12 1 1 10 12 1 1 10 12 1 10 10 12 1 11 12 1 1 10 100 12 1 1 1 100 1 10 12 1 10 12 1 10 12 1 1 1 1 1 1 1 1 1 1 1 1 1 1 1 1 1 1 1 1 1 1 1 1 1 1 1 1 100 1 1 1 1 1 1 1 1 1 1 1 1 1 1 1 1 1 1 1 1 1 100 1 1 1 1 1 1 1 1 1 1 100 1 1 1 1 1 1 1 1 1 1 1 1 1 1 1 1 1 1 1 1 1 1 1 1 1 1 1 1 1 1 1 1 1 1 1 1 1 1 1 1 1 100 1 1 1 1 1 1 1 1 1 1 1 1 1 1 1 1 1 1 100 1 1 1 1 1 1 1 1 1 1 1 1 1 1 1 1 1 1 1 1 1 1 1 1 1 1 1 1 1 1 1 1 1 1 1 1 1 1 1 1 1 1 1 1 1 1 1 1 1 1 1 100 1 1 1 1 1 1 1 1 1 1 1 1 1 1 1 1 1 1 1 1 1 1 1 1 1 1 1 1 1 1 1 1 1 1 1 1 1 1 1 1 1 1 1 1 1 1 15 10 100 12 1 1 1 16 1 15 10 12 16 1 16 15 10 12 16 1 16 1 15 10 12 16 15 10 12 16 15 10 12 16 1 1 100 1 100 1 1
staticfield java/lang/ClassLoader nocerts [Ljava/security/cert/Certificate; 0 [Ljava/security/cert/Certificate;
staticfield java/lang/ClassLoader $assertionsDisabled Z 1
ciInstanceKlass jdk/internal/reflect/DelegatingClassLoader 1 1 18 10 7 12 1 1 1 100 1 1 1 1 1 1 1 1 1 1
instanceKlass java/net/URLClassLoader
instanceKlass jdk/internal/loader/BuiltinClassLoader
ciInstanceKlass java/security/SecureClassLoader 1 1 102 10 7 12 1 1 1 7 1 10 12 1 9 7 12 1 1 1 10 12 1 10 12 1 10 12 1 1 10 12 1 1 10 12 1 7 1 10 7 1 10 12 1 7 1 10 12 1 11 7 12 1 1 1 7 1 11 12 1 10 12 1 1 1 1 1 1 1 1 1 1 1 1 1 1 1 1 1 1 1 1 1 1 1 1 1 1 1 1 1 1 1 1 1 1 1 1 100 1 1 1 1
instanceKlass jdk/internal/loader/ClassLoaders$BootClassLoader
instanceKlass jdk/internal/loader/ClassLoaders$PlatformClassLoader
instanceKlass jdk/internal/loader/ClassLoaders$AppClassLoader
ciInstanceKlass jdk/internal/loader/BuiltinClassLoader 1 1 737 9 7 12 1 1 1 10 100 12 1 1 1 10 7 12 1 1 1 9 12 1 1 9 12 1 1 7 1 10 12 1 9 12 1 10 12 1 9 12 1 10 7 12 1 1 1 10 100 12 1 1 1 10 100 12 1 1 1 11 7 12 1 1 1 100 1 100 1 10 10 12 1 1 8 1 10 12 1 10 12 7 1 10 12 1 10 12 1 1 11 100 12 1 1 1 11 7 12 1 1 1 11 12 1 1 7 1 8 1 8 1 10 9 12 1 1 10 7 12 1 1 11 12 1 1 10 12 1 1 10 12 1 1 10 12 1 1 10 7 12 1 1 1 10 12 1 10 7 12 1 1 1 10 12 1 1 11 7 12 1 1 1 10 7 12 1 1 100 1 10 7 12 1 1 1 10 12 1 100 1 8 1 10 12 1 1 10 8 1 10 12 1 1 10 12 1 1 10 12 1 1 11 7 12 1 1 11 12 1 7 1 10 11 12 1 1 11 10 12 1 1 7 1 10 12 1 10 7 12 1 10 12 1 7 1 10 12 1 10 7 12 1 1 1 100 1 10 12 1 1 11 12 1 100 1 100 1 10 12 1 10 12 1 1 100 1 100 1 10 12 1 10 12 1 18 12 1 1 10 12 1 10 12 1 1 18 100 1 10 7 12 1 1 1 7 1 10 10 12 1 1 10 12 1 1 10 12 1 1 10 12 1 9 12 1 1 100 1 10 10 12 1 1 10 12 1 1 10 12 1 10 12 10 12 1 1 10 12 1 1 10 12 1 1 10 12 1 10 12 1 1 18 12 1 7 1 10 12 1 1 10 12 1 10 12 1 1 10 12 1 100 1 10 12 1 7 1 10 12 1 10 7 12 1 1 1 10 12 1 11 12 1 7 1 10 12 1 7 1 100 1 10 12 1 10 12 1 11 12 1 1 10 12 1 1 10 12 1 1 10 12 1 1 10 12 1 1 10 12 1 10 12 1 10 12 1 10 12 1 8 1 10 12 1 1 10 7 12 1 1 10 12 1 100 1 8 1 8 1 10 10 12 1 8 1 8 1 10 7 12 1 1 1 11 7 12 1 1 1 9 7 12 1 1 1 10 7 12 1 1 1 9 12 1 9 12 1 9 12 1 9 12 1 9 12 1 9 12 1 10 7 12 1 1 1 8 1 10 12 1 7 1 10 12 1 1 10 12 1 7 1 10 11 12 1 1 10 12 10 12 1 10 12 1 100 1 10 12 1 10 12 1 10 10 12 1 10 7 12 1 1 8 1 10 7 12 1 1 10 12 1 1 1 1 1 1 1 1 1 1 1 1 1 1 1 1 1 1 1 1 1 1 1 1 1 1 1 1 1 1 1 1 1 1 1 1 1 1 1 1 1 1 1 1 1 1 1 1 1 1 1 1 1 1 1 1 100 1 1 1 1 1 1 1 1 1 1 1 1 1 1 1 1 1 1 100 1 100 1 1 1 1 1 1 1 1 1 1 1 1 1 1 1 1 1 1 1 1 1 1 1 1 1 1 1 1 1 1 1 1 1 1 1 1 1 1 1 1 1 1 1 1 1 1 1 1 1 1 1 100 1 1 15 10 100 12 1 1 1 16 15 10 12 16 15 10 12 16 15 10 12 16 1 1 1 100 1 1 1 1 1 100 1 100 1 1
staticfield jdk/internal/loader/BuiltinClassLoader packageToModule Ljava/util/Map; java/util/concurrent/ConcurrentHashMap
staticfield jdk/internal/loader/BuiltinClassLoader $assertionsDisabled Z 1
ciInstanceKlass java/security/AccessController 1 1 295 10 100 12 1 1 1 10 7 12 1 1 1 10 7 12 1 1 1 10 12 1 1 10 12 1 1 10 7 12 1 1 1 10 12 1 1 10 12 1 10 12 1 1 10 12 1 100 1 8 1 10 12 1 10 12 1 10 12 1 1 10 12 1 100 1 100 1 10 12 1 1 10 12 1 10 12 1 10 12 1 1 10 7 12 1 1 1 10 12 1 1 9 100 12 1 1 1 10 100 12 1 1 1 10 12 1 10 12 1 9 100 12 1 1 1 10 12 1 10 12 1 1 9 12 1 1 10 100 1 10 11 7 12 1 1 1 10 7 12 1 1 11 7 1 100 1 10 12 1 10 12 1 10 12 1 8 1 10 12 1 1 8 1 10 100 12 1 1 1 8 1 100 1 10 10 12 1 1 10 12 1 10 7 12 1 1 1 10 12 1 8 1 10 100 12 1 1 8 1 8 1 10 12 1 8 1 10 12 1 10 12 1 1 10 12 1 1 1 1 1 1 1 1 1 1 1 1 1 1 1 1 1 1 1 1 1 1 1 1 1 1 1 1 100 1 1 1 1 1 1 1 1 1 1 1 1 1 1 1 1 1 1 1 1 1 1 1 1 1 1 1 1 1 1 1 1 1 1 100 1 100 1 1 1 1 1 1 1 1 1 3 1 1 1
staticfield java/security/AccessController $assertionsDisabled Z 1
instanceKlass jdk/internal/reflect/GeneratedConstructorAccessor5
instanceKlass jdk/internal/reflect/GeneratedConstructorAccessor4
instanceKlass jdk/internal/reflect/GeneratedConstructorAccessor3
instanceKlass jdk/internal/reflect/GeneratedConstructorAccessor2
instanceKlass jdk/internal/reflect/BootstrapConstructorAccessorImpl
instanceKlass jdk/internal/reflect/GeneratedConstructorAccessor1
instanceKlass jdk/internal/reflect/DelegatingConstructorAccessorImpl
instanceKlass jdk/internal/reflect/NativeConstructorAccessorImpl
ciInstanceKlass jdk/internal/reflect/ConstructorAccessorImpl 1 1 27 10 7 12 1 1 1 100 1 100 1 1 1 1 1 1 1 1 1 100 1 100 1 100 1 1 1
instanceKlass jdk/internal/reflect/FieldAccessorImpl
instanceKlass jdk/internal/reflect/ConstructorAccessorImpl
instanceKlass jdk/internal/reflect/MethodAccessorImpl
ciInstanceKlass jdk/internal/reflect/MagicAccessorImpl 1 1 16 10 7 12 1 1 1 100 1 1 1 1 1 1 1 1
instanceKlass jdk/internal/reflect/GeneratedMethodAccessor2
instanceKlass jdk/internal/reflect/GeneratedMethodAccessor1
instanceKlass jdk/internal/reflect/DelegatingMethodAccessorImpl
instanceKlass jdk/internal/reflect/NativeMethodAccessorImpl
ciInstanceKlass jdk/internal/reflect/MethodAccessorImpl 1 1 25 10 7 12 1 1 1 100 1 100 1 1 1 1 1 1 1 1 1 100 1 100 1 1 1
ciInstanceKlass java/lang/Module 1 1 959 10 7 12 1 1 1 9 7 12 1 1 1 10 7 12 1 1 1 9 12 1 9 12 1 1 9 12 1 1 10 12 1 1 10 12 1 10 12 1 1 10 7 12 1 1 1 100 1 10 7 12 1 1 1 10 12 1 1 11 7 12 1 1 1 10 12 1 1 10 7 12 1 1 1 10 12 1 1 10 7 12 1 1 1 9 100 12 1 1 1 10 100 12 1 1 1 10 12 1 8 1 10 7 12 1 1 1 10 100 12 1 1 1 9 12 1 1 9 12 1 1 10 12 1 9 12 1 1 11 12 1 9 7 12 1 1 10 7 12 1 1 1 10 100 12 1 1 1 10 12 1 1 100 1 7 1 10 10 12 1 1 8 1 10 12 1 10 12 10 12 1 10 12 1 1 10 12 1 1 10 12 1 1 9 7 12 1 1 1 10 12 1 1 10 12 1 1 9 12 1 10 12 1 10 12 1 9 12 1 1 11 7 12 1 1 10 12 1 1 9 12 1 9 12 1 10 12 1 10 12 1 100 1 8 1 10 10 12 1 1 10 12 1 8 1 10 12 1 1 8 1 8 1 10 12 1 1 10 12 1 10 12 1 1 18 12 1 1 10 12 1 1 11 12 1 9 12 1 11 12 10 100 12 1 1 100 1 8 1 10 100 1 11 12 1 1 10 12 1 10 12 1 10 12 1 1 11 12 1 1 11 100 12 1 1 11 12 1 1 9 12 1 11 12 1 10 12 1 1 10 12 1 1 9 12 1 10 12 10 7 12 1 1 10 100 12 1 1 10 100 1 18 12 1 1 11 100 12 1 1 1 18 12 1 11 12 1 1 10 100 12 1 1 1 11 12 1 1 10 100 12 1 1 4 100 1 11 12 1 100 1 100 1 10 10 100 12 1 1 1 10 11 100 12 1 8 1 10 10 12 1 1 10 100 12 1 1 10 12 1 10 12 1 100 1 10 12 1 10 11 12 1 1 10 12 10 12 1 1 9 12 1 100 1 10 10 12 1 1 11 100 1 10 12 1 1 11 12 1 10 10 12 1 11 10 12 1 1 10 12 1 1 10 12 1 1 10 100 12 1 1 10 12 1 10 12 1 1 10 10 12 1 1 10 12 1 18 12 1 11 12 1 18 12 1 10 12 1 10 12 1 10 12 100 1 10 12 1 10 12 1 10 12 1 9 12 1 100 1 10 10 10 10 12 1 10 12 1 10 12 1 10 12 1 1 10 12 1 1 10 12 1 9 12 1 18 12 1 1 10 100 12 1 1 1 100 1 8 1 10 12 1 1 10 12 1 1 10 100 12 1 1 100 1 10 12 1 1 100 1 8 1 100 1 10 100 1 100 1 3 10 12 1 100 1 10 12 1 10 12 1 1 10 12 1 1 100 1 10 12 1 10 12 1 1 100 1 100 1 10 12 8 1 10 12 1 1 10 12 1 1 10 100 12 1 1 10 12 1 1 10 12 1 10 12 10 12 1 1 7 1 10 10 12 1 1 10 100 12 1 1 1 100 1 8 1 10 12 1 1 10 7 12 1 1 8 1 10 12 1 8 1 10 12 1 10 12 10 12 1 8 1 10 10 100 12 1 1 7 1 10 10 12 1 10 7 12 1 1 9 12 1 9 12 1 9 12 1 9 12 1 10 12 11 12 1 10 12 1 100 1 1 1 1 1 1 1 1 1 1 1 1 1 1 1 1 100 1 1 1 1 1 1 1 1 1 1 1 1 1 1 1 1 1 1 1 1 1 1 1 1 1 1 1 1 1 1 1 1 1 1 1 1 1 1 1 1 1 1 1 1 1 1 1 1 1 1 1 1 1 1 1 1 1 1 1 1 1 1 1 1 1 1 1 1 1 1 1 1 1 1 1 1 1 1 1 1 1 1 1 100 100 1 1 1 1 1 1 1 1 1 1 1 1 1 1 1 1 1 1 1 1 1 1 1 1 1 1 1 1 1 1 1 1 1 1 100 1 100 1 7 1 1 1 1 1 1 1 1 1 1 1 1 1 1 1 1 1 1 1 1 1 1 1 1 1 1 1 1 15 10 7 12 1 1 1 16 15 10 12 16 16 15 10 12 16 16 15 10 16 1 15 10 12 16 1 15 10 12 16 1 16 15 10 12 16 1 1 1 1 1 1 1 100 1 100 1 1
staticfield java/lang/Module ALL_UNNAMED_MODULE Ljava/lang/Module; java/lang/Module
staticfield java/lang/Module ALL_UNNAMED_MODULE_SET Ljava/util/Set; java/util/ImmutableCollections$Set12
staticfield java/lang/Module EVERYONE_MODULE Ljava/lang/Module; java/lang/Module
staticfield java/lang/Module EVERYONE_SET Ljava/util/Set; java/util/ImmutableCollections$Set12
staticfield java/lang/Module $assertionsDisabled Z 1
instanceKlass org/jetbrains/kotlin/com/intellij/util/containers/Stack
instanceKlass org/jetbrains/kotlin/config/MavenComparableVersion$ListItem
ciInstanceKlass java/util/ArrayList 1 1 492 10 7 12 1 1 1 7 1 9 7 12 1 1 1 9 12 1 100 1 100 1 10 8 1 10 12 1 1 10 12 1 10 12 1 1 10 12 1 9 12 1 11 7 12 1 1 1 9 12 1 1 10 12 1 1 7 10 7 12 1 1 1 9 12 1 10 12 1 10 12 1 1 10 7 12 1 1 1 10 7 12 1 1 1 10 12 1 1 10 12 1 1 10 12 1 1 10 12 1 10 12 1 1 100 1 100 1 10 12 1 10 7 12 1 1 1 10 7 12 1 1 10 12 1 10 12 10 12 1 1 10 12 1 1 10 12 1 1 7 1 10 12 1 1 10 12 1 1 10 12 1 100 1 10 11 12 1 1 11 100 12 1 1 1 11 12 1 10 12 1 10 12 1 10 12 1 1 100 1 10 12 1 1 10 10 12 1 1 10 12 1 8 1 8 1 8 1 8 1 10 12 1 1 10 12 1 1 11 12 1 100 1 10 100 12 1 1 10 12 1 10 12 1 1 10 100 12 1 1 10 12 1 10 100 12 1 1 1 11 100 12 1 1 1 10 12 1 100 1 8 1 10 7 1 10 12 1 7 1 10 12 1 10 12 1 1 7 1 10 12 1 10 12 1 1 11 100 12 1 1 100 1 10 12 1 10 12 1 1 11 100 12 1 1 10 12 1 1 10 12 1 1 10 12 1 1 10 12 1 1 11 100 12 1 1 10 12 1 1 100 1 100 1 100 1 1 1 1 5 0 1 3 1 1 1 1 1 1 1 1 1 1 1 1 1 1 1 1 1 1 1 1 1 1 1 1 1 1 1 1 1 1 1 1 1 1 1 1 1 1 1 1 1 1 1 1 1 1 1 1 1 1 1 1 1 1 1 1 1 1 1 1 1 1 1 1 1 1 1 1 1 1 1 1 1 1 1 1 1 1 1 1 1 1 1 1 1 1 1 1 1 1 1 1 1 1 1 1 100 1 1 1 1 100 1 1 1 1 1 1 1 1 1 1 1 1 1 1 1 1 1 1 1 1 1 1 1 1 1 1 1 1 1 100 1 1 1 1 1 1 1 1 1 1 1 1 1 1 1 1 1 1 100 1 100 1 1 1 1 1 1
staticfield java/util/ArrayList EMPTY_ELEMENTDATA [Ljava/lang/Object; 0 [Ljava/lang/Object;
staticfield java/util/ArrayList DEFAULTCAPACITY_EMPTY_ELEMENTDATA [Ljava/lang/Object; 0 [Ljava/lang/Object;
ciInstanceKlass java/util/concurrent/ConcurrentHashMap 1 1 1210 7 1 7 1 3 10 12 1 1 3 100 1 10 7 12 1 1 1 100 1 10 100 12 1 1 1 100 1 11 12 1 1 11 12 1 11 12 1 1 9 12 1 1 9 12 1 1 9 12 1 10 7 12 1 1 1 7 1 10 12 1 1 10 12 1 1 10 7 12 1 1 1 4 10 12 1 9 12 1 10 12 1 1 100 1 10 5 0 10 12 1 10 12 1 1 5 0 10 12 1 1 10 12 1 9 12 1 1 10 12 1 1 9 12 1 9 12 1 1 10 12 1 1 9 12 1 10 12 1 1 9 12 1 1 10 12 1 1 100 1 10 100 1 10 12 1 10 12 1 1 10 12 1 1 10 12 1 1 10 12 1 10 12 1 1 10 12 1 1 100 1 10 12 1 1 7 1 100 1 8 1 10 12 1 10 12 1 1 10 12 1 1 11 7 12 1 1 10 12 1 1 11 12 1 1 11 7 12 1 1 1 11 7 12 1 1 1 11 12 1 7 1 11 12 1 11 12 1 10 12 1 1 10 12 1 1 9 12 1 1 10 100 12 1 1 1 9 10 12 1 1 9 12 1 10 12 1 1 5 0 9 12 1 1 7 1 10 12 1 9 12 1 1 7 1 10 12 1 9 12 1 7 1 10 100 1 10 10 12 1 1 8 1 10 12 1 10 12 1 1 11 100 1 10 12 1 10 100 12 1 1 1 8 1 10 100 12 1 1 1 8 1 10 12 1 8 1 10 12 1 10 12 1 1 10 100 12 1 1 10 12 1 10 12 1 10 12 1 9 12 1 9 10 12 1 9 12 1 1 11 100 12 1 1 1 11 100 12 1 1 1 100 1 10 12 11 100 12 1 1 10 11 7 12 1 10 12 1 100 1 10 12 1 100 1 10 10 9 7 12 1 1 1 10 12 3 10 100 12 1 1 9 12 1 10 12 1 1 9 12 1 1 9 12 1 10 12 1 1 10 100 12 1 1 9 12 1 9 7 12 1 1 10 12 1 1 10 12 1 3 9 12 1 9 12 1 10 12 1 1 7 1 9 3 9 12 1 100 1 10 12 1 9 12 1 10 12 1 9 12 1 10 12 1 9 12 1 10 100 12 1 1 1 100 10 12 1 100 1 5 0 10 100 12 1 1 100 1 10 12 1 1 10 12 1 10 12 1 100 1 10 12 1 10 100 1 100 1 10 10 12 1 10 100 1 10 12 1 10 100 1 10 12 1 10 100 1 10 12 1 1 100 1 10 12 1 10 10 12 1 100 1 10 12 1 10 10 12 1 100 1 10 12 1 10 100 1 10 12 1 10 100 1 10 12 1 10 100 1 10 12 1 10 100 1 10 12 1 10 100 1 10 12 1 10 100 1 10 12 1 10 100 1 10 12 1 10 100 1 10 10 100 1 10 10 100 1 10 10 100 1 10 12 1 10 100 1 10 12 1 10 100 1 10 12 1 10 100 1 10 12 1 10 100 1 10 12 1 10 100 1 10 10 100 1 10 10 100 1 10 10 100 1 10 12 1 10 100 1 10 12 1 10 100 1 10 12 1 10 100 1 10 12 1 10 100 1 10 12 1 10 10 12 1 10 7 12 1 1 1 10 12 1 7 1 7 1 10 12 1 9 12 1 1 9 12 1 1 10 12 1 1 8 10 12 1 1 8 8 8 8 7 10 12 1 1 10 12 1 100 1 8 1 10 7 1 100 1 100 1 1 1 5 0 1 1 3 1 3 1 1 1 1 3 1 3 1 3 1 1 1 1 1 3 1 3 1 3 1 1 1 1 1 1 1 1 1 1 1 1 1 1 1 1 1 1 1 1 1 1 1 1 1 100 1 1 1 1 1 1 1 1 1 1 1 1 1 1 1 1 1 1 1 1 1 1 1 1 1 1 1 1 1 1 1 1 1 1 1 1 1 1 1 1 1 1 1 1 1 1 1 1 1 1 1 1 1 1 1 1 1 1 1 1 1 1 1 1 1 1 1 1 1 1 1 1 1 1 1 1 1 1 1 1 1 1 1 1 100 1 1 1 1 1 1 1 1 1 1 1 100 1 1 1 1 1 1 1 1 1 1 1 1 1 1 1 1 1 1 1 1 1 1 1 1 1 1 1 1 1 1 1 1 1 1 1 1 1 1 1 1 1 1 1 1 1 1 1 1 1 1 1 1 1 1 1 1 1 1 1 1 1 1 1 1 1 1 1 1 1 1 1 1 1 1 1 1 1 1 1 1 1 1 1 1 1 1 1 1 1 1 1 1 1 1 1 1 1 1 1 1 1 1 1 1 1 1 1 1 1 1 1 1 1 1 1 1 1 1 1 1 1 1 1 1 1 1 1 1 1 1 1 1 1 1 1 1 1 1 1 1 1 1 1 1 1 1 1 1 1 1 1 1 1 1 1 1 1 1 1 1 1 1 1 1 1 1 1 1 1 1 1 1 1 1 1 1 1 1 1 1 1 1 1 1 1 1 1 1 1 1 1 1 1 1 1 1 1 1 1 1 1 1 1 1 1 1 1 1 1 1 1 1 1 1 1 1 1 1 1 1 1 1 1 100 1 100 1 100 1 100 1 100 1 100 1 100 1 100 1 100 1 1 1 1 1 1 1 1 1 1 1 1 1 1 1 1 1 1 1 1 1 1 1 1 1 1 1 1 1 1 1 1 1 1 1 1 1 1 1 1 1 1 1 1 1 1 1 1 1 1 1 1 1 1 1 1 1 1
staticfield java/util/concurrent/ConcurrentHashMap NCPU I 8
staticfield java/util/concurrent/ConcurrentHashMap serialPersistentFields [Ljava/io/ObjectStreamField; 3 [Ljava/io/ObjectStreamField;
staticfield java/util/concurrent/ConcurrentHashMap U Ljdk/internal/misc/Unsafe; jdk/internal/misc/Unsafe
staticfield java/util/concurrent/ConcurrentHashMap SIZECTL J 20
staticfield java/util/concurrent/ConcurrentHashMap TRANSFERINDEX J 32
staticfield java/util/concurrent/ConcurrentHashMap BASECOUNT J 24
staticfield java/util/concurrent/ConcurrentHashMap CELLSBUSY J 36
staticfield java/util/concurrent/ConcurrentHashMap CELLVALUE J 144
staticfield java/util/concurrent/ConcurrentHashMap ABASE I 16
staticfield java/util/concurrent/ConcurrentHashMap ASHIFT I 2
ciInstanceKlass java/lang/String 1 1 1396 10 7 12 1 1 1 8 1 9 7 12 1 1 1 9 12 1 1 9 12 1 1 10 12 1 10 12 1 1 10 12 1 1 9 12 1 1 10 7 12 1 1 1 10 7 1 10 7 12 1 1 1 10 12 1 1 10 12 1 1 10 12 1 10 12 1 1 10 12 1 10 7 12 1 1 1 9 7 12 1 1 1 10 7 12 1 1 1 10 12 1 1 10 12 1 1 10 12 1 1 10 12 1 1 10 12 1 1 9 100 12 1 1 10 12 9 100 12 1 1 3 10 7 12 1 1 1 100 1 11 12 1 1 11 12 1 11 12 1 1 10 100 12 1 1 1 10 12 1 1 9 100 12 1 1 1 10 12 1 1 10 12 1 11 12 1 1 10 12 1 1 10 12 10 12 1 1 10 100 12 1 1 1 10 7 12 1 1 1 10 12 1 1 100 1 100 1 10 12 1 10 12 1 10 12 1 1 100 1 10 12 1 1 100 1 10 12 1 1 10 12 1 1 10 10 12 1 100 1 100 1 100 1 10 12 1 10 12 1 1 10 12 1 1 10 12 1 10 12 1 1 10 12 1 1 10 100 12 1 1 100 1 11 11 12 1 11 12 1 10 12 1 1 10 12 1 10 12 10 12 1 1 10 10 100 12 1 1 1 10 100 12 1 1 10 12 1 1 10 100 12 1 1 10 12 1 10 12 1 1 10 12 1 1 10 12 1 10 12 1 10 12 1 1 100 1 10 12 1 1 10 12 10 12 1 10 12 1 1 10 100 12 1 1 1 10 12 1 10 12 1 1 10 12 1 10 12 1 3 3 10 12 1 10 12 1 1 10 12 1 1 10 12 1 1 10 12 1 10 12 1 1 10 12 1 1 10 12 1 10 12 1 10 12 1 10 12 1 1 10 12 1 10 12 1 10 12 1 10 12 1 10 12 1 10 12 1 10 100 1 10 8 1 10 12 1 1 10 12 1 8 1 10 12 1 1 10 12 10 12 1 8 1 10 10 12 1 1 10 12 1 1 10 12 1 10 12 1 1 10 12 10 100 1 10 10 12 1 10 12 1 10 12 1 10 10 12 1 10 12 1 1 10 12 1 100 1 10 10 12 1 100 1 10 10 12 1 10 12 1 1 10 12 1 10 12 1 1 10 10 12 1 1 10 100 1 10 10 12 1 10 12 1 1 10 12 1 1 10 100 1 10 12 1 10 12 1 10 12 1 10 12 1 1 10 12 1 11 7 1 11 12 10 12 1 10 12 1 1 10 12 1 1 10 10 12 1 10 12 1 9 12 1 1 11 100 12 1 1 1 10 10 12 1 10 12 1 1 10 10 12 1 10 12 1 10 12 1 1 9 12 1 10 12 1 1 10 10 12 1 1 10 12 10 10 12 1 10 12 10 10 12 10 10 12 1 10 12 1 10 12 10 10 12 10 12 1 10 12 10 12 10 10 12 1 10 12 1 1 10 12 1 10 10 12 1 10 7 12 1 1 1 10 12 1 1 10 10 7 12 1 1 1 11 10 12 1 10 12 1 1 10 12 1 1 10 7 12 1 1 1 10 12 1 10 10 12 1 10 12 1 10 12 1 10 100 12 1 1 10 12 1 100 1 100 1 8 1 10 10 10 12 1 8 1 10 12 1 3 3 7 1 10 10 12 1 10 12 1 10 12 1 1 10 12 1 1 11 7 12 1 1 1 7 1 10 12 1 1 10 12 1 10 12 1 1 10 12 1 1 8 1 10 12 1 1 10 12 1 11 100 12 1 1 1 11 100 12 1 1 11 12 1 1 10 12 1 10 12 1 1 10 10 7 12 1 1 1 10 12 1 10 12 1 10 10 12 10 12 1 1 10 10 12 1 10 10 12 1 10 10 12 1 10 10 12 1 10 12 1 1 10 10 12 1 8 1 10 12 1 1 18 12 1 1 11 100 12 1 1 1 7 1 3 18 12 1 18 12 1 8 1 10 100 12 1 1 1 11 12 1 1 10 12 10 10 12 1 10 11 12 1 1 10 12 1 1 11 12 1 18 3 11 10 12 1 11 11 10 12 1 10 12 1 1 8 1 10 12 1 10 12 1 10 12 1 1 10 10 12 1 11 100 12 1 100 1 100 1 10 12 1 100 1 10 10 100 12 1 1 1 100 1 10 7 1 10 10 12 1 10 10 12 1 8 1 10 10 12 1 8 1 8 1 10 12 1 10 12 1 10 10 12 10 100 12 1 1 10 100 12 1 1 10 100 12 1 1 8 1 10 12 1 10 12 1 1 10 10 12 8 1 8 1 10 8 1 8 1 8 1 8 1 10 12 1 10 12 1 8 1 10 100 12 1 1 1 10 12 10 12 1 1 10 12 10 10 12 10 12 7 1 9 12 1 1 7 1 10 100 1 100 1 100 1 100 1 1 1 1 1 1 5 0 1 1 1 1 1 3 1 3 1 1 1 1 1 1 1 1 1 1 1 1 1 1 1 100 1 1 1 100 1 1 1 1 1 1 1 1 1 1 1 1 1 1 1 1 1 1 1 1 1 1 1 1 1 1 1 100 1 1 1 1 1 1 1 1 1 100 1 1 1 1 1 1 1 1 1 1 1 1 1 1 1 1 1 1 1 1 1 1 1 1 1 1 1 1 1 1 1 1 1 1 1 1 1 1 1 1 1 1 1 1 1 1 1 1 1 1 1 1 1 1 1 1 1 1 1 1 1 1 1 1 1 1 1 1 1 1 1 1 1 1 1 1 1 1 1 1 1 1 1 1 1 1 1 1 1 1 1 1 1 1 1 1 1 1 1 1 1 1 1 1 1 1 1 1 1 1 1 1 1 1 1 1 1 1 1 1 1 1 1 1 1 1 1 1 1 1 1 1 1 1 1 1 1 1 1 1 1 1 1 1 1 1 1 1 1 1 1 1 1 1 1 1 1 1 1 1 1 1 1 1 1 1 1 1 1 100 1 1 1 1 1 1 1 1 1 1 1 1 1 1 1 1 1 1 1 1 1 1 1 1 100 1 1 1 1 1 1 1 1 1 1 1 1 1 100 1 1 1 1 1 1 1 1 1 1 1 1 1 1 1 15 10 100 12 1 1 1 16 15 10 12 16 15 10 12 15 10 12 15 10 12 1 1 1 1 100 1 100 1 1 1
staticfield java/lang/String COMPACT_STRINGS Z 1
staticfield java/lang/String serialPersistentFields [Ljava/io/ObjectStreamField; 0 [Ljava/io/ObjectStreamField;
staticfield java/lang/String CASE_INSENSITIVE_ORDER Ljava/util/Comparator; java/lang/String$CaseInsensitiveComparator
ciInstanceKlass java/security/ProtectionDomain 1 1 324 10 7 12 1 1 1 9 7 12 1 1 1 7 1 10 9 12 1 1 9 12 1 1 9 12 1 1 10 7 12 1 1 7 1 9 12 1 9 12 1 1 7 1 9 12 1 1 9 12 1 10 100 12 1 1 10 100 12 1 1 1 10 12 1 1 10 12 1 9 12 1 9 100 12 1 1 10 12 1 1 10 100 1 10 12 1 1 8 1 100 1 8 1 10 12 1 10 10 100 12 1 1 1 10 12 1 1 8 1 11 8 1 10 12 1 8 1 8 1 10 12 1 1 10 12 1 10 12 1 1 10 12 1 8 1 10 12 1 8 1 8 1 10 100 12 1 1 1 9 100 12 1 1 1 10 12 1 1 9 100 12 1 1 1 10 100 12 1 1 1 100 1 100 1 10 12 1 10 100 12 1 1 1 10 100 1 10 12 1 10 12 1 1 11 100 12 1 1 11 12 1 100 1 11 100 12 1 1 1 10 12 1 10 11 12 1 1 11 12 1 1 10 12 1 10 7 12 1 1 10 100 12 1 1 11 12 1 10 12 8 1 8 1 10 7 12 1 1 1 7 1 10 10 7 12 1 1 1 1 1 1 1 1 1 1 100 1 1 100 1 1 1 1 1 1 1 1 1 1 1 1 1 1 1 1 1 1 1 1 1 1 1 1 1 1 1 1 1 1 1 1 1 1 1 1 1 1 1 1 1 1 100 1 1 1 1 1 100 1 1 1 1 1
staticfield java/security/ProtectionDomain filePermCompatInPD Z 0
ciInstanceKlass java/security/CodeSource 1 1 395 10 7 12 1 1 1 9 7 12 1 1 1 9 12 1 1 9 12 1 1 9 12 1 1 10 7 12 1 1 1 9 12 1 1 10 100 12 1 1 10 100 10 100 12 1 1 1 10 100 12 1 1 1 10 12 1 1 100 1 10 10 100 12 1 1 1 10 100 12 1 1 1 10 12 1 1 10 12 1 100 1 10 12 1 1 10 12 1 1 10 12 1 1 10 12 1 10 10 10 12 1 1 10 100 12 1 1 1 10 12 1 10 12 1 10 12 1 8 1 10 12 1 10 12 1 10 12 1 1 10 12 1 8 1 10 12 1 1 10 100 1 10 10 12 1 1 8 1 10 12 1 10 12 1 10 12 1 8 1 8 1 9 12 1 1 100 1 8 1 10 12 1 10 12 1 1 8 1 10 12 1 8 1 8 1 8 1 10 100 12 1 1 10 12 1 1 10 12 1 10 12 1 1 10 12 1 1 10 12 1 1 100 1 100 1 10 12 1 10 12 10 12 1 1 10 100 12 1 1 10 12 1 100 1 10 12 10 8 1 10 12 1 10 12 1 10 12 1 1 100 1 10 12 1 1 100 1 100 1 8 1 8 1 10 10 12 1 1 10 100 12 1 1 1 100 1 10 12 10 12 1 1 11 100 12 1 1 10 10 12 1 11 10 12 1 8 1 100 1 10 12 1 10 12 1 1 10 12 1 11 12 1 1 11 100 1 1 1 1 5 0 1 1 1 1 1 1 1 1 1 1 1 1 1 1 1 1 1 1 1 1 1 1 1 1 1 1 1 1 1 1 1 1 1 1 1 1 1 1 1 1 1 1 1 1 1 1 1 1 1 1 1 1 1 1 1 1 1 1 1 1 1 1 1 1 1 100 1 1 1 1 1 1 1
ciInstanceKlass java/lang/StringBuilder 1 1 409 10 7 12 1 1 1 10 12 1 10 12 1 10 12 1 1 10 7 12 1 1 1 10 7 12 1 1 1 10 12 1 10 12 1 10 12 1 10 12 1 10 12 1 10 12 1 10 12 1 10 12 1 10 12 1 10 12 1 10 12 1 10 12 1 10 12 1 10 12 1 1 10 12 1 10 12 1 1 10 12 1 1 10 12 1 10 12 1 10 12 1 10 12 1 10 12 1 10 12 1 10 12 1 10 12 10 12 1 10 12 1 10 12 1 10 12 1 1 10 12 1 10 12 1 10 12 10 12 1 1 10 12 1 1 9 12 1 1 9 12 1 1 10 7 12 1 1 1 10 7 1 10 100 12 1 1 1 10 12 1 10 12 1 1 10 12 1 1 10 10 12 1 1 10 100 12 1 1 10 12 1 10 12 1 1 100 1 100 1 8 1 10 10 12 1 1 10 12 1 1 10 12 1 10 12 1 10 12 1 10 12 1 10 12 1 10 12 1 10 12 1 10 12 1 10 12 1 10 12 1 10 12 1 10 12 1 10 12 1 10 12 1 10 12 1 1 10 12 1 1 10 12 1 10 12 1 10 12 1 10 12 10 12 10 12 1 10 12 1 10 12 1 10 12 10 12 1 10 12 1 10 12 1 10 12 1 10 12 1 10 12 1 10 12 1 10 12 1 10 12 1 1 10 12 1 10 12 1 1 10 12 1 10 12 1 1 10 12 1 10 12 1 1 10 12 1 10 12 1 10 12 1 10 10 12 1 10 12 1 100 1 100 1 100 1 1 1 1 5 0 1 1 1 1 1 1 1 1 1 1 1 1 1 1 1 1 1 1 1 1 1 1 1 1 1 1 1 1 1 1 1 1 1 1 1 1 1 1 1 1 1 1 1 100 1 1 1 100 1 1 1 1 1 1 1 1 1 1
ciInstanceKlass jdk/internal/loader/ClassLoaders 1 1 183 10 100 12 1 1 1 10 7 12 1 1 1 10 12 1 1 10 7 12 1 1 1 9 7 12 1 1 1 9 12 1 1 9 12 1 1 7 1 11 100 12 1 1 1 100 1 11 12 1 1 11 12 1 1 10 100 12 1 1 1 10 100 12 1 1 1 100 1 100 1 10 7 12 1 1 1 9 12 1 1 10 12 1 1 7 1 10 12 1 1 10 12 1 7 1 8 1 10 100 12 1 1 1 10 12 1 1 7 1 10 12 1 10 12 1 10 12 1 8 1 10 7 12 1 1 8 1 8 1 10 12 1 7 1 10 12 1 10 12 1 10 12 1 1 1 1 1 1 1 1 1 1 1 1 1 1 1 1 1 1 1 1 100 1 1 1 1 1 1 1 1 1 1 1 1 1 1 1 1 1 1 1
staticfield jdk/internal/loader/ClassLoaders JLA Ljdk/internal/access/JavaLangAccess; java/lang/System$2
staticfield jdk/internal/loader/ClassLoaders BOOT_LOADER Ljdk/internal/loader/ClassLoaders$BootClassLoader; jdk/internal/loader/ClassLoaders$BootClassLoader
staticfield jdk/internal/loader/ClassLoaders PLATFORM_LOADER Ljdk/internal/loader/ClassLoaders$PlatformClassLoader; jdk/internal/loader/ClassLoaders$PlatformClassLoader
staticfield jdk/internal/loader/ClassLoaders APP_LOADER Ljdk/internal/loader/ClassLoaders$AppClassLoader; jdk/internal/loader/ClassLoaders$AppClassLoader
ciInstanceKlass jdk/internal/misc/Unsafe 1 1 1285 10 7 12 1 1 1 9 7 12 1 1 1 9 12 1 1 10 12 1 1 10 7 12 1 1 1 10 12 1 1 10 12 1 1 10 12 1 1 10 12 1 1 10 12 1 1 10 12 1 1 10 12 1 1 10 12 1 1 10 12 1 1 10 12 1 1 10 12 1 1 10 12 1 1 10 12 1 1 10 12 1 10 12 1 100 1 10 10 12 1 1 10 12 1 1 5 0 10 12 1 1 10 12 1 1 10 7 12 1 1 1 10 12 1 1 10 12 1 10 12 1 10 12 1 1 10 12 1 1 10 12 1 10 12 1 100 1 100 1 10 8 1 10 12 1 1 10 12 1 8 1 10 12 1 1 10 12 1 10 12 1 10 12 1 1 10 12 1 10 12 1 1 10 12 1 1 10 12 1 10 12 1 10 12 1 10 12 1 1 10 12 1 10 12 1 10 12 1 1 10 12 1 5 0 5 0 5 0 10 12 1 10 12 1 10 12 1 10 12 1 10 12 1 10 12 1 10 12 1 10 12 1 10 12 1 1 10 12 1 10 12 1 100 1 8 1 10 100 1 10 10 12 1 1 10 12 1 1 10 12 1 10 12 1 1 10 12 1 1 10 12 1 10 12 1 1 10 12 1 9 7 12 1 1 9 12 1 100 1 10 10 12 1 1 8 1 10 8 1 8 1 10 12 1 1 9 7 12 1 1 1 9 100 1 9 7 1 9 100 1 9 9 100 1 9 100 1 9 100 1 10 12 1 1 10 12 1 1 10 12 1 1 10 12 1 1 5 0 5 0 9 12 1 1 10 12 1 10 12 1 10 12 1 1 10 12 1 1 10 12 1 8 1 3 10 12 1 1 10 12 1 1 10 12 1 10 12 1 1 10 12 1 1 10 12 1 10 12 1 10 12 1 10 12 1 10 12 1 10 12 1 1 10 12 1 1 10 12 1 10 12 1 10 12 1 10 12 1 10 12 1 10 12 1 1 10 12 1 1 10 12 1 10 12 1 10 12 1 10 12 1 10 12 1 10 12 1 1 10 12 1 1 10 12 1 1 10 12 1 1 10 12 1 10 12 1 10 12 1 10 12 1 10 12 1 10 12 1 10 12 1 1 10 12 1 1 10 12 1 10 12 1 10 12 1 10 12 1 10 12 1 10 12 1 10 12 1 1 10 12 1 1 10 12 1 10 12 1 10 12 1 10 12 1 10 12 1 10 12 1 10 12 1 10 12 1 1 10 12 1 10 12 1 10 12 1 10 12 1 10 12 1 1 10 12 1 10 12 1 10 12 1 10 12 1 10 12 1 10 12 1 10 12 1 10 12 1 1 10 12 1 10 12 1 10 12 1 10 12 1 10 12 1 10 12 1 1 10 12 1 10 12 1 10 12 1 1 10 12 1 10 12 1 10 12 1 10 12 1 10 12 1 10 12 1 10 12 1 10 12 1 10 12 1 10 12 1 10 12 1 10 12 1 10 12 1 10 12 1 10 12 1 10 12 1 10 12 1 10 12 1 10 12 1 10 12 1 10 12 1 10 12 1 100 1 10 100 1 10 9 12 1 5 0 10 12 1 1 5 0 10 12 1 5 0 10 12 1 10 12 1 10 12 1 1 10 12 1 1 10 12 1 10 12 1 10 12 1 10 12 1 1 10 12 1 10 12 1 10 12 1 10 12 1 10 12 1 1 10 12 1 10 12 1 10 12 1 10 12 1 1 10 12 1 10 12 1 10 12 1 1 10 12 1 10 12 1 10 12 1 10 12 1 1 10 12 1 10 10 12 1 1 10 12 1 10 12 1 1 10 12 1 10 12 5 0 5 0 5 0 10 12 1 1 10 12 1 10 12 1 10 12 10 7 12 1 1 8 1 7 1 11 12 1 1 8 1 11 12 1 1 10 7 12 1 1 10 12 1 10 12 1 10 12 1 10 12 1 10 12 1 1 10 12 1 10 12 1 10 12 1 10 12 1 10 12 1 10 12 1 10 7 1 10 12 1 9 12 1 7 1 9 12 1 7 1 9 12 1 7 1 9 12 1 7 1 9 12 1 7 1 9 12 1 7 1 9 12 1 7 1 9 12 1 7 1 9 12 1 10 12 1 9 12 1 9 12 1 9 12 1 9 12 1 9 12 1 9 12 1 9 12 1 9 12 1 9 12 1 9 12 1 1 1 3 1 1 1 1 1 1 1 1 1 1 1 1 1 1 1 1 1 1 1 1 1 1 1 1 1 1 1 1 1 1 1 1 1 1 1 1 1 1 1 1 1 1 1 1 1 1 1 1 1 1 1 1 1 1 1 1 1 1 1 1 1 1 1 1 1 1 1 1 1 1 1 1 1 1 1 1 1 1 1 1 1 1 1 1 1 1 1 1 1 100 1 1 1 1 1 1 1 1 1 1 1 1 1 1 1 1 1 1 1 1 1 1 1 1 1 1 1 1 1 1 1 1 1 1 1 1 1 1 1 1 1 1 1 1 1 1 1 1 1 1 1 1 1 1 1 1 1 1 1 1 1 1 1 1 1 1 1 1 1 1 1 1 1 1 1 1 1 1 1 1 1 1 1 1 1 1 1 1 1 1 1 1 1 1 1 1 1 1 1 1 1 1 1 1 1 1 1 1 1 1 1 1 1 1 1 1 1 1 1 1 1 1 1 1 1 1 1 1 1 1 1 1 1 1 1 1 1 1 1 1 1 1 1 1 1 1 1 1 1 1 1 1 1 1 1 1 1 1 1 1 1 1 1 1 1 1 1 1 1 1 1 1 1 1 1 1 1 1 1 1 1 1 1 1 1 1 1 1 1 1 1 1 1 1 1 1 1 1 1 1 1 1 1 1 1 1 1 3 1 1 1 1 1 1 1 1 1 1 1 1 1 1 1 1 1 1 1 1 1
staticfield jdk/internal/misc/Unsafe theUnsafe Ljdk/internal/misc/Unsafe; jdk/internal/misc/Unsafe
staticfield jdk/internal/misc/Unsafe ARRAY_BOOLEAN_BASE_OFFSET I 16
staticfield jdk/internal/misc/Unsafe ARRAY_BYTE_BASE_OFFSET I 16
staticfield jdk/internal/misc/Unsafe ARRAY_SHORT_BASE_OFFSET I 16
staticfield jdk/internal/misc/Unsafe ARRAY_CHAR_BASE_OFFSET I 16
staticfield jdk/internal/misc/Unsafe ARRAY_INT_BASE_OFFSET I 16
staticfield jdk/internal/misc/Unsafe ARRAY_LONG_BASE_OFFSET I 16
staticfield jdk/internal/misc/Unsafe ARRAY_FLOAT_BASE_OFFSET I 16
staticfield jdk/internal/misc/Unsafe ARRAY_DOUBLE_BASE_OFFSET I 16
staticfield jdk/internal/misc/Unsafe ARRAY_OBJECT_BASE_OFFSET I 16
staticfield jdk/internal/misc/Unsafe ARRAY_BOOLEAN_INDEX_SCALE I 1
staticfield jdk/internal/misc/Unsafe ARRAY_BYTE_INDEX_SCALE I 1
staticfield jdk/internal/misc/Unsafe ARRAY_SHORT_INDEX_SCALE I 2
staticfield jdk/internal/misc/Unsafe ARRAY_CHAR_INDEX_SCALE I 2
staticfield jdk/internal/misc/Unsafe ARRAY_INT_INDEX_SCALE I 4
staticfield jdk/internal/misc/Unsafe ARRAY_LONG_INDEX_SCALE I 8
staticfield jdk/internal/misc/Unsafe ARRAY_FLOAT_INDEX_SCALE I 4
staticfield jdk/internal/misc/Unsafe ARRAY_DOUBLE_INDEX_SCALE I 8
staticfield jdk/internal/misc/Unsafe ARRAY_OBJECT_INDEX_SCALE I 4
staticfield jdk/internal/misc/Unsafe ADDRESS_SIZE I 8
ciInstanceKlass java/lang/ThreadGroup 1 1 293 10 7 12 1 1 1 9 7 12 1 1 1 8 1 9 12 1 1 7 1 9 12 1 9 12 1 1 10 12 1 1 10 12 1 1 10 12 1 10 12 1 1 10 12 1 9 12 1 1 10 12 1 1 10 12 1 9 12 1 10 100 12 1 1 1 9 12 1 9 12 1 1 10 100 12 1 1 1 100 10 12 1 1 10 7 12 1 1 1 10 100 12 1 9 12 1 10 12 1 1 10 12 1 1 9 12 1 1 10 12 1 1 10 12 1 10 12 1 10 12 1 1 10 12 1 1 10 12 1 10 12 1 10 10 12 1 10 12 1 10 100 1 10 10 12 1 10 12 1 10 12 1 100 10 12 1 9 12 1 1 10 12 1 1 8 1 10 100 12 1 1 1 10 12 1 1 10 12 1 1 10 12 1 1 11 100 1 100 1 9 12 1 100 1 10 8 1 10 12 1 1 10 12 1 1 8 1 10 12 1 10 100 12 1 1 1 10 12 1 1 10 100 1 8 1 10 8 1 10 12 1 8 1 1 1 1 1 1 1 1 1 1 1 1 1 1 1 1 1 3 1 1 1 1 1 1 1 1 1 1 1 1 1 1 1 1 1 1 1 1 1 1 1 1 1 1 1 1 1 1 1 1 1 1 1 1 1 1 1 1 1 1
ciInstanceKlass java/util/Properties 1 1 651 10 7 12 1 1 1 100 1 10 7 12 1 1 7 1 10 12 1 9 12 1 1 9 12 1 1 9 12 1 1 10 7 12 1 1 1 10 12 1 1 8 1 10 7 12 1 1 1 7 1 10 12 1 10 12 1 1 8 1 10 12 1 7 1 10 12 10 12 1 1 9 12 1 1 10 12 1 1 7 1 10 12 1 10 12 1 10 12 1 1 100 1 8 1 10 12 1 10 12 1 10 12 1 1 10 12 1 100 1 3 10 10 100 12 1 1 1 10 12 1 10 12 1 1 8 1 10 12 1 10 12 1 1 8 1 10 100 12 1 1 10 12 1 1 10 12 1 10 12 1 1 100 1 10 12 1 10 12 1 1 100 1 9 100 12 1 1 1 10 12 1 10 12 1 1 100 1 10 10 10 12 1 1 11 100 12 1 1 1 11 100 12 1 1 1 11 12 1 1 100 1 11 12 1 11 12 1 10 12 1 1 8 1 10 12 1 10 12 1 100 1 10 10 12 1 1 10 100 12 1 1 9 100 12 1 1 10 12 1 1 10 100 12 1 1 1 100 1 100 1 100 1 10 8 1 8 1 10 12 1 10 12 1 10 12 1 1 10 10 12 1 1 10 12 1 1 100 1 10 10 12 1 11 100 12 1 1 10 100 12 1 1 1 8 1 10 100 12 1 1 11 8 1 10 100 1 11 10 12 1 10 12 1 10 12 1 10 12 1 1 10 12 1 1 10 12 1 1 10 12 1 10 12 1 10 10 12 1 10 12 1 10 12 1 10 10 12 1 1 10 12 1 1 100 1 10 10 12 1 10 12 1 10 12 1 10 12 1 10 12 1 1 10 12 1 1 10 12 1 10 12 1 10 12 1 1 10 12 10 12 1 1 10 12 1 1 10 12 1 10 12 1 1 10 12 1 1 10 12 100 1 10 11 100 12 1 1 4 11 10 12 1 1 10 100 12 1 1 11 12 1 10 12 1 1 10 100 12 1 1 10 12 1 100 1 8 1 10 12 1 10 10 100 12 1 1 1 100 1 6 0 10 12 1 1 11 100 12 1 1 1 10 12 1 10 12 1 1 1 1 1 5 0 1 1 1 1 1 1 1 1 1 1 1 1 1 1 1 1 1 1 1 1 1 1 1 1 1 1 1 1 1 1 1 1 1 1 1 1 1 1 1 1 100 1 1 1 1 1 1 1 1 1 1 1 1 1 1 1 1 1 1 1 1 100 1 1 1 1 1 1 1 100 1 100 1 1 1 1 100 1 1 1 1 1 1 1 1 1 1 1 1 1 1 1 1 1 1 1 1 1 1 1 1 1 1 1 1 1 1 1 1 1 1 1 1 1 1 1 1 1 1 1 1 1 1 1 1 1 1 1 1 1 1 1 1 1 1 1 1 1 1 1 1 1 1 1 1 1 1 1 1 1 1 1 1 100 1 1 1 1 1 1 1 1 1 100 1 1 1
staticfield java/util/Properties UNSAFE Ljdk/internal/misc/Unsafe; jdk/internal/misc/Unsafe
instanceKlass java/util/Hashtable
ciInstanceKlass java/util/Dictionary 1 1 36 10 7 12 1 1 1 100 1 1 1 1 1 1 1 1 1 1 1 1 1 1 1 1 1 1 1 1 1 1 1 1 1 1 1 1
instanceKlass java/util/Properties
ciInstanceKlass java/util/Hashtable 1 1 512 100 1 10 7 12 1 1 1 9 7 12 1 1 1 100 1 100 1 10 8 1 10 12 1 1 10 12 1 10 12 1 1 10 12 1 10 7 12 1 1 1 8 1 10 12 1 9 12 1 1 7 1 9 12 1 1 4 10 7 12 1 1 1 9 12 1 4 10 12 1 11 100 12 1 1 1 10 12 1 1 10 12 1 1 9 12 1 10 12 1 1 100 1 10 9 12 1 1 10 7 12 1 1 1 9 12 1 1 10 12 1 10 12 1 3 9 12 1 9 12 1 3 10 12 1 10 12 1 10 12 1 1 11 12 1 1 11 100 12 1 1 1 11 100 12 1 1 1 11 12 1 100 1 11 12 1 11 12 1 10 12 1 1 10 12 1 1 10 12 1 9 12 1 1 9 12 9 12 1 1 10 100 1 100 1 10 12 1 10 8 1 10 10 12 1 8 1 10 8 1 10 100 12 1 1 1 100 1 10 12 1 10 12 1 100 1 10 12 1 10 12 1 1 100 1 10 100 1 10 10 12 1 1 11 12 1 1 11 12 1 100 1 10 10 10 100 12 1 1 11 100 12 1 1 1 100 1 10 11 100 12 1 1 11 100 12 1 10 12 1 10 12 1 1 10 100 12 1 1 10 12 1 1 10 12 1 1 10 12 1 1 10 100 12 1 1 1 8 10 100 12 1 1 100 1 8 1 10 4 10 12 4 10 12 1 8 1 10 12 10 100 12 1 1 1 100 1 11 100 12 1 1 1 10 100 12 1 1 1 10 12 1 10 12 1 1 10 100 1 100 1 1 1 1 1 1 5 0 1 1 1 1 1 3 1 3 1 3 1 1 1 1 1 1 1 1 1 1 1 1 1 1 1 1 1 1 1 1 1 1 1 1 1 100 1 1 1 1 1 1 1 1 1 1 1 1 1 1 1 1 1 1 1 1 1 1 1 1 1 1 1 1 1 100 1 1 1 1 1 1 1 1 1 1 1 1 1 1 1 1 1 1 1 1 1 1 1 1 1 1 1 1 1 1 1 1 1 1 1 1 1 1 1 1 1 1 1 1 1 1 1 1 1 1 1 1 1 1 1 1 1 1 100 1 1 1 100 1 1 1 1 1 100 1 1 1 1 1 1 1 1 1 1 1 1 1 1 1 1 1 1
instanceKlass org/jetbrains/kotlin/protobuf/RopeByteString$RopeInputStream
instanceKlass org/jetbrains/kotlin/com/intellij/util/io/UnsyncByteArrayInputStream
instanceKlass org/jetbrains/kotlin/com/fasterxml/aalto/in/MergedStream
instanceKlass kotlin/reflect/jvm/internal/impl/protobuf/RopeByteString$RopeInputStream
instanceKlass java/util/zip/ZipFile$ZipFileInputStream
instanceKlass java/io/FilterInputStream
instanceKlass java/io/FileInputStream
instanceKlass java/io/ByteArrayInputStream
ciInstanceKlass java/io/InputStream 1 1 184 100 1 10 7 12 1 1 1 100 1 10 10 7 12 1 1 1 10 7 12 1 1 1 10 12 1 100 1 3 10 12 1 1 100 1 8 1 10 12 1 10 100 12 1 1 1 3 100 1 8 1 10 10 100 12 1 1 1 100 1 10 11 100 12 1 1 1 10 12 1 1 11 12 1 1 11 100 12 1 1 1 11 12 1 1 100 1 10 100 12 1 1 1 5 0 10 12 1 10 12 1 1 100 1 10 8 1 10 8 1 8 1 10 12 1 1 10 100 12 1 1 1 100 1 1 1 1 3 1 3 1 1 1 1 1 1 1 1 1 1 1 1 1 1 1 1 1 1 1 1 1 1 1 1 1 1 1 1 1 1 1 1 1 1 1 1 1 1 1 1 1 1 1 1 1 1 1 1 1 1 1 1 1
ciInstanceKlass java/io/ByteArrayInputStream 1 1 117 10 7 12 1 1 1 9 7 12 1 1 1 9 12 1 1 9 12 1 9 12 1 10 100 12 1 1 1 10 7 12 1 1 1 10 7 12 1 1 1 10 100 12 1 1 1 10 12 1 1 3 10 100 1 10 100 12 1 1 1 9 12 1 1 100 1 10 10 7 12 1 1 1 1 1 1 1 1 1 1 1 1 1 1 1 1 1 1 1 1 1 1 1 1 1 1 1 1 1 1 1 100 1 1 1 1 1 1 1 1 1 1 1 1 1 1
staticfield java/io/ByteArrayInputStream $assertionsDisabled Z 1
instanceKlass jdk/internal/misc/InnocuousThread
instanceKlass java/lang/ref/Finalizer$FinalizerThread
instanceKlass java/lang/ref/Reference$ReferenceHandler
ciInstanceKlass java/lang/Thread 1 1 612 9 7 12 1 1 1 9 12 1 1 10 12 1 1 9 12 1 1 9 12 1 1 100 1 8 1 10 12 1 1 3 8 1 100 1 5 0 10 12 1 1 10 7 12 1 1 9 12 1 1 9 12 1 9 12 1 1 9 12 1 100 1 8 1 10 9 12 1 1 10 7 12 1 1 1 10 100 12 1 1 1 10 10 7 12 1 1 10 12 1 1 10 12 1 1 9 100 12 1 1 1 10 12 1 1 10 12 1 9 12 1 1 10 12 1 1 10 12 1 1 9 12 1 10 12 1 1 9 12 1 1 10 7 12 1 1 1 9 12 1 1 9 12 1 1 10 12 1 1 10 100 12 1 1 1 9 12 1 10 12 1 1 9 12 1 100 1 10 100 1 10 8 1 10 12 1 1 10 12 1 10 12 1 10 12 1 1 10 12 1 10 12 1 9 12 1 100 1 10 10 12 1 1 10 12 1 10 12 1 100 1 11 7 12 1 1 9 100 12 1 1 1 10 12 1 10 12 1 10 12 9 12 1 1 10 9 12 1 10 12 1 100 1 10 10 12 1 1 9 12 1 10 12 1 11 100 12 1 1 10 12 1 9 12 1 10 12 1 10 12 1 10 10 12 1 10 12 1 10 12 1 10 12 1 10 12 1 1 100 1 10 10 12 1 10 12 1 10 12 1 9 100 12 1 1 1 10 12 1 1 10 12 1 100 1 8 1 10 10 12 1 10 12 8 1 10 12 1 8 1 10 8 1 8 1 10 100 12 1 1 10 100 12 1 1 1 100 1 8 1 10 9 12 1 9 12 1 1 10 12 1 1 10 10 12 1 1 9 12 1 10 12 1 1 100 1 10 12 11 100 12 1 1 1 9 100 12 1 1 1 9 12 1 1 10 12 1 1 100 1 10 12 1 11 100 12 1 1 1 100 1 10 12 1 10 12 1 1 11 12 1 10 12 1 100 1 10 12 1 10 12 1 1 10 100 12 1 1 1 8 1 9 12 1 10 12 1 1 11 100 12 1 1 1 10 100 12 1 1 1 11 12 1 10 12 1 7 1 1 1 1 3 1 3 1 3 1 1 1 1 1 1 1 1 1 1 1 1 1 1 1 1 1 1 1 100 1 1 1 1 1 1 1 1 1 1 1 1 100 1 100 1 1 1 1 1 1 1 1 1 1 1 1 1 1 1 1 1 1 1 1 1 1 1 1 1 1 1 1 1 1 1 1 1 1 1 1 1 1 1 1 1 1 1 100 100 1 1 1 1 1 1 1 1 1 100 1 1 1 1 1 1 1 1 1 1 1 1 1 1 1 1 1 1 1 1 1 1 1 1 1 1 1 1 100 1 1 1 1 1 1 100 1 1 100 1 1 1 1 1 1
staticfield java/lang/Thread EMPTY_STACK_TRACE [Ljava/lang/StackTraceElement; 0 [Ljava/lang/StackTraceElement;
ciMethod java/lang/System arraycopy (Ljava/lang/Object;ILjava/lang/Object;II)V 256 0 128 0 -1
instanceKlass org/jetbrains/kotlin/load/java/structure/impl/classFiles/BinaryClassSignatureParser$ClsFormatException
instanceKlass java/lang/Exception
instanceKlass java/lang/Error
ciInstanceKlass java/lang/Throwable 1 1 393 10 7 12 1 1 1 9 7 12 1 1 1 9 12 1 1 9 12 1 9 12 1 1 9 12 1 10 12 1 1 9 12 1 1 10 12 1 1 10 12 1 100 1 7 1 10 8 1 10 12 1 1 8 1 10 100 12 1 1 10 10 12 1 100 1 8 1 10 10 12 1 1 10 7 12 1 1 10 12 1 8 1 9 100 12 1 1 1 10 12 1 1 100 1 10 12 10 12 1 100 1 10 10 7 12 1 1 1 11 100 12 1 1 1 10 100 12 1 1 1 10 12 1 1 10 12 1 1 8 1 10 12 1 10 12 1 1 8 1 8 1 10 12 1 1 10 12 1 8 1 8 1 9 12 1 1 10 100 12 1 1 100 1 10 11 12 1 8 1 8 1 10 7 12 1 1 8 1 10 12 1 8 1 100 1 10 12 1 9 12 1 1 10 12 1 10 7 12 1 9 12 1 1 10 12 1 1 100 1 8 1 10 12 1 10 100 12 1 1 10 12 1 1 100 1 10 100 12 1 1 1 10 12 1 11 100 12 1 1 1 11 100 12 1 1 1 11 12 1 8 1 10 12 1 1 8 1 10 10 9 100 12 1 1 1 8 1 10 12 1 1 10 100 1 8 1 10 11 12 1 1 8 1 9 12 1 10 100 12 1 1 11 9 12 1 1 11 12 1 1 100 10 12 1 10 12 1 1 100 1 1 1 1 5 0 1 1 1 1 1 1 1 1 1 1 1 1 1 100 1 1 1 1 1 1 1 1 1 1 1 1 1 1 1 1 1 1 1 1 1 1 1 1 1 1 1 1 1 1 1 1 1 1 1 1 1 1 1 1 1 1 100 1 100 1 1 1 1 1 1 1 1 1 1 1 1 1 1 1 1 1 1
staticfield java/lang/Throwable UNASSIGNED_STACK [Ljava/lang/StackTraceElement; 0 [Ljava/lang/StackTraceElement;
staticfield java/lang/Throwable SUPPRESSED_SENTINEL Ljava/util/List; java/util/Collections$EmptyList
staticfield java/lang/Throwable EMPTY_THROWABLE_ARRAY [Ljava/lang/Throwable; 0 [Ljava/lang/Throwable;
staticfield java/lang/Throwable $assertionsDisabled Z 1
instanceKlass org/jetbrains/kotlin/com/google/common/collect/RegularImmutableMap$BucketOverflowException
instanceKlass org/jetbrains/kotlin/container/InvalidCardinalityException
instanceKlass org/jetbrains/kotlin/container/ContainerConsistencyException
instanceKlass java/util/concurrent/TimeoutException
instanceKlass com/sun/tools/javac/main/Option$InvalidValueException
instanceKlass org/jetbrains/kotlin/com/intellij/psi/scope/MethodProcessorSetupFailedException
instanceKlass java/text/ParseException
instanceKlass javax/xml/stream/XMLStreamException
instanceKlass org/jetbrains/kotlin/com/intellij/util/cls/ClsFormatException
instanceKlass sun/nio/fs/UnixException
instanceKlass java/net/URISyntaxException
instanceKlass java/lang/CloneNotSupportedException
instanceKlass kotlin/reflect/jvm/internal/impl/types/TypeSubstitutor$SubstitutionException
instanceKlass kotlin/reflect/full/IllegalPropertyDelegateAccessException
instanceKlass kotlin/reflect/full/IllegalCallableAccessException
instanceKlass java/lang/InterruptedException
instanceKlass java/io/IOException
instanceKlass java/lang/ReflectiveOperationException
instanceKlass java/lang/RuntimeException
ciInstanceKlass java/lang/Exception 1 1 40 10 7 12 1 1 1 10 12 1 10 12 1 10 12 1 10 12 1 100 1 1 1 1 5 0 1 1 1 1 1 1 1 1 1 1 1 1 1 1
instanceKlass java/lang/reflect/InvocationTargetException
instanceKlass java/lang/InstantiationException
instanceKlass java/lang/IllegalAccessException
instanceKlass java/lang/NoSuchFieldException
instanceKlass java/lang/NoSuchMethodException
instanceKlass java/lang/ClassNotFoundException
ciInstanceKlass java/lang/ReflectiveOperationException 1 1 34 10 7 12 1 1 1 10 12 1 10 12 1 10 12 1 100 1 1 1 1 5 0 1 1 1 1 1 1 1 1 1 1 1
instanceKlass java/io/IOError
instanceKlass kotlin/reflect/jvm/internal/KotlinReflectionInternalError
instanceKlass kotlin/jvm/KotlinReflectionNotSupportedError
instanceKlass kotlin/NotImplementedError
instanceKlass java/lang/AssertionError
instanceKlass java/lang/VirtualMachineError
instanceKlass java/lang/LinkageError
instanceKlass java/lang/ThreadDeath
ciInstanceKlass java/lang/Error 1 1 40 10 7 12 1 1 1 10 12 1 10 12 1 10 12 1 10 12 1 100 1 1 1 1 5 0 1 1 1 1 1 1 1 1 1 1 1 1 1 1
ciInstanceKlass java/lang/ThreadDeath 0 0 21 10 100 12 1 1 1 100 1 1 1 1 5 0 1 1 1 1 1 1 1
ciInstanceKlass java/lang/ClassNotFoundException 1 1 96 7 1 10 7 12 1 1 1 10 12 1 10 12 1 1 10 100 12 1 1 1 8 1 10 100 12 1 1 1 10 7 12 1 1 10 100 12 1 1 1 10 100 12 1 1 1 10 12 1 1 7 1 10 12 1 9 12 1 1 1 1 1 5 0 1 1 1 1 1 1 1 1 1 1 1 1 1 1 1 1 1 1 100 1 1 1 1 1 1 1 1 1 1 1 1
staticfield java/lang/ClassNotFoundException serialPersistentFields [Ljava/io/ObjectStreamField; 1 [Ljava/io/ObjectStreamField;
instanceKlass java/lang/IncompatibleClassChangeError
instanceKlass java/lang/ExceptionInInitializerError
instanceKlass java/lang/UnsatisfiedLinkError
instanceKlass java/lang/BootstrapMethodError
instanceKlass java/lang/NoClassDefFoundError
ciInstanceKlass java/lang/LinkageError 1 1 31 10 7 12 1 1 1 10 12 1 10 12 1 100 1 1 1 1 5 0 1 1 1 1 1 1 1 1 1 1 1
ciInstanceKlass java/lang/Record 0 0 22 10 100 12 1 1 1 100 1 1 1 1 1 1 1 1 1 1 1 1 1 1
ciInstanceKlass java/lang/Math 1 1 395 10 100 12 1 1 1 10 7 12 1 1 1 10 12 1 10 12 1 10 12 1 10 12 1 10 12 1 7 1 6 0 6 0 10 12 1 10 12 1 10 12 1 10 12 1 10 12 1 10 12 1 1 10 12 1 10 12 1 10 12 1 10 12 1 10 12 1 10 7 12 1 1 1 100 1 3 3 3 10 7 12 1 1 1 100 1 5 0 5 0 5 0 5 0 5 0 9 100 12 1 1 1 10 100 12 1 1 1 100 1 8 1 10 12 1 8 1 10 12 1 1 10 12 1 1 100 1 5 0 5 0 100 1 3 5 0 3 5 0 10 12 1 10 12 1 8 1 10 12 1 8 1 9 12 1 1 9 12 1 10 12 1 1 6 0 10 12 1 9 12 1 1 100 1 10 10 12 1 100 1 10 12 1 10 12 1 1 10 12 1 10 12 1 10 12 1 10 12 1 1 10 12 1 1 10 12 1 1 10 12 6 0 10 12 1 1 10 12 1 1 10 12 10 12 1 4 10 12 1 1 10 12 1 10 12 1 10 12 10 12 1 10 12 1 10 12 1 10 12 1 10 12 1 10 12 1 10 12 1 5 0 6 0 4 6 0 4 6 0 4 10 12 1 1 9 12 1 1 10 12 1 9 12 1 10 7 12 1 1 1 4 6 0 1 1 6 0 1 6 0 1 1 1 1 1 1 1 1 1 1 1 1 1 1 1 1 1 1 1 1 1 1 1 1 1 1 1 1 1 1 1 1 1 1 1 1 1 1 1 1 1 1 1 1 1 1 1 1 1 1 1 1 1 1 1 1 1 1 1 1 1 1 1 1 1 1 1 1 1 1 1 1 1 1 1 1 1 1 1 1 1 1 1 1 1 1 1 1 1 1 1 1 1 1
staticfield java/lang/Math negativeZeroFloatBits J -2147483648
staticfield java/lang/Math negativeZeroDoubleBits J -9223372036854775808
staticfield java/lang/Math $assertionsDisabled Z 1
ciInstanceKlass java/util/Arrays 1 1 988 10 7 12 1 1 1 10 100 12 1 1 1 10 7 12 1 1 1 10 12 1 10 12 1 10 12 1 10 12 1 10 12 1 10 12 1 10 100 12 1 1 1 100 1 100 1 10 8 1 10 12 1 1 10 12 1 8 1 8 1 10 12 1 1 10 12 1 100 1 10 12 1 9 100 12 1 1 1 10 7 12 1 1 100 1 10 12 1 1 10 7 12 1 1 10 7 12 1 1 1 100 1 10 12 1 10 12 1 1 7 1 9 7 12 1 1 1 10 12 1 1 10 100 12 1 1 10 12 1 10 12 1 1 10 12 1 10 12 1 1 100 1 11 12 1 1 10 12 1 10 7 12 1 1 1 10 12 10 12 1 10 12 1 10 12 10 12 1 11 100 12 1 1 1 10 7 12 1 1 1 100 1 10 12 1 10 100 1 10 12 1 10 100 1 10 12 1 10 100 1 10 12 1 10 10 12 1 1 10 12 1 10 12 1 10 12 1 10 12 1 10 12 1 10 100 12 1 1 1 10 12 1 10 100 12 1 1 1 10 12 1 10 12 1 10 7 12 1 1 1 10 12 1 10 12 1 10 12 1 10 12 1 10 12 1 10 12 1 10 12 1 10 12 1 10 12 1 10 12 1 10 12 1 10 12 1 10 12 1 10 12 1 10 12 1 10 12 1 1 10 12 1 1 10 7 12 1 1 1 10 12 1 8 1 7 1 10 12 10 12 1 10 12 1 1 10 12 1 1 9 100 12 1 1 1 100 1 10 12 1 9 100 1 100 1 10 12 1 9 100 1 100 1 10 12 1 9 100 1 100 1 10 12 1 9 100 1 100 1 10 12 1 9 100 1 100 1 10 12 1 9 100 1 10 12 1 100 1 10 12 1 10 12 1 9 12 1 100 1 10 10 12 1 1 10 12 1 10 12 1 10 12 1 10 12 1 10 12 1 10 12 1 10 12 1 10 12 1 10 12 1 8 1 8 1 10 12 1 10 12 1 8 1 10 12 1 10 12 1 10 12 1 10 100 12 1 1 1 3 10 100 1 10 10 12 1 1 11 100 12 1 1 10 12 1 1 10 12 1 10 12 1 10 12 1 10 12 1 10 12 1 10 12 1 10 12 1 10 12 1 11 12 1 8 1 10 11 12 1 11 100 12 1 1 1 11 100 12 1 1 1 11 12 1 1 18 12 1 1 11 12 1 1 11 100 12 1 1 1 18 12 1 11 100 12 1 1 1 18 12 1 11 100 12 1 1 1 18 12 1 100 1 10 7 12 1 1 1 10 12 1 10 12 1 10 12 1 10 12 1 10 12 1 10 12 1 10 12 1 10 12 1 1 10 12 1 10 7 12 1 1 10 12 1 10 12 1 10 12 1 1 10 12 1 10 12 1 10 12 1 1 10 12 1 10 12 1 10 12 1 1 10 12 1 10 12 1 10 12 1 10 12 1 10 12 10 12 1 10 12 10 12 10 12 1 10 12 10 12 1 10 12 1 10 12 1 1 1 1 3 1 3 1 1 1 1 1 1 1 1 1 1 1 1 1 1 1 1 1 1 1 1 1 1 1 1 1 1 1 1 1 1 1 1 1 1 1 1 1 1 1 1 1 1 1 1 1 1 1 1 1 1 1 1 1 1 1 1 1 1 1 1 1 1 1 1 1 1 1 1 1 1 1 1 1 1 1 1 1 1 1 1 1 1 1 1 1 1 1 1 1 1 1 1 1 1 1 1 1 1 1 1 1 1 1 1 1 1 1 1 1 1 1 1 1 1 1 1 1 1 1 1 1 1 1 1 1 1 1 1 1 1 1 1 1 1 1 1 1 1 1 1 1 1 1 1 1 1 1 1 1 1 1 1 1 1 1 1 1 1 1 1 1 1 1 1 1 1 1 1 1 1 1 1 1 1 1 1 1 1 1 1 1 1 1 1 1 1 1 1 1 1 1 1 1 1 1 1 1 1 1 1 1 1 1 1 1 1 1 1 1 1 1 1 1 1 1 1 1 1 1 1 1 1 1 1 1 1 1 1 1 1 1 1 1 1 1 1 1 1 1 1 1 1 1 1 1 1 1 1 1 1 1 1 1 1 1 1 1 1 1 1 1 100 1 1 15 10 100 12 1 1 1 16 15 10 12 15 10 12 15 10 12 15 10 12 1 1 100 1 100 1 1 1 1 100 1 1 1 1 1 1 100 1 1 100 1 1 100 1 1 1 100 1 100 1 1
staticfield java/util/Arrays $assertionsDisabled Z 1
ciInstanceKlass java/lang/Boolean 1 1 151 10 7 12 1 1 1 9 7 12 1 1 1 10 12 1 1 10 12 1 8 1 10 7 12 1 1 9 12 1 1 9 12 1 8 1 10 12 1 1 10 12 1 1 10 7 12 1 1 1 100 1 100 1 10 12 1 1 9 100 12 1 1 9 12 10 100 12 1 1 1 10 12 1 1 8 1 10 7 12 1 1 1 9 12 1 1 100 1 100 1 100 1 1 1 1 1 1 5 0 1 1 1 1 1 1 1 1 1 1 3 1 1 1 1 1 1 1 1 1 1 1 1 1 1 1 1 1 1 1 1 100 1 1 1 1 1 1 1 1 1 1 100 1 1 1 1 1 1 1 1
staticfield java/lang/Boolean TRUE Ljava/lang/Boolean; java/lang/Boolean
staticfield java/lang/Boolean FALSE Ljava/lang/Boolean; java/lang/Boolean
staticfield java/lang/Boolean TYPE Ljava/lang/Class; java/lang/Class
instanceKlass java/util/concurrent/locks/AbstractQueuedSynchronizer
ciInstanceKlass java/util/concurrent/locks/AbstractOwnableSynchronizer 1 1 32 10 7 12 1 1 1 9 7 12 1 1 1 100 1 1 1 1 5 0 1 1 1 1 1 1 1 1 1 1 1 1
instanceKlass java/math/BigInteger
instanceKlass java/util/concurrent/atomic/AtomicLong
instanceKlass java/util/concurrent/atomic/AtomicInteger
instanceKlass java/lang/Long
instanceKlass java/lang/Integer
instanceKlass java/lang/Short
instanceKlass java/lang/Byte
instanceKlass java/lang/Double
instanceKlass java/lang/Float
ciInstanceKlass java/lang/Number 1 1 37 10 7 12 1 1 1 10 100 12 1 1 1 100 1 1 1 1 5 0 1 1 1 1 1 1 1 1 1 1 1 1 1 1 1 1 1
instanceKlass java/lang/LiveStackFrameInfo
ciInstanceKlass java/lang/StackFrameInfo 0 0 132 10 100 12 1 1 1 9 100 12 1 1 1 9 100 1 9 12 1 1 11 100 12 1 1 1 9 12 1 1 11 12 1 1 10 12 1 1 10 100 12 1 1 1 10 12 1 11 12 1 11 12 1 1 11 12 1 10 12 1 1 9 12 1 1 10 12 1 1 10 100 12 1 1 10 12 1 1 11 12 1 1 10 12 1 9 12 1 1 10 12 1 1 100 1 8 1 10 12 1 10 100 12 1 1 1 100 1 1 1 1 1 1 1 1 1 1 1 1 1 1 1 1 1 1 100 1 1 1 1 1 1
ciInstanceKlass java/lang/LiveStackFrameInfo 0 0 97 10 100 12 1 1 1 9 100 12 1 1 1 9 12 1 9 12 1 9 12 1 9 12 1 1 100 1 10 12 1 1 10 12 1 8 1 10 12 1 1 8 1 8 1 8 1 10 100 1 10 12 1 100 1 10 12 1 100 1 100 1 1 1 3 1 3 1 1 1 1 1 1 1 1 1 1 1 1 1 1 1 1 1 1 1 1 1 1 1 1 1 1 1 100 1 1
ciInstanceKlass java/lang/Character 1 1 576 7 1 100 1 100 1 9 12 1 1 8 1 9 12 1 1 100 1 9 12 1 1 10 100 12 1 1 1 10 100 12 1 1 1 10 100 12 1 1 1 10 100 12 1 1 1 9 7 12 1 1 1 10 12 1 10 12 1 1 10 12 1 1 10 100 12 1 1 10 12 1 1 3 3 3 3 3 10 12 1 1 10 12 1 3 11 7 12 1 1 1 11 12 1 1 10 12 1 1 10 12 1 1 100 1 10 10 12 1 3 10 12 1 1 10 12 1 10 12 1 1 100 1 8 1 10 12 1 1 10 12 1 10 12 1 10 12 1 10 12 1 10 12 1 1 10 12 1 10 7 12 1 1 10 10 12 1 10 10 12 1 10 12 1 1 10 12 1 10 10 12 1 10 12 1 10 12 1 10 12 1 10 12 1 10 12 1 10 12 1 10 12 10 10 12 10 10 12 1 10 10 12 1 10 10 12 1 10 10 12 1 10 10 12 1 10 10 12 1 10 10 12 1 1 10 10 12 1 10 5 0 10 12 1 10 12 1 10 10 12 1 10 10 12 1 1 10 10 12 1 10 10 12 1 9 12 1 1 100 1 10 10 12 1 10 12 1 1 3 10 100 12 1 1 1 10 12 1 10 100 12 1 1 100 1 10 10 12 1 1 10 12 1 1 10 12 1 1 8 1 10 12 1 9 100 12 1 1 1 10 12 1 10 10 12 1 10 12 1 1 10 12 1 10 10 12 1 1 10 10 12 1 1 100 1 8 1 10 12 1 1 10 7 12 1 1 1 8 1 10 12 1 1 9 12 1 1 100 1 100 1 100 1 1 1 1 3 1 3 1 3 1 3 1 1 1 1 1 3 1 1 3 1 3 1 3 1 3 1 3 1 3 1 3 1 3 1 3 1 3 1 3 1 3 1 3 1 3 1 3 1 3 1 3 1 3 1 3 1 3 1 3 1 3 1 3 1 3 1 3 1 3 1 3 1 3 1 1 1 1 1 1 1 1 1 1 1 1 1 1 1 1 1 1 1 3 1 1 1 1 1 1 1 3 1 1 3 1 1 1 1 1 3 1 1 5 0 1 1 1 1 1 1 1 1 1 1 1 1 1 1 1 1 1 1 1 1 1 1 1 1 1 1 1 1 1 1 1 1 1 1 1 1 1 1 1 1 1 1 1 1 1 1 1 1 1 1 1 1 1 1 1 1 1 1 1 1 1 1 1 1 1 1 1 1 1 1 1 1 1 1 1 1 1 1 1 1 1 1 1 1 1 1 1 1 1 100 1 100 1 1 1 1 1 1
staticfield java/lang/Character TYPE Ljava/lang/Class; java/lang/Class
staticfield java/lang/Character $assertionsDisabled Z 1
ciInstanceKlass java/lang/Byte 1 1 215 7 1 100 1 10 100 12 1 1 1 9 12 1 1 8 1 9 12 1 1 100 1 10 12 1 1 10 12 1 1 10 100 12 1 1 1 10 100 12 1 1 1 9 100 12 1 1 1 10 12 1 1 100 1 100 1 10 12 1 1 8 1 10 12 1 1 8 1 10 12 1 10 12 1 10 12 1 10 12 1 1 10 12 1 10 12 1 10 12 1 1 10 8 1 8 1 10 7 1 9 12 1 1 10 12 1 10 12 1 1 10 12 1 1 10 12 1 1 10 12 1 5 0 10 12 1 1 8 1 10 7 12 1 1 1 9 12 1 1 100 1 100 1 1 1 3 1 3 1 1 1 1 3 1 3 1 1 5 0 1 1 1 1 1 1 1 1 1 1 1 1 1 1 1 1 1 1 1 1 1 1 1 1 1 1 1 1 1 1 1 1 1 1 1 1 1 1 1 1 1 1 1 1 1 1 1 1 1 1 1 1 1 1 1
staticfield java/lang/Byte TYPE Ljava/lang/Class; java/lang/Class
ciInstanceKlass java/lang/Short 1 1 224 7 1 100 1 100 1 10 100 12 1 1 1 10 12 1 1 100 1 100 1 10 12 1 1 8 1 10 12 1 1 8 1 10 12 1 10 12 1 10 12 1 10 12 1 1 10 12 1 1 10 12 1 9 12 1 1 8 1 9 12 1 1 100 1 10 12 1 1 10 12 1 10 100 12 1 1 1 10 100 12 1 1 1 9 100 12 1 1 1 10 12 1 10 12 1 1 10 8 1 8 1 10 100 1 9 12 1 1 10 12 1 10 12 1 1 10 12 1 1 10 12 1 1 10 12 1 3 3 5 0 10 12 1 1 8 1 10 7 12 1 1 1 9 12 1 1 100 1 100 1 1 1 3 1 3 1 1 1 1 3 1 3 1 1 5 0 1 1 1 1 1 1 1 1 1 1 1 1 1 1 1 1 1 1 1 1 1 1 1 1 1 1 1 3 1 1 1 1 1 1 1 1 1 1 1 1 1 1 1 1 1 1 1 1 1 1 1 1 1 1 1 1 1
staticfield java/lang/Short TYPE Ljava/lang/Class; java/lang/Class
ciInstanceKlass java/lang/Float 1 1 223 7 1 100 1 10 7 12 1 1 1 10 100 12 1 1 1 4 100 1 10 12 1 1 10 12 1 1 8 1 8 1 10 100 12 1 1 1 10 12 1 1 10 12 1 1 10 4 4 4 10 7 12 1 1 9 12 1 1 10 12 1 1 10 12 1 10 12 1 10 12 1 1 10 12 1 10 12 1 3 10 12 1 1 10 12 1 1 10 12 1 10 100 12 1 1 1 10 12 1 1 10 12 1 1 8 1 10 7 12 1 1 1 9 12 1 1 100 1 100 1 100 1 1 1 1 1 4 1 1 1 4 1 1 3 1 3 1 3 1 3 1 1 1 1 5 0 1 1 1 1 1 1 1 1 1 1 100 1 1 1 1 1 1 1 1 1 1 1 1 1 3 1 1 1 1 1 1 1 1 1 1 1 1 1 1 1 1 1 1 1 1 1 1 1 1 1 1 1 1 1 1 1 1 1 1 1 1 1 1 100 1 1 1 1 1 1 1 100 1 100 1 1
staticfield java/lang/Float TYPE Ljava/lang/Class; java/lang/Class
ciInstanceKlass java/lang/Double 1 1 285 7 1 100 1 10 7 12 1 1 1 10 12 1 1 10 12 1 100 1 10 12 1 1 10 100 12 1 1 1 6 0 8 1 10 12 1 1 8 1 10 12 1 1 8 1 6 0 10 12 1 1 100 1 5 0 5 0 8 1 8 1 10 100 12 1 1 1 10 100 12 1 1 1 8 1 10 12 1 1 8 1 8 1 8 1 10 12 1 1 10 12 1 10 12 1 1 10 12 1 10 12 1 10 12 1 1 10 12 1 10 6 0 6 0 6 0 10 7 12 1 1 9 12 1 1 10 12 1 10 12 1 10 12 1 10 12 1 5 0 10 12 1 1 10 12 1 10 12 1 10 100 12 1 1 1 10 12 1 1 10 12 1 1 8 1 10 7 12 1 1 1 9 12 1 1 100 1 100 1 100 1 1 1 1 1 6 0 1 1 1 6 0 1 1 3 1 3 1 3 1 3 1 1 1 1 5 0 1 1 1 1 1 1 1 1 1 1 1 1 1 1 1 1 100 1 1 1 1 1 1 1 1 1 1 1 1 3 1 1 1 1 1 1 1 1 1 1 1 1 1 1 1 1 1 1 1 1 1 1 1 1 1 1 1 1 1 1 1 1 1 1 100 1 1 1 1 1 1 1 100 1 100 1 1
staticfield java/lang/Double TYPE Ljava/lang/Class; java/lang/Class
ciInstanceKlass java/lang/Integer 1 1 445 7 1 100 1 7 1 7 1 10 12 1 1 9 12 1 1 9 12 1 1 10 100 12 1 1 1 10 12 1 1 10 100 12 1 1 1 10 10 12 1 1 10 100 12 1 1 1 10 12 1 10 12 1 1 10 7 12 1 1 1 10 12 1 1 10 12 1 1 10 12 1 10 12 1 10 12 1 1 10 10 12 1 9 12 1 1 9 12 1 100 1 8 1 10 12 1 100 1 10 12 1 8 1 10 12 1 1 10 12 1 8 1 10 12 1 8 1 10 12 1 1 3 10 12 1 1 3 10 12 1 1 10 12 1 1 10 7 12 1 1 1 11 7 1 100 1 10 11 10 12 1 1 8 1 10 12 1 1 8 1 100 1 10 12 1 1 10 12 1 1 5 0 8 1 10 12 1 10 12 1 10 12 1 10 12 1 1 7 1 9 12 1 1 9 12 1 1 10 12 1 10 7 1 9 12 1 10 12 1 10 12 1 10 12 1 1 10 7 12 1 1 1 100 1 100 1 10 12 1 1 10 12 1 1 8 1 8 1 10 12 1 1 8 1 8 1 8 1 8 1 8 1 8 1 10 12 1 10 12 1 10 12 1 5 0 3 3 3 3 10 12 1 3 10 12 1 10 100 12 1 1 1 10 12 1 1 10 12 1 1 8 1 10 7 12 1 1 1 9 12 1 1 3 3 3 3 3 3 9 12 1 1 100 1 100 1 100 1 1 1 1 1 1 1 3 1 3 1 1 5 0 1 1 1 1 1 1 1 1 1 100 1 1 1 1 1 1 1 1 1 1 1 1 1 1 1 1 1 1 1 1 1 1 1 1 1 1 1 1 1 1 1 1 1 1 1 1 1 1 1 3 1 1 1 1 1 1 1 1 1 1 1 1 1 1 1 1 100 1 1 1 1 1 1 1 1 1 1 1 1 1 1 1 1 1 1 1 1 1 1 1 1 1 1 1 1 1 1 1 100 1 1 1 1 1 1 1 1 1 100 1 100 1 1
staticfield java/lang/Integer TYPE Ljava/lang/Class; java/lang/Class
staticfield java/lang/Integer digits [C 36
staticfield java/lang/Integer DigitTens [B 100
staticfield java/lang/Integer DigitOnes [B 100
staticfield java/lang/Integer sizeTable [I 10
ciInstanceKlass java/lang/Long 1 1 506 7 1 100 1 7 1 7 1 10 12 1 1 9 12 1 1 9 7 12 1 1 1 10 100 12 1 1 1 10 12 1 1 10 100 12 1 1 1 10 10 12 10 12 1 10 12 1 10 12 1 5 0 5 0 100 1 10 12 1 1 10 12 1 1 10 12 1 10 12 1 10 12 1 10 12 1 1 10 100 12 1 1 10 12 1 10 12 1 1 10 12 1 1 10 12 1 1 10 12 1 1 10 7 12 1 1 1 10 12 1 1 10 12 1 10 12 1 10 12 1 10 12 1 1 10 10 12 1 5 0 5 0 9 12 1 1 9 12 1 5 0 100 1 8 1 10 12 1 8 1 10 12 1 8 1 8 1 10 12 1 1 5 0 10 12 1 1 5 0 10 12 1 1 10 12 1 1 10 100 12 1 1 1 11 100 1 100 1 10 11 10 12 1 1 8 1 10 12 1 1 8 1 100 1 10 12 1 1 10 12 1 8 1 8 1 11 12 1 1 10 12 1 10 12 1 10 12 1 5 0 5 0 9 7 12 1 1 1 10 12 1 10 12 1 1 8 1 8 1 10 12 1 1 8 1 8 1 8 1 8 1 8 1 8 1 10 12 1 10 12 1 10 12 1 1 10 7 1 9 12 1 1 10 12 1 10 12 1 1 10 7 12 1 1 1 100 1 100 1 10 12 1 1 10 12 1 1 5 0 10 12 1 10 12 1 5 0 5 0 5 0 10 12 1 1 5 0 5 0 10 12 1 10 12 1 10 100 12 1 1 1 10 12 1 1 10 12 1 1 8 1 10 7 12 1 1 1 9 12 1 1 100 1 100 1 100 1 1 1 1 5 0 1 1 1 1 3 1 3 1 5 0 1 1 1 1 1 1 1 1 1 100 1 1 1 1 1 1 1 1 1 1 1 1 1 1 1 1 1 1 1 1 1 1 1 1 1 1 1 1 1 1 1 1 1 1 1 1 1 1 1 1 1 1 1 1 1 1 1 1 1 1 1 1 1 1 3 1 1 1 1 1 1 1 1 1 1 1 1 1 1 1 100 1 1 1 1 1 1 1 1 1 1 1 1 1 1 1 1 1 1 1 1 1 1 1 1 1 1 1 100 1 1 1 1 1 1 1 1 1 100 1 100 1 1
staticfield java/lang/Long TYPE Ljava/lang/Class; java/lang/Class
instanceKlass java/lang/ref/PhantomReference
instanceKlass java/lang/ref/FinalReference
instanceKlass java/lang/ref/WeakReference
instanceKlass java/lang/ref/SoftReference
ciInstanceKlass java/lang/ref/Reference 1 1 195 9 7 12 1 1 1 9 7 12 1 1 10 12 1 1 10 12 1 1 9 12 1 1 10 12 1 1 9 12 1 1 9 12 1 1 7 1 10 12 1 10 7 12 1 1 10 12 1 10 12 1 1 10 12 1 9 12 1 10 12 1 1 10 12 1 10 12 1 9 12 1 100 1 100 1 10 12 1 9 12 1 9 12 1 100 1 10 10 12 1 10 10 7 12 1 1 10 7 12 1 1 1 10 12 1 1 10 7 12 1 1 7 1 8 1 10 12 1 10 12 1 1 10 12 1 1 10 12 1 7 1 10 10 7 12 1 1 1 1 1 1 1 1 1 1 1 1 1 1 1 1 1 1 1 100 1 1 1 100 1 1 1 1 1 1 1 1 1 1 1 1 1 1 1 1 1 1 1 1 1 1 1 1 1 1 1 1 1 1 1 1 1 1 1
staticfield java/lang/ref/Reference processPendingLock Ljava/lang/Object; java/lang/Object
staticfield java/lang/ref/Reference $assertionsDisabled Z 1
instanceKlass jdk/internal/ref/PhantomCleanable
instanceKlass jdk/internal/ref/Cleaner
ciInstanceKlass java/lang/ref/PhantomReference 1 1 39 10 100 12 1 1 1 10 7 12 1 1 1 1 1 1 1 1 1 1 1 1 1 1 1 1 1 1 1 1 1 1 1 1 1 1 1 1 1
instanceKlass java/lang/ref/Finalizer
ciInstanceKlass java/lang/ref/FinalReference 1 1 47 10 100 12 1 1 1 10 100 12 1 1 1 10 12 1 1 100 1 8 1 10 12 1 1 1 1 1 1 1 1 1 1 1 1 1 1 1 1 1 1 1 1 1 1 1 1
ciInstanceKlass java/lang/ref/Finalizer 1 1 152 9 7 12 1 1 1 10 100 12 1 1 1 9 12 1 1 9 12 1 1 9 12 1 9 12 1 10 12 1 10 12 1 1 9 12 1 1 100 1 10 12 1 100 1 11 100 12 1 1 100 1 10 12 1 100 1 10 12 1 10 100 12 1 1 1 10 100 12 1 1 1 100 1 10 10 12 1 10 7 12 1 1 1 7 1 10 7 1 10 10 7 12 1 1 1 10 12 1 1 10 7 12 1 1 7 1 10 12 1 10 12 1 1 10 12 1 1 10 12 1 1 1 1 1 1 1 1 1 1 1 1 1 1 1 1 1 1 1 1 1 1 1 1 1 1 1 1 1 1 1 1
staticfield java/lang/ref/Finalizer lock Ljava/lang/Object; java/lang/Object
staticfield java/lang/ref/Finalizer $assertionsDisabled Z 1
instanceKlass org/jetbrains/kotlin/com/intellij/util/containers/ConcurrentWeakKeySoftValueHashMap$WeakKey
instanceKlass org/jetbrains/kotlin/com/intellij/util/containers/UnsafeWeakList$MyReference
instanceKlass org/jetbrains/kotlin/com/intellij/util/containers/IntKeyWeakValueHashMap$MyReference
instanceKlass java/lang/WeakPairMap$WeakRefPeer
instanceKlass java/lang/ClassValue$Entry
instanceKlass java/util/logging/Level$KnownLevel
instanceKlass java/lang/invoke/MethodType$ConcurrentWeakInternSet$WeakEntry
instanceKlass java/lang/ThreadLocal$ThreadLocalMap$Entry
instanceKlass java/util/WeakHashMap$Entry
ciInstanceKlass java/lang/ref/WeakReference 1 1 31 10 7 12 1 1 1 10 12 1 100 1 1 1 1 1 1 1 1 1 1 1 1 1 1 1 1 1 1 1 1
instanceKlass org/jetbrains/kotlin/com/intellij/util/containers/ConcurrentWeakKeySoftValueHashMap$SoftValue
instanceKlass org/jetbrains/kotlin/com/intellij/util/containers/SoftKeySoftValueHashMap$ValueReference
instanceKlass org/jetbrains/kotlin/com/intellij/reference/SoftReference
instanceKlass java/lang/invoke/LambdaFormEditor$Transform
ciInstanceKlass java/lang/ref/SoftReference 1 1 47 10 7 12 1 1 1 9 7 12 1 1 1 9 12 1 10 12 1 10 12 1 1 1 1 1 1 1 1 1 1 1 1 1 1 1 1 1 1 1 1 100 1 1 1 1 1
ciInstanceKlass java/lang/IllegalMonitorStateException 1 1 26 10 100 12 1 1 1 10 12 1 100 1 1 1 1 5 0 1 1 1 1 1 1 1 1 1
instanceKlass org/jetbrains/kotlin/com/intellij/psi/text/BlockSupport$ReparsedSuccessfullyException
instanceKlass org/jetbrains/kotlin/lexer/KotlinLexerException
instanceKlass org/jetbrains/kotlin/protobuf/UninitializedMessageException
instanceKlass org/jetbrains/kotlin/kapt3/diagnostic/KaptError
instanceKlass org/jetbrains/kotlin/kapt/base/util/KaptBaseError
instanceKlass org/jetbrains/kotlin/com/intellij/openapi/util/RecursionManager$CachingPreventedException
instanceKlass org/jetbrains/kotlin/com/intellij/core/CoreJavaCodeStyleManager$1CancelException
instanceKlass org/jetbrains/kotlin/com/intellij/openapi/util/StackOverflowPreventedException
instanceKlass org/jetbrains/kotlin/com/intellij/openapi/vfs/InvalidVirtualFileAccessException
instanceKlass org/jetbrains/kotlin/com/intellij/psi/PsiInvalidElementAccessException
instanceKlass org/jetbrains/kotlin/com/fasterxml/aalto/UncheckedStreamException
instanceKlass java/util/concurrent/RejectedExecutionException
instanceKlass java/io/UncheckedIOException
instanceKlass org/jetbrains/kotlin/com/intellij/openapi/extensions/SortingException
instanceKlass org/jetbrains/kotlin/com/intellij/diagnostic/ImplementationConflictException
instanceKlass java/util/EmptyStackException
instanceKlass org/jetbrains/kotlin/com/intellij/openapi/diagnostic/RuntimeExceptionWithAttachments
instanceKlass org/jetbrains/kotlin/com/intellij/diagnostic/PluginException
instanceKlass org/jetbrains/kotlin/com/intellij/openapi/project/IndexNotReadyException
instanceKlass org/jetbrains/kotlin/com/intellij/openapi/editor/ReadOnlyFragmentModificationException
instanceKlass org/jetbrains/kotlin/com/intellij/openapi/editor/ReadOnlyModificationException
instanceKlass org/jetbrains/kotlin/com/intellij/util/lang/CompoundRuntimeException
instanceKlass org/jetbrains/kotlin/com/intellij/util/pico/PicoException
instanceKlass org/jetbrains/kotlin/com/intellij/openapi/extensions/ExtensionNotApplicableException
instanceKlass java/util/MissingResourceException
instanceKlass java/nio/file/FileSystemNotFoundException
instanceKlass org/jetbrains/kotlin/util/ServiceLoaderLite$ServiceLoadingException
instanceKlass org/jetbrains/kotlin/compiler/plugin/PluginProcessingException
instanceKlass org/jetbrains/kotlin/compiler/plugin/CliOptionProcessingException
instanceKlass org/jetbrains/kotlin/utils/WrappedValues$WrappedProcessCanceledException
instanceKlass kotlin/KotlinNothingValueException
instanceKlass org/jetbrains/kotlin/com/intellij/util/IncorrectOperationException
instanceKlass org/jetbrains/kotlin/cli/pipeline/SuccessfulPipelineExecutionException
instanceKlass org/jetbrains/kotlin/cli/pipeline/PipelineStepException
instanceKlass kotlin/reflect/jvm/internal/impl/protobuf/UninitializedMessageException
instanceKlass kotlin/reflect/jvm/internal/impl/utils/WrappedValues$WrappedProcessCanceledException
instanceKlass java/util/ConcurrentModificationException
instanceKlass java/lang/reflect/UndeclaredThrowableException
instanceKlass java/util/NoSuchElementException
instanceKlass java/lang/SecurityException
instanceKlass java/lang/IndexOutOfBoundsException
instanceKlass kotlin/NoWhenBranchMatchedException
instanceKlass java/lang/UnsupportedOperationException
instanceKlass java/lang/IllegalStateException
instanceKlass kotlin/UninitializedPropertyAccessException
instanceKlass org/jetbrains/kotlin/cli/jvm/compiler/CompileEnvironmentException
instanceKlass org/jetbrains/kotlin/utils/KotlinExceptionWithAttachments
instanceKlass org/jetbrains/kotlin/analyzer/CompilationErrorException
instanceKlass org/jetbrains/kotlin/com/intellij/openapi/progress/ProcessCanceledException
instanceKlass java/lang/IllegalArgumentException
instanceKlass java/lang/ArithmeticException
instanceKlass java/lang/NullPointerException
instanceKlass java/lang/IllegalMonitorStateException
instanceKlass java/lang/ArrayStoreException
instanceKlass java/lang/ClassCastException
ciInstanceKlass java/lang/RuntimeException 1 1 40 10 100 12 1 1 1 10 12 1 10 12 1 10 12 1 10 12 1 100 1 1 1 1 5 0 1 1 1 1 1 1 1 1 1 1 1 1 1 1
instanceKlass java/nio/charset/UnsupportedCharsetException
instanceKlass java/nio/charset/IllegalCharsetNameException
instanceKlass org/jetbrains/kotlin/container/UnresolvedServiceException
instanceKlass java/nio/file/InvalidPathException
instanceKlass org/jetbrains/kotlin/utils/exceptions/KotlinIllegalArgumentExceptionWithAttachments
instanceKlass java/lang/NumberFormatException
ciInstanceKlass java/lang/IllegalArgumentException 1 1 35 10 100 12 1 1 1 10 12 1 10 12 1 10 12 1 100 1 1 1 1 5 0 1 1 1 1 1 1 1 1 1 1 1 1
ciInstanceKlass java/lang/ArithmeticException 1 1 26 10 100 12 1 1 1 10 12 1 100 1 1 1 1 5 0 1 1 1 1 1 1 1 1 1
ciInstanceKlass java/lang/ArrayStoreException 1 1 26 10 100 12 1 1 1 10 12 1 100 1 1 1 1 5 0 1 1 1 1 1 1 1 1 1
ciInstanceKlass java/lang/ClassCastException 1 1 26 10 100 12 1 1 1 10 12 1 100 1 1 1 1 5 0 1 1 1 1 1 1 1 1 1
ciInstanceKlass java/lang/NoClassDefFoundError 0 0 26 10 100 12 1 1 1 10 12 1 100 1 1 1 1 5 0 1 1 1 1 1 1 1 1 1
ciInstanceKlass java/lang/StackOverflowError 1 1 26 10 100 12 1 1 1 10 12 1 100 1 1 1 1 5 0 1 1 1 1 1 1 1 1 1
instanceKlass java/lang/StackOverflowError
instanceKlass java/lang/OutOfMemoryError
instanceKlass java/lang/InternalError
ciInstanceKlass java/lang/VirtualMachineError 1 1 34 10 100 12 1 1 1 10 12 1 10 12 1 10 12 1 100 1 1 1 1 5 0 1 1 1 1 1 1 1 1 1 1 1
ciInstanceKlass java/lang/OutOfMemoryError 1 1 26 10 100 12 1 1 1 10 12 1 100 1 1 1 1 5 0 1 1 1 1 1 1 1 1 1
ciInstanceKlass java/lang/InternalError 0 0 34 10 100 12 1 1 1 10 12 1 10 12 1 10 12 1 100 1 1 1 1 5 0 1 1 1 1 1 1 1 1 1 1 1
instanceKlass org/jetbrains/kotlin/protobuf/SmallSortedMap
instanceKlass org/jetbrains/kotlin/com/intellij/util/containers/ConcurrentRefHashMap
instanceKlass org/jetbrains/kotlin/com/intellij/util/containers/RefHashMap
instanceKlass java/util/Collections$SingletonMap
instanceKlass kotlin/reflect/jvm/internal/impl/protobuf/SmallSortedMap
instanceKlass java/util/EnumMap
instanceKlass sun/util/PreHashedMap
instanceKlass java/lang/ProcessEnvironment$StringEnvironment
instanceKlass java/util/TreeMap
instanceKlass java/util/IdentityHashMap
instanceKlass java/util/WeakHashMap
instanceKlass java/util/Collections$EmptyMap
instanceKlass java/util/HashMap
instanceKlass java/util/ImmutableCollections$AbstractImmutableMap
instanceKlass java/util/concurrent/ConcurrentHashMap
ciInstanceKlass java/util/AbstractMap 1 1 192 10 7 12 1 1 1 10 7 12 1 1 1 11 100 12 1 1 1 10 11 12 1 1 11 100 12 1 1 1 11 12 1 1 100 1 11 12 1 10 12 1 1 11 12 1 100 1 10 11 12 1 11 100 1 10 12 1 1 11 12 1 9 12 1 1 7 1 10 12 1 9 12 1 1 100 1 10 11 11 12 1 1 11 12 1 100 1 100 1 11 12 1 8 1 100 1 10 10 12 1 1 8 1 10 12 1 10 12 1 1 10 12 1 1 1 1 1 1 1 1 1 1 1 1 1 1 1 1 1 1 1 1 1 1 1 1 1 1 1 1 1 1 1 1 1 1 1 1 1 1 1 1 100 1 1 1 1 1 1 1 1 1 1 1 1 1 1 1 1 100 1 1 1 1 1 1 1 1 1 100 1 100 1 100 1 100 1 1 1 1 1
instanceKlass java/lang/reflect/Executable
instanceKlass java/lang/reflect/Field
ciInstanceKlass java/lang/reflect/AccessibleObject 1 1 398 10 7 12 1 1 1 9 100 12 1 1 1 10 100 12 1 1 1 10 7 12 1 1 10 7 12 1 1 1 10 100 12 1 1 1 10 12 1 1 10 12 1 1 9 12 1 1 100 1 10 7 12 1 1 1 11 12 1 100 1 10 12 1 7 1 100 1 10 12 1 10 12 1 1 7 1 10 7 12 1 1 1 10 12 1 1 7 1 10 12 1 1 7 1 10 10 10 7 12 1 1 1 10 12 1 1 10 12 1 10 12 1 10 12 1 1 10 12 1 8 1 100 1 10 10 12 1 1 8 1 10 12 1 10 12 1 8 1 8 1 8 1 8 1 8 1 8 1 100 1 10 12 1 10 12 1 9 12 1 1 10 12 1 1 10 12 1 10 11 100 1 100 1 8 1 10 10 12 1 10 12 1 1 8 1 10 12 1 8 1 10 12 1 1 10 100 1 8 1 10 11 7 12 1 1 10 12 1 1 10 12 1 1 10 12 1 1 9 12 1 1 100 1 10 12 1 7 1 10 12 1 10 12 1 1 10 100 1 10 12 1 10 12 10 12 1 10 12 1 1 10 12 1 10 12 1 1 10 12 1 9 12 1 10 7 12 1 1 8 1 10 7 12 1 1 1 8 1 10 100 12 1 1 1 9 12 1 100 1 10 7 1 10 10 7 12 1 1 1 7 1 10 10 7 12 1 1 1 7 1 9 12 1 1 1 1 1 1 1 1 1 1 1 1 1 1 1 1 1 1 1 1 1 1 1 1 1 1 1 1 1 1 1 1 1 1 1 1 1 1 1 1 1 1 1 1 1 1 1 1 1 1 1 1 1 1 1 1 1 1 1 1 1 1 1 1 1 1 1 1 1 1 1 1 1 1 1 1 1 1 1 1 1 1 1 1 1
staticfield java/lang/reflect/AccessibleObject reflectionFactory Ljdk/internal/reflect/ReflectionFactory; jdk/internal/reflect/ReflectionFactory
instanceKlass java/lang/reflect/Constructor
instanceKlass java/lang/reflect/Method
ciInstanceKlass java/lang/reflect/Executable 1 1 548 10 7 12 1 1 1 10 7 12 1 1 1 10 7 12 1 1 1 11 7 12 1 1 1 10 7 12 1 1 1 10 12 1 1 10 7 12 1 1 1 10 100 12 1 1 1 10 12 1 8 1 10 10 12 1 1 10 12 1 1 10 100 12 1 1 1 18 12 1 1 11 100 12 1 1 1 8 1 8 1 8 1 10 100 12 1 1 1 11 12 1 1 100 1 8 1 8 1 10 12 1 100 1 8 1 10 12 1 8 1 11 100 12 1 1 1 100 1 10 12 1 1 11 12 1 8 1 18 8 1 10 12 1 10 12 1 1 18 8 1 10 12 1 100 1 10 12 1 10 12 1 11 100 12 1 1 10 12 1 1 8 1 8 1 10 12 1 1 10 12 1 1 10 10 12 1 100 1 10 10 12 1 10 12 1 1 10 100 12 1 1 10 12 1 10 12 1 10 12 1 1 10 100 12 1 1 10 12 1 10 12 1 10 100 12 1 1 1 10 12 1 8 1 10 12 1 10 12 1 3 100 1 8 1 10 12 1 10 12 1 10 10 12 1 10 12 1 1 8 1 8 1 8 1 9 12 1 10 12 1 100 1 8 1 9 12 1 10 12 1 10 12 1 1 10 12 1 1 10 12 1 10 12 10 12 1 100 1 10 12 1 10 12 1 1 100 1 10 100 12 1 1 1 7 1 10 7 12 1 1 1 10 12 1 1 11 7 12 1 1 10 7 12 1 1 10 100 12 1 1 1 10 12 1 1 9 12 1 10 12 1 1 10 12 1 10 12 1 1 9 100 12 1 1 1 10 100 12 1 1 1 10 12 1 10 12 1 1 9 12 1 10 10 10 10 100 12 1 1 1 10 12 1 9 12 1 10 12 1 1 9 12 1 100 1 100 1 1 1 1 1 1 1 1 1 1 1 1 1 1 1 1 1 1 1 1 1 1 1 1 1 1 1 1 1 1 1 1 1 1 100 1 1 1 1 1 1 1 1 100 1 1 1 1 1 1 1 1 1 1 1 1 100 1 1 1 1 1 1 1 1 1 1 1 1 1 1 1 1 1 1 1 1 1 1 1 1 1 1 1 1 1 1 1 1 1 1 1 1 1 1 1 1 1 100 1 1 1 1 1 1 1 1 1 1 1 1 1 1 1 1 1 1 1 1 1 100 1 100 1 1 15 10 100 12 1 1 1 16 15 16 1 16 1 15 10 12 16 1 100 1 1 100 1 100 1 1
ciInstanceKlass java/lang/reflect/Constructor 1 1 433 10 100 12 1 1 1 10 100 12 1 1 9 7 12 1 1 1 10 12 1 1 10 12 1 1 10 100 12 1 1 9 12 1 1 10 7 12 1 1 1 9 12 1 1 9 12 1 1 9 12 1 9 12 1 1 9 12 1 9 12 1 1 9 12 1 1 9 12 1 100 1 8 1 10 12 1 10 12 1 9 12 1 1 10 7 12 1 1 10 7 12 1 1 1 10 12 1 1 10 12 1 1 10 12 1 7 1 100 1 8 1 10 10 12 1 10 12 1 10 12 1 1 10 12 1 1 9 100 12 1 1 1 10 7 12 1 1 10 12 1 1 10 12 1 10 12 1 1 10 100 12 1 1 1 10 100 12 1 1 10 12 1 1 10 12 1 10 100 12 1 1 1 8 1 10 10 12 1 100 1 8 1 10 12 1 10 12 1 1 10 12 1 1 10 12 1 10 12 1 10 12 1 1 10 12 1 1 9 12 1 1 10 12 1 1 10 12 1 1 10 12 1 8 1 10 12 1 1 11 7 12 1 1 1 10 12 1 1 10 12 1 10 12 1 9 12 1 1 10 7 12 1 1 1 10 12 1 1 10 12 1 1 10 12 1 1 10 12 1 1 10 12 1 9 100 12 1 1 10 12 1 10 12 1 10 12 1 100 1 8 1 10 10 12 1 1 10 12 1 10 10 12 1 1 10 12 1 1 10 100 12 1 1 1 11 100 12 1 1 1 10 12 1 1 9 100 12 1 1 1 10 100 12 1 1 1 10 12 1 1 1 1 1 1 1 1 1 1 1 1 1 1 1 1 1 1 1 1 1 1 1 1 1 1 1 1 1 1 1 1 1 1 1 1 1 1 1 1 1 1 1 1 1 1 1 1 1 1 1 100 1 100 1 100 1 100 1 1 1 1 1 1 1 1 1 1 1 1 1 1 1 1 1 1 1 1 1 1 1 1 1 1 1 1 1 1 1 1 1 100 1 1
ciInstanceKlass java/lang/reflect/Method 1 1 450 9 7 12 1 1 1 10 100 12 1 1 1 10 100 12 1 1 9 12 1 1 10 12 1 1 10 12 1 1 10 100 12 1 1 10 7 12 1 1 1 9 12 1 1 9 12 1 9 12 1 1 9 12 1 9 12 1 9 12 1 1 9 12 1 9 12 1 1 9 12 1 9 12 1 9 12 1 1 100 1 8 1 10 12 1 10 12 1 9 12 1 1 8 1 10 7 12 1 1 10 7 12 1 1 1 10 12 1 1 10 12 1 1 10 12 1 10 12 1 1 10 12 1 1 9 100 12 1 1 1 10 12 1 1 10 12 10 7 12 1 1 10 12 1 1 10 12 1 10 12 1 10 12 1 10 7 12 1 1 1 10 12 1 1 10 7 1 10 100 12 1 1 1 10 7 12 1 1 10 12 1 1 10 12 1 1 10 12 1 10 7 12 1 1 1 10 12 1 10 8 1 10 12 1 10 12 1 7 1 8 1 8 1 8 1 10 12 1 10 12 1 1 10 12 1 1 10 10 12 1 1 10 12 1 11 100 1 9 12 1 1 10 12 1 1 10 12 1 10 12 1 1 10 12 1 1 11 7 12 1 1 1 10 12 1 10 12 1 10 12 1 10 12 1 10 12 1 9 12 1 1 10 7 12 1 1 1 10 12 1 1 10 7 12 1 1 1 10 7 12 1 1 1 10 7 12 1 1 1 11 7 12 1 1 1 10 7 12 1 1 1 7 1 100 1 100 1 10 12 1 10 12 1 1 10 12 1 100 1 8 1 10 12 1 10 10 12 1 1 10 12 1 1 10 12 1 1 10 12 1 1 8 1 10 12 1 1 1 1 1 1 1 1 1 1 1 1 1 1 1 1 1 1 1 1 1 1 1 1 1 1 1 1 1 1 1 1 1 1 1 1 1 1 1 1 1 1 1 1 1 1 1 1 1 1 1 1 1 100 1 100 1 100 1 1 1 1 1 1 1 1 1 1 1 1 1 1 1 1 1 1 1 1 1 1 1 1 1 1
ciInstanceKlass java/lang/reflect/Field 1 1 437 9 7 12 1 1 1 10 12 1 1 10 100 12 1 1 1 10 100 12 1 1 9 12 1 1 10 12 1 1 10 12 1 1 10 100 12 1 1 10 7 12 1 1 1 9 12 1 1 9 12 1 9 12 1 9 12 1 1 9 12 1 1 9 12 1 9 12 1 1 9 12 1 1 100 1 8 1 10 12 1 10 12 1 9 12 1 1 9 12 1 10 12 1 10 7 12 1 1 10 12 1 1 10 12 1 1 10 12 1 10 12 1 1 7 1 10 12 1 1 10 12 1 1 10 12 1 1 10 12 1 10 12 1 10 7 1 10 7 12 1 1 100 1 10 8 1 10 12 1 1 10 12 1 1 8 1 10 12 10 12 1 8 1 8 1 10 11 100 1 9 12 1 10 12 1 1 10 12 1 1 11 7 12 1 1 1 11 12 1 1 11 12 1 1 11 12 1 1 11 12 1 1 11 12 1 1 11 12 1 1 11 12 1 1 11 12 1 1 11 12 1 1 11 12 1 1 11 12 1 1 11 12 1 1 11 12 1 1 11 12 1 1 11 12 1 1 11 12 1 1 11 12 1 1 10 12 1 10 100 12 1 1 10 12 1 10 12 1 1 10 12 9 12 1 1 10 7 12 1 1 1 10 12 1 1 10 7 12 1 1 10 12 1 1 11 7 1 10 12 1 7 1 10 100 12 1 1 1 10 7 12 1 1 1 9 12 1 10 7 12 1 1 1 11 7 12 1 1 1 10 12 1 1 10 12 1 1 9 100 12 1 1 1 10 100 12 1 1 1 10 12 1 1 100 1 1 1 1 1 1 1 1 1 1 1 1 1 1 1 1 1 1 1 1 1 1 1 1 1 1 1 1 1 1 1 1 1 1 1 100 1 1 1 1 1 1 1 1 1 1 1 1 1 1 1 1 1 1 1 1 1 1 1 1 1 1 1 1 1 1 1 1 1 1 100 1 1 1 1 1 1 1 1 100 1 1
ciInstanceKlass java/lang/reflect/Parameter 0 0 226 10 100 12 1 1 1 9 100 12 1 1 1 9 12 1 1 9 12 1 1 9 12 1 10 12 1 1 10 12 1 1 10 100 12 1 1 1 100 1 10 10 12 1 1 11 100 12 1 1 1 10 12 1 10 100 12 1 1 1 10 12 1 1 10 12 1 10 12 1 8 1 8 1 10 100 12 1 1 1 10 12 1 10 12 10 12 1 8 1 10 12 1 9 12 1 1 10 12 1 1 9 12 1 1 10 12 1 1 10 12 1 1 10 12 1 1 10 12 1 10 10 12 1 10 100 12 1 1 1 10 12 1 1 11 100 12 1 1 10 100 12 1 1 100 1 10 100 12 1 1 1 10 12 1 1 10 12 1 1 10 12 1 1 10 12 1 1 9 12 1 100 1 10 11 12 1 1 11 12 1 1 100 1 1 1 1 1 1 1 1 1 1 1 1 1 1 1 1 1 1 1 1 1 1 1 1 1 1 1 1 1 1 1 1 1 1 1 1 1 1 100 1 1 1 1
ciInstanceKlass java/lang/StringBuffer 0 0 470 10 100 12 1 1 1 10 12 1 10 12 1 10 12 1 1 9 100 12 1 1 1 10 12 1 1 10 12 1 10 12 1 1 9 12 1 1 10 12 1 10 12 1 1 10 12 1 1 10 12 1 10 12 1 1 10 12 1 10 12 1 1 10 12 1 1 10 100 12 1 1 1 10 12 1 1 10 12 1 10 12 1 10 12 1 10 12 1 10 12 1 10 12 1 10 12 1 10 12 1 10 12 1 10 12 1 10 12 1 10 12 1 10 12 1 10 12 1 1 10 12 1 10 12 1 1 10 12 1 1 10 10 12 1 1 10 12 1 10 12 1 10 12 1 10 12 1 10 12 1 10 12 1 10 12 10 12 1 10 12 1 10 12 1 10 12 1 1 10 12 1 10 12 1 10 10 12 1 1 10 12 1 1 9 12 1 1 10 100 12 1 1 1 10 100 1 10 10 100 12 1 1 1 10 10 12 1 10 8 10 100 12 1 1 1 8 10 12 1 8 1 10 12 1 10 12 1 10 100 12 1 1 1 10 100 12 1 1 1 100 1 10 12 100 1 8 1 10 10 12 1 1 10 12 1 1 10 12 1 1 10 12 1 10 12 1 10 12 1 10 12 1 10 12 1 10 12 1 10 12 1 10 12 1 10 12 1 10 12 1 10 12 1 10 12 1 10 12 1 10 12 1 10 12 1 10 12 1 10 12 10 12 10 12 1 10 12 1 10 12 1 10 12 10 12 1 10 12 1 10 12 1 10 12 1 10 12 1 10 12 1 10 12 1 10 12 1 10 12 1 10 12 1 10 12 1 100 1 10 12 1 9 100 12 1 1 1 9 100 1 9 12 1 1 100 1 100 1 100 1 1 1 1 5 0 1 1 1 1 1 1 1 1 1 1 1 1 1 1 1 1 1 1 1 1 1 1 1 1 1 1 1 1 1 1 1 1 1 1 1 1 1 1 1 1 1 1 1 1 1 1 1 1 1 1 1 1 1 1 1 1 1 1 1 1 100 1 1 1 1 1 100 1 1 1 1 1 1 1 1 1 1 1 1 1 1 1 1 1
instanceKlass java/lang/StringBuilder
instanceKlass java/lang/StringBuffer
ciInstanceKlass java/lang/AbstractStringBuilder 1 1 547 7 1 7 1 10 7 12 1 1 1 9 7 12 1 1 1 9 12 1 9 12 1 1 9 12 1 1 10 7 12 1 1 1 10 12 1 1 3 3 10 12 1 10 12 1 1 11 7 1 100 1 100 1 10 8 1 10 12 1 10 12 1 10 12 1 1 10 12 1 10 12 1 10 12 1 9 12 1 1 10 12 1 1 10 7 12 1 1 1 10 10 12 1 10 12 1 10 12 1 1 10 12 1 1 10 7 12 1 1 1 10 7 12 1 1 1 100 1 8 1 10 10 12 1 1 100 1 10 12 10 12 1 1 10 10 12 1 1 10 12 1 1 10 12 1 1 10 12 1 1 100 1 10 10 12 1 10 100 12 1 1 1 10 12 1 1 10 12 1 10 12 1 1 10 10 12 1 1 10 12 10 12 1 10 12 1 1 10 12 1 1 10 12 1 1 10 12 1 10 10 12 1 1 10 12 1 10 12 1 1 8 1 10 12 1 1 10 12 1 10 12 1 10 12 1 10 12 1 10 12 1 10 12 1 10 7 12 1 1 10 12 1 10 12 1 10 100 12 1 1 1 10 12 1 10 12 1 10 12 1 10 12 1 10 12 1 1 10 12 1 10 12 1 1 10 12 1 1 10 10 7 12 1 1 1 10 12 1 10 12 1 10 12 1 1 10 12 1 10 12 1 10 12 1 10 12 1 10 12 1 10 12 1 10 12 1 10 12 1 10 12 1 1 10 12 1 10 12 1 10 12 10 12 1 1 18 12 1 1 100 1 10 100 12 1 1 1 18 10 12 1 1 10 12 1 10 12 1 1 11 12 1 10 12 1 10 12 1 10 10 12 1 10 8 1 8 1 8 1 10 10 100 1 10 12 1 100 1 10 100 1 10 100 1 1 1 3 1 1 1 1 1 1 1 1 1 1 100 1 1 1 1 1 1 1 1 1 1 1 1 1 1 1 1 1 1 1 1 1 1 1 1 1 1 1 1 1 1 1 1 1 1 1 1 1 1 1 1 1 1 1 1 1 1 1 1 1 1 1 1 1 1 1 1 1 1 1 1 1 1 1 1 1 1 1 1 1 1 1 1 1 1 1 1 1 1 1 1 1 1 1 1 1 1 1 1 1 1 1 1 1 1 1 1 1 100 1 1 100 1 1 1 1 1 100 1 1 1 1 1 1 15 10 100 12 1 1 1 16 1 15 10 12 16 15 10 12 1 1 1 1 100 1 100 1 1
staticfield java/lang/AbstractStringBuilder EMPTYVALUE [B 0
ciInstanceKlass java/lang/SecurityManager 0 0 576 10 100 12 1 1 1 9 100 12 1 1 1 10 100 12 1 1 1 100 1 8 1 10 12 1 10 12 1 1 10 100 12 1 1 1 10 100 1 10 100 1 10 9 100 12 1 1 1 10 100 12 1 1 1 10 12 1 1 10 100 12 1 1 100 1 8 1 10 9 12 1 1 9 12 1 8 1 9 12 1 100 1 10 8 1 10 12 1 1 10 12 1 10 12 1 1 100 1 10 10 12 1 1 100 1 8 1 10 12 1 8 1 8 1 8 1 8 1 8 1 8 1 10 12 1 8 1 8 1 8 1 8 1 8 1 10 100 12 1 1 1 10 12 1 1 8 1 100 1 8 1 10 8 1 8 1 8 1 8 1 8 1 10 100 12 1 1 8 1 100 1 8 1 8 1 10 8 1 10 12 1 100 1 8 1 10 10 12 1 1 10 12 1 10 12 1 10 12 1 10 100 12 1 1 1 10 12 1 10 100 12 1 1 11 100 12 1 1 1 18 12 1 1 11 100 12 1 1 1 18 12 1 1 11 12 1 1 18 18 11 12 1 18 12 1 11 12 1 1 9 12 1 1 9 12 1 9 12 1 9 12 1 100 1 10 100 12 1 1 10 12 1 10 12 1 18 12 1 18 10 100 12 1 1 1 18 12 1 10 12 1 18 18 8 1 10 12 1 9 12 1 1 11 100 12 1 1 1 8 1 100 1 10 12 1 10 12 1 1 10 12 1 1 9 12 1 1 10 12 1 10 12 1 1 8 1 100 1 10 9 12 1 8 1 10 12 1 8 1 100 1 10 10 100 12 1 1 10 100 1 9 100 12 1 1 1 11 12 1 1 10 12 1 11 12 1 10 12 1 100 1 10 10 12 1 1 10 12 1 1 1 1 1 1 1 1 1 1 1 100 1 1 1 1 1 1 1 1 1 1 1 1 1 1 1 1 1 1 1 1 1 1 1 1 1 1 1 1 1 1 1 1 1 1 1 1 1 1 1 1 1 1 1 1 1 1 1 1 1 1 1 1 1 1 1 1 3 1 1 1 1 1 1 1 1 1 1 100 1 1 1 1 1 1 1 1 1 1 1 1 1 1 1 1 1 1 1 1 1 1 1 1 1 1 1 1 1 1 1 1 1 1 1 1 1 1 15 10 100 12 1 1 1 16 15 10 100 12 1 1 1 16 1 16 15 10 12 16 1 15 10 12 16 15 11 100 1 16 1 16 1 15 10 12 16 15 10 12 16 15 10 12 1 16 1 15 11 12 1 15 10 12 16 15 10 16 1 1 1 1 100 1 100 1 1
ciInstanceKlass java/security/AccessControlContext 1 1 373 9 7 12 1 1 1 9 12 1 1 10 100 12 1 1 1 8 1 10 100 12 1 1 1 10 7 12 1 1 1 9 12 1 9 12 1 1 9 12 1 1 10 7 12 1 1 100 1 10 12 1 11 100 12 1 1 1 11 12 1 11 12 1 11 12 1 1 7 1 11 12 1 1 10 12 1 10 7 12 1 1 1 9 100 12 1 1 1 10 100 12 1 1 1 11 100 12 1 1 1 10 7 1 100 1 8 1 10 12 1 10 12 1 1 7 1 10 7 12 1 1 1 9 12 1 9 12 1 9 12 1 9 12 1 1 9 12 1 1 9 12 1 9 12 1 10 7 12 1 1 1 9 12 1 10 12 1 1 10 12 1 1 8 1 10 12 1 1 10 12 1 1 10 100 12 1 1 1 100 1 10 10 12 1 1 10 100 12 1 1 1 10 8 1 10 100 12 1 1 8 1 10 100 12 1 1 8 1 8 1 10 12 1 8 1 10 12 1 8 1 10 12 1 10 12 1 10 12 1 1 8 1 8 1 100 1 10 12 1 10 12 1 1 100 1 10 12 1 8 1 10 12 1 10 12 1 10 8 1 10 12 1 1 10 12 1 1 10 12 1 1 10 12 1 1 10 12 1 10 12 1 10 12 1 10 12 1 1 10 10 10 12 1 1 1 1 1 1 1 1 1 1 1 1 1 1 1 1 1 1 1 1 1 1 1 1 100 1 1 1 1 1 1 1 1 1 1 1 1 1 1 1 1 1 1 1 1 1 1 1 1 1 1 1 1 1 1 1 1 1 1 1 1 1 1 1 1 1 1 1 1 1 1 1 1 1 1 1 1 3 1 1
ciInstanceKlass java/net/URL 1 1 743 10 7 12 1 1 1 10 12 1 10 7 12 1 1 9 12 1 1 9 12 1 10 7 12 1 1 1 10 12 1 1 10 12 1 1 9 12 1 1 10 7 12 1 1 1 8 1 10 12 1 1 100 1 10 10 12 1 1 8 1 10 12 1 1 9 12 1 100 1 8 1 10 12 1 10 12 1 8 1 9 12 1 10 12 1 1 9 12 1 10 12 1 10 12 1 9 12 1 9 12 1 8 1 9 12 1 10 12 1 1 8 1 9 12 1 1 10 12 1 1 10 7 12 1 1 1 8 1 10 12 1 7 1 10 12 1 10 12 1 10 12 1 10 12 1 1 10 12 1 1 8 1 10 12 1 1 10 12 1 8 1 9 12 1 8 1 10 12 1 10 7 12 1 1 1 100 1 10 12 1 10 12 1 1 10 7 12 1 1 1 100 1 8 1 10 10 12 1 8 1 10 12 1 1 10 12 1 10 12 1 10 12 1 10 12 1 10 12 1 8 1 10 12 1 10 10 7 12 1 1 1 10 12 1 9 100 12 1 1 1 10 100 12 1 1 1 9 12 1 1 10 12 1 10 100 12 1 1 1 100 1 100 1 10 12 1 10 12 1 10 12 1 10 12 1 10 12 1 10 12 10 10 10 12 1 100 1 10 12 1 10 12 1 1 8 1 9 100 12 1 1 1 10 100 12 1 1 1 10 12 1 1 9 100 12 1 1 1 10 12 1 1 100 1 10 12 1 10 12 1 10 10 12 1 1 10 12 1 1 10 12 1 10 12 1 10 12 1 10 7 12 1 1 1 10 12 1 1 10 12 1 9 12 1 1 9 12 1 1 100 1 8 1 10 10 12 1 9 12 1 1 10 7 12 1 1 8 1 10 7 12 1 1 8 1 10 12 1 1 10 12 1 8 1 8 1 10 7 12 1 1 1 100 1 10 100 12 1 1 1 10 12 1 10 12 1 100 1 10 9 12 1 1 10 7 12 1 1 8 1 10 12 1 1 100 1 10 10 100 12 1 1 1 8 9 100 12 1 1 1 10 12 1 10 12 1 10 12 1 10 12 1 10 7 12 1 1 11 7 12 1 1 10 12 1 10 12 1 9 12 1 10 12 1 1 10 100 12 1 1 10 100 12 1 1 1 8 10 100 12 1 1 100 1 10 8 8 10 12 1 8 8 8 100 1 10 12 1 9 12 1 1 10 12 1 10 12 1 1 10 12 1 10 12 10 12 1 1 10 12 1 1 10 10 10 12 1 10 12 1 10 12 1 10 12 1 10 12 1 10 10 12 1 100 1 8 1 10 10 10 12 1 1 10 12 1 10 12 1 1 8 1 7 1 10 10 10 7 1 10 12 1 9 7 12 1 1 1 9 12 1 1 7 1 10 10 7 12 1 1 1 100 1 1 1 1 1 5 0 1 1 1 1 1 1 1 1 1 1 1 1 1 1 1 1 1 1 1 1 1 1 1 1 1 1 1 1 1 1 1 1 1 1 1 1 1 1 1 100 1 1 1 1 1 1 1 1 1 1 1 1 1 1 1 1 1 1 1 1 1 1 1 1 1 1 1 1 1 1 1 1 1 1 1 1 1 100 1 1 1 1 1 1 1 1 1 1 1 1 1 1 1 1 100 1 1 1 1 1 1 1 1 1 1 1 1 1 1 1 1 1 1
staticfield java/net/URL defaultFactory Ljava/net/URLStreamHandlerFactory; java/net/URL$DefaultFactory
staticfield java/net/URL streamHandlerLock Ljava/lang/Object; java/lang/Object
staticfield java/net/URL serialPersistentFields [Ljava/io/ObjectStreamField; 7 [Ljava/io/ObjectStreamField;
ciInstanceKlass java/util/jar/Manifest 1 1 336 10 7 12 1 1 1 7 1 10 9 7 12 1 1 1 7 1 10 9 12 1 1 9 12 1 1 10 12 1 10 12 1 1 10 12 1 1 10 12 1 1 10 12 1 1 11 7 1 11 12 1 1 10 12 1 1 10 100 12 1 1 1 100 1 100 1 10 8 1 10 12 1 1 10 12 1 1 10 12 1 10 12 1 11 100 1 10 12 1 10 12 1 1 11 12 1 1 10 12 1 11 12 1 1 11 100 12 1 1 1 11 100 12 1 1 11 12 1 1 100 1 10 12 1 8 1 11 12 1 100 1 10 12 1 1 11 12 1 10 12 1 10 12 1 10 100 12 1 1 1 8 1 10 12 1 1 10 9 100 12 1 1 1 10 12 1 1 10 100 12 1 10 12 1 10 12 1 9 100 12 1 1 1 8 1 10 12 1 8 1 8 1 7 1 10 12 1 10 12 1 10 12 1 1 100 1 8 1 10 12 1 1 8 1 10 10 12 1 1 8 1 10 12 1 1 10 100 12 1 1 1 10 12 1 10 11 12 1 1 10 12 1 10 100 12 1 1 1 10 12 1 1 10 12 1 1 11 10 12 1 11 10 12 1 100 1 1 1 1 1 1 1 1 1 1 1 1 1 1 1 1 1 1 1 1 1 1 1 1 1 1 1 1 1 1 1 1 1 1 1 1 1 1 1 1 1 1 1 100 1 1 1 1 1 1 1 1 1 1 1 1 1 1 100 1 1 1 1 1 1 1 1 1 1 1
ciInstanceKlass java/util/Objects 1 1 151 10 7 12 1 1 1 100 1 8 1 10 12 1 10 12 1 1 10 7 12 1 1 1 10 12 1 1 10 12 1 10 100 12 1 1 1 10 12 1 1 11 100 12 1 1 1 100 1 10 10 12 1 8 1 10 100 12 1 1 1 8 1 100 1 11 12 1 1 8 1 10 7 12 1 1 1 10 12 1 1 10 12 1 10 12 1 10 12 1 10 12 1 1 1 1 1 1 1 1 1 1 1 1 1 1 1 1 1 1 1 1 1 1 1 1 1 1 1 1 1 1 1 1 1 1 1 1 1 1 1 1 1 1 1 1 1 1 1 1 1 1 1 1 1 1 1 1 1 1 1
ciInstanceKlass java/lang/Iterable 1 1 62 10 7 12 1 1 1 11 7 12 1 1 1 11 7 12 1 1 1 11 12 1 1 11 7 12 1 1 1 10 100 12 1 1 1 100 1 1 1 1 1 1 1 1 1 1 1 1 1 1 1 1 1 1 1 1 1 1 1 1 1 1
ciInstanceKlass java/util/Collection 1 1 115 11 100 12 1 1 1 100 1 11 7 12 1 1 1 10 100 12 1 1 1 11 12 1 1 11 100 12 1 1 1 11 12 1 1 11 100 12 1 1 1 11 12 1 1 10 100 12 1 1 1 11 12 1 10 7 12 1 1 1 100 1 100 1 1 1 1 1 1 1 1 1 1 1 1 1 1 1 1 1 1 1 1 1 1 1 1 1 1 1 1 1 1 1 1 1 1 1 1 1 1 1 1 1 1 1 1 1 1 1 1 1 1 1 1
instanceKlass org/jetbrains/kotlin/com/google/common/collect/ImmutableCollection
instanceKlass org/jetbrains/kotlin/it/unimi/dsi/fastutil/ints/q
instanceKlass org/jetbrains/kotlin/it/unimi/dsi/fastutil/objects/r
instanceKlass org/jetbrains/kotlin/com/intellij/util/containers/UnsafeWeakList
instanceKlass java/util/AbstractQueue
instanceKlass org/jetbrains/kotlin/com/google/common/collect/Multimaps$Entries
instanceKlass org/jetbrains/kotlin/com/google/common/collect/AbstractMapBasedMultimap$WrappedCollection
instanceKlass java/util/HashMap$Values
instanceKlass java/util/LinkedHashMap$LinkedValues
instanceKlass java/util/ArrayDeque
instanceKlass java/util/AbstractSet
instanceKlass java/util/ImmutableCollections$AbstractImmutableCollection
instanceKlass java/util/AbstractList
ciInstanceKlass java/util/AbstractCollection 1 1 160 10 7 12 1 1 1 10 7 12 1 1 1 10 12 1 1 11 7 12 1 1 1 11 12 1 1 10 12 1 1 10 100 12 1 1 1 10 12 1 1 10 12 1 1 10 7 12 1 1 10 7 12 1 1 1 7 1 10 100 12 1 1 1 10 100 12 1 1 1 100 1 10 11 12 1 11 7 1 10 12 1 10 12 1 10 100 12 1 1 1 11 8 1 7 1 10 10 12 1 1 8 1 10 12 1 10 12 1 1 1 1 1 1 1 1 1 1 1 1 1 1 1 1 1 1 1 1 1 1 1 1 1 1 1 1 1 1 1 1 1 1 1 1 1 1 1 1 1 1 1 1 1 1 1 1 1 1 1 1
ciInstanceKlass java/util/List 1 1 217 10 100 12 1 1 1 11 100 12 1 1 1 11 100 12 1 1 1 11 12 1 1 11 100 12 1 1 11 12 1 1 11 12 1 1 10 100 12 1 1 1 100 1 100 1 10 12 1 1 100 1 10 100 12 1 1 1 9 7 12 1 1 1 7 1 10 12 10 12 1 7 1 10 12 1 1 10 12 1 10 12 1 1 100 1 1 1 1 1 1 1 1 1 1 1 1 1 1 1 1 1 1 1 1 1 1 1 1 1 1 1 1 1 1 1 1 1 1 1 1 1 1 1 1 1 1 1 1 1 1 1 1 1 1 100 1 100 1 1 1 1 1 1 1 1 1 1 1 1 1 1 1 1 1 1 1 1 1 1 1 1 1 1 1 1 1 1 1 1 1 1 1 1 1 1 1 1 1 1 1 1 1 1 1 1 1 1 1 1 1 1 1 1 1 1 1 1 1 1 1 1 1 1 1 1 1 1 1 1 100 1 1 100 1 1 1
ciMethod java/util/AbstractCollection <init> ()V 204 0 702670 0 64
instanceKlass org/jetbrains/kotlin/com/intellij/lang/impl/PsiBuilderImpl$1
instanceKlass org/jetbrains/kotlin/com/intellij/lang/impl/PsiBuilderImpl$RelativeTokenTypesView
instanceKlass org/jetbrains/kotlin/protobuf/UnmodifiableLazyStringList
instanceKlass org/jetbrains/kotlin/protobuf/LazyStringArrayList
instanceKlass org/jetbrains/kotlin/com/intellij/util/containers/DisposableWrapperList
instanceKlass org/jetbrains/kotlin/com/intellij/util/SmartList
instanceKlass kotlin/collections/AbstractMutableList
instanceKlass kotlin/reflect/jvm/internal/impl/protobuf/UnmodifiableLazyStringList
instanceKlass kotlin/reflect/jvm/internal/impl/protobuf/LazyStringArrayList
instanceKlass java/util/ArrayList$SubList
instanceKlass kotlin/reflect/jvm/internal/impl/utils/SmartList
instanceKlass java/util/Vector
instanceKlass java/util/Collections$SingletonList
instanceKlass org/jetbrains/kotlin/utils/SmartList
instanceKlass java/util/Arrays$ArrayList
instanceKlass java/util/AbstractSequentialList
instanceKlass java/util/Collections$EmptyList
instanceKlass java/util/ArrayList
ciInstanceKlass java/util/AbstractList 1 1 218 10 7 12 1 1 1 9 7 12 1 1 1 10 12 1 1 10 12 1 1 100 1 10 10 12 1 1 11 100 12 1 1 1 11 12 1 1 11 12 1 10 100 12 1 1 1 10 12 1 11 12 1 11 12 1 11 12 1 10 12 1 1 10 12 1 1 11 100 12 1 1 1 11 100 1 11 7 1 10 12 1 100 1 10 12 1 10 12 1 1 100 1 100 1 10 12 1 100 1 10 100 1 100 1 10 8 1 10 12 1 1 10 12 1 10 12 1 1 10 12 1 8 1 100 1 8 1 8 1 8 1 10 100 1 11 10 10 12 1 11 12 1 10 12 1 1 8 1 8 1 1 1 1 1 1 1 1 1 1 1 1 1 1 1 1 1 1 1 1 1 1 1 1 1 1 1 1 1 1 1 1 1 1 1 1 1 1 1 1 1 1 1 1 1 1 1 1 1 1 1 1 1 1 1 1 1 1 100 1 100 1 1 1 1 1 1 1
ciInstanceKlass jdk/internal/util/Preconditions 1 1 170 10 100 12 1 1 1 11 100 12 1 1 1 11 100 12 1 1 1 100 1 100 1 10 100 12 1 1 1 10 12 1 8 1 100 1 10 100 12 1 1 1 10 12 1 1 8 1 8 1 10 100 12 1 1 7 1 10 12 1 8 1 10 100 12 1 1 1 8 1 10 12 1 1 10 12 1 1 11 12 1 8 1 8 1 11 12 1 1 8 1 8 1 8 1 10 12 1 1 10 12 1 1 10 12 1 10 12 1 10 12 1 10 12 1 1 1 1 1 1 1 1 1 1 1 1 1 1 1 1 1 1 1 1 1 1 1 1 1 1 1 1 1 1 1 1 1 1 1 1 1 1 1 1 1 1 1 1 1 1 1 1 1 1 1 1 1 1 1 1
ciMethod java/util/Objects checkIndex (II)I 514 0 777334 0 -1
ciInstanceKlass java/lang/AssertionStatusDirectives 0 0 24 10 100 12 1 1 1 100 1 1 1 1 1 1 1 1 1 1 1 1 1 1 1 1
ciInstanceKlass java/lang/invoke/MethodHandleNatives$CallSiteContext 1 1 49 10 7 12 1 1 1 7 1 10 10 7 12 1 1 1 10 7 12 1 1 1 10 7 12 1 1 1 100 1 1 1 1 1 1 1 1 1 1 1 1 1 1 1 1 1 100 1 1
ciInstanceKlass jdk/internal/invoke/NativeEntryPoint 0 0 92 10 100 12 1 1 1 9 100 12 1 1 1 10 100 12 1 1 1 100 1 9 12 1 9 12 1 9 12 1 1 9 12 1 1 9 12 1 1 100 1 8 1 10 12 1 11 100 12 1 1 1 10 12 1 1 10 12 1 11 100 12 1 1 11 12 1 10 12 1 1 10 12 1 1 1 1 1 1 1 1 1 1 1 1 1 1 1 1 1 1 1
instanceKlass java/lang/invoke/VolatileCallSite
instanceKlass java/lang/invoke/MutableCallSite
instanceKlass java/lang/invoke/ConstantCallSite
ciInstanceKlass java/lang/invoke/CallSite 1 1 302 10 7 12 1 1 1 10 7 12 1 1 1 9 7 12 1 1 1 10 12 1 1 9 12 1 1 10 7 12 1 1 1 10 12 1 100 1 10 12 1 1 10 12 1 1 9 100 12 1 1 1 10 100 12 1 1 10 12 1 1 100 1 100 1 10 10 100 12 1 1 1 10 12 1 1 8 1 10 12 1 10 12 1 1 10 12 1 10 12 1 1 10 12 1 1 10 10 100 12 1 1 10 12 1 1 9 12 1 9 100 12 1 1 1 8 1 10 7 12 1 1 1 10 12 1 1 100 1 10 12 1 1 9 12 1 8 1 100 1 10 12 1 10 12 1 100 1 8 1 10 10 12 1 10 12 1 1 100 1 10 12 1 1 10 12 1 10 12 1 10 12 1 1 10 12 1 1 9 12 1 1 8 10 12 1 1 9 12 1 1 100 1 10 10 12 1 10 100 12 1 1 1 10 12 1 1 10 12 1 1 10 12 1 10 7 12 1 1 1 100 1 8 1 10 10 12 10 12 1 1 100 1 100 1 100 1 8 1 10 12 1 10 7 12 1 1 1 1 1 1 1 1 1 1 1 1 1 1 1 1 1 1 1 1 1 1 1 1 1 1 1 1 1 1 1 1 1 1 1 1 1 1 1 1 1 1 1 1 1 1 1 1 1 1 1 1 1 1 1 1 1
staticfield java/lang/invoke/CallSite $assertionsDisabled Z 1
ciInstanceKlass java/lang/invoke/VolatileCallSite 0 0 37 10 100 12 1 1 1 10 12 1 10 100 12 1 1 1 10 12 1 10 12 1 1 1 1 1 1 1 1 1 1 1 1 1 1 1 1
ciInstanceKlass java/lang/invoke/MethodType 1 1 771 7 1 10 7 12 1 1 1 9 12 1 1 9 12 1 1 9 12 1 1 10 7 12 1 1 1 9 7 12 1 1 8 1 10 100 12 1 1 1 9 7 1 9 7 1 10 12 1 1 100 1 10 8 1 10 12 1 1 10 12 1 10 12 1 1 100 1 8 1 10 12 1 100 1 10 10 12 1 10 12 1 1 10 12 1 1 11 7 12 1 1 1 9 12 1 11 12 1 1 7 7 1 10 7 12 1 1 1 10 12 1 9 12 1 1 10 7 12 1 1 10 12 1 1 10 7 12 1 1 1 10 7 12 1 1 1 10 12 1 9 12 1 1 10 12 1 1 100 1 10 12 1 1 10 12 1 1 10 12 1 1 10 12 1 1 10 12 1 1 10 12 1 10 12 1 10 12 1 1 10 12 1 8 1 8 1 10 12 1 1 9 12 1 1 100 1 10 10 12 1 1 10 12 1 10 12 1 1 10 12 1 1 10 12 1 10 12 1 1 10 12 1 8 1 10 12 1 1 10 100 12 1 1 1 10 12 1 10 12 1 1 10 12 1 10 12 1 10 12 1 1 10 12 1 10 12 1 9 12 1 10 12 1 10 10 12 1 1 10 12 1 9 12 1 1 10 12 1 1 10 12 1 1 10 12 1 1 10 12 1 1 7 1 10 12 10 12 1 10 12 1 100 1 8 1 8 1 8 1 10 12 1 10 12 1 10 12 1 10 11 12 1 1 11 12 1 10 100 12 1 1 1 9 12 1 10 12 1 10 12 1 1 10 12 1 1 10 12 1 10 12 1 10 100 12 1 1 1 10 12 1 1 10 12 1 10 12 1 10 12 1 10 9 12 1 1 7 1 10 12 1 10 12 1 1 9 100 12 1 1 1 10 100 12 1 1 1 10 100 12 1 1 1 10 12 1 1 10 100 12 1 1 1 10 12 1 1 8 1 10 7 12 1 1 1 11 12 1 1 9 12 1 1 10 12 1 1 10 12 1 10 12 1 1 10 12 1 1 10 100 12 1 1 100 1 10 12 1 1 11 100 12 1 1 1 18 12 1 1 11 12 1 1 18 12 1 11 12 1 100 1 11 100 12 1 1 10 12 1 100 1 10 12 1 10 100 12 1 1 10 12 1 1 9 12 1 1 9 100 12 1 1 1 10 100 12 1 1 1 9 12 1 10 100 12 1 1 10 12 1 100 10 12 1 1 10 12 1 10 7 1 7 1 9 12 1 1 100 1 100 1 100 1 1 1 5 0 1 1 1 1 1 1 1 3 1 3 1 3 1 1 1 1 1 1 1 1 1 1 1 1 1 1 1 1 1 1 1 1 1 1 1 1 1 1 1 1 1 1 1 1 1 1 1 1 1 1 1 1 1 1 1 1 1 1 1 1 1 1 1 1 1 1 1 1 1 1 1 1 1 1 1 1 1 1 1 1 1 1 1 1 1 1 1 1 1 1 1 1 1 1 1 1 1 1 1 1 1 1 1 1 1 1 1 1 1 1 1 1 1 1 1 1 1 1 1 1 1 1 1 1 1 1 1 1 1 1 1 1 1 1 1 1 1 1 1 100 1 100 1 1 1 1 1 1 1 1 1 1 1 1 1 100 1 1 1 100 1 1 1 1 1 1 1 1 1 1 1 1 1 1 1 1 1 1 1 1 1 15 10 100 12 1 1 1 16 15 10 12 16 16 15 10 12 16 1 1 1 1 100 1 1 100 1 1 100 1 100 1 1
staticfield java/lang/invoke/MethodType internTable Ljava/lang/invoke/MethodType$ConcurrentWeakInternSet; java/lang/invoke/MethodType$ConcurrentWeakInternSet
staticfield java/lang/invoke/MethodType NO_PTYPES [Ljava/lang/Class; 0 [Ljava/lang/Class;
staticfield java/lang/invoke/MethodType objectOnlyTypes [Ljava/lang/invoke/MethodType; 20 [Ljava/lang/invoke/MethodType;
staticfield java/lang/invoke/MethodType METHOD_HANDLE_ARRAY [Ljava/lang/Class; 1 [Ljava/lang/Class;
staticfield java/lang/invoke/MethodType serialPersistentFields [Ljava/io/ObjectStreamField; 0 [Ljava/io/ObjectStreamField;
staticfield java/lang/invoke/MethodType $assertionsDisabled Z 1
ciInstanceKlass java/lang/BootstrapMethodError 0 0 45 10 100 12 1 1 1 10 12 1 10 12 1 10 100 12 1 1 1 10 100 12 1 1 1 1 1 1 5 0 1 1 1 1 1 1 1 1 1 1 1 100 1 1 1
ciInstanceKlass jdk/internal/loader/ClassLoaders$AppClassLoader 1 1 119 8 1 10 7 12 1 1 1 10 7 12 1 1 1 10 100 12 1 1 1 10 12 1 1 10 100 12 1 1 1 10 12 1 1 10 12 1 1 7 1 8 1 10 12 10 7 12 1 1 1 10 100 12 1 1 10 12 1 1 10 12 1 1 10 7 12 1 1 1 100 1 10 12 1 1 1 1 1 1 1 1 1 1 1 1 1 1 1 1 1 1 1 1 1 100 1 1 1 1 1 1 1 1 1 1 1 1 1 1 1 1 1 1 1 100 1 1 1
ciInstanceKlass jdk/internal/loader/ClassLoaders$PlatformClassLoader 1 1 42 8 1 10 100 12 1 1 1 10 7 12 1 1 1 100 1 10 12 1 100 1 1 1 1 1 1 1 1 1 1 1 1 1 1 100 1 1 1 100 1 1
instanceKlass kotlin/KotlinNullPointerException
ciInstanceKlass java/lang/NullPointerException 1 1 52 10 100 12 1 1 1 10 12 1 9 100 12 1 1 1 10 12 1 1 9 12 1 1 10 12 1 1 10 12 1 1 1 1 5 0 1 1 1 1 1 1 1 1 100 1 100 1 100 1 1 1
ciInstanceKlass java/lang/StackTraceElement 1 1 224 10 7 12 1 1 1 10 7 12 1 1 9 12 1 1 9 12 1 1 9 12 1 9 12 1 8 1 10 100 12 1 1 1 100 1 9 12 1 8 1 9 12 1 9 12 1 9 12 1 1 8 1 10 12 1 1 10 12 1 100 1 10 10 12 1 1 8 1 10 12 1 1 10 12 1 8 1 8 1 8 1 10 12 1 8 1 8 1 10 12 1 8 1 8 1 10 12 1 1 10 12 1 10 12 1 1 10 12 1 9 12 1 1 10 7 12 1 1 1 10 12 1 1 7 1 10 12 1 1 10 7 12 1 1 10 7 12 1 1 1 10 7 12 1 1 10 100 12 1 1 10 10 12 1 1 10 12 1 10 12 1 1 100 1 1 1 1 1 3 1 3 1 1 5 0 1 1 1 1 1 1 1 1 1 1 1 1 1 1 1 1 1 1 1 1 1 1 1 1 1 1 100 1 100 1 1 1 1 1 1 1 1 1 1 100 1 1 1 1 1 1 1 1
instanceKlass java/nio/CharBuffer
instanceKlass java/nio/IntBuffer
instanceKlass java/nio/LongBuffer
instanceKlass java/nio/ByteBuffer
ciInstanceKlass java/nio/Buffer 1 1 224 100 1 10 7 12 1 1 1 9 7 12 1 1 1 9 12 1 9 12 1 1 9 12 1 9 12 1 1 10 12 1 1 10 12 1 1 10 12 100 1 100 1 10 8 1 10 12 1 1 10 12 1 8 1 8 1 10 12 1 1 10 12 1 8 1 9 12 1 1 100 1 8 1 10 12 1 8 1 8 1 9 12 10 12 1 8 1 8 1 8 1 10 12 1 8 1 8 1 8 1 100 1 10 100 1 10 100 1 10 100 1 10 10 100 12 1 1 1 10 11 100 12 1 1 10 7 12 1 1 1 10 7 12 1 1 1 9 12 1 1 10 7 12 1 1 1 9 12 1 1 7 1 10 10 7 12 1 1 1 1 1 3 1 1 1 1 1 1 1 1 1 1 1 1 1 1 1 1 1 1 100 1 1 1 1 1 1 1 1 1 1 1 1 1 1 1 1 1 1 1 1 1 1 1 1 1 1 1 1 1 1 1 1 1 1 1 1 1 1 1 1 1 1
staticfield java/nio/Buffer UNSAFE Ljdk/internal/misc/Unsafe; jdk/internal/misc/Unsafe
staticfield java/nio/Buffer SCOPED_MEMORY_ACCESS Ljdk/internal/misc/ScopedMemoryAccess; jdk/internal/misc/ScopedMemoryAccess
staticfield java/nio/Buffer $assertionsDisabled Z 1
ciInstanceKlass jdk/internal/util/ArraysSupport 1 1 271 7 1 100 1 8 1 10 12 1 1 10 12 1 1 10 100 12 1 1 9 7 12 1 1 1 9 12 1 1 10 7 12 1 1 1 9 12 1 1 10 100 12 1 1 1 9 12 1 10 12 9 12 1 10 12 1 1 10 12 9 12 1 9 12 1 10 12 1 1 9 12 1 9 12 1 9 12 1 9 12 1 9 12 1 9 12 1 9 12 1 10 12 1 1 10 100 12 1 1 1 9 12 1 9 12 1 10 12 1 1 10 12 1 9 12 1 10 12 1 10 100 12 1 1 1 9 12 1 9 12 1 10 12 1 10 12 1 10 7 12 1 1 1 3 10 12 1 100 1 100 1 10 8 1 10 12 1 1 10 12 1 8 1 8 1 10 12 1 1 10 10 12 1 1 10 12 1 1 9 12 1 10 12 1 9 12 1 9 12 1 9 12 1 9 12 1 9 12 1 9 12 1 9 12 1 100 1 1 1 1 1 1 1 1 1 1 1 1 1 1 1 1 1 1 1 1 1 1 1 1 1 1 1 1 1 1 1 1 1 1 1 1 1 1 1 1 1 1 1 1 1 1 1 1 1 1 1 1 1 1 1 1 1 1 1 1 1 1 1 1
staticfield jdk/internal/util/ArraysSupport U Ljdk/internal/misc/Unsafe; jdk/internal/misc/Unsafe
staticfield jdk/internal/util/ArraysSupport BIG_ENDIAN Z 0
staticfield jdk/internal/util/ArraysSupport LOG2_ARRAY_BOOLEAN_INDEX_SCALE I 0
staticfield jdk/internal/util/ArraysSupport LOG2_ARRAY_BYTE_INDEX_SCALE I 0
staticfield jdk/internal/util/ArraysSupport LOG2_ARRAY_CHAR_INDEX_SCALE I 1
staticfield jdk/internal/util/ArraysSupport LOG2_ARRAY_SHORT_INDEX_SCALE I 1
staticfield jdk/internal/util/ArraysSupport LOG2_ARRAY_INT_INDEX_SCALE I 2
staticfield jdk/internal/util/ArraysSupport LOG2_ARRAY_LONG_INDEX_SCALE I 3
staticfield jdk/internal/util/ArraysSupport LOG2_ARRAY_FLOAT_INDEX_SCALE I 2
staticfield jdk/internal/util/ArraysSupport LOG2_ARRAY_DOUBLE_INDEX_SCALE I 3
staticfield jdk/internal/util/ArraysSupport LOG2_BYTE_BIT_SIZE I 3
ciMethod jdk/internal/util/ArraysSupport newLength (III)I 730 0 5722 0 0
ciMethod jdk/internal/util/ArraysSupport hugeLength (II)I 0 0 1 0 -1
ciInstanceKlass jdk/internal/misc/UnsafeConstants 1 1 34 10 100 12 1 1 1 9 7 12 1 1 1 9 12 1 9 12 1 1 9 12 1 9 12 1 1 1 1 1 1 1 1 1
staticfield jdk/internal/misc/UnsafeConstants ADDRESS_SIZE0 I 8
staticfield jdk/internal/misc/UnsafeConstants PAGE_SIZE I 4096
staticfield jdk/internal/misc/UnsafeConstants BIG_ENDIAN Z 0
staticfield jdk/internal/misc/UnsafeConstants UNALIGNED_ACCESS Z 1
staticfield jdk/internal/misc/UnsafeConstants DATA_CACHE_LINE_FLUSH_SIZE I 64
instanceKlass java/lang/invoke/DelegatingMethodHandle
instanceKlass java/lang/invoke/BoundMethodHandle
instanceKlass java/lang/invoke/DirectMethodHandle
ciInstanceKlass java/lang/invoke/MethodHandle 1 1 641 100 1 9 7 12 1 1 1 10 7 12 1 1 1 10 7 12 1 1 1 7 1 7 1 10 12 1 1 9 12 1 1 10 12 1 10 12 1 1 10 12 1 1 10 100 12 1 1 1 10 12 1 1 10 12 1 1 11 100 12 1 1 1 10 12 1 1 10 12 1 10 12 1 9 12 1 1 10 12 1 1 100 1 100 1 10 8 1 10 12 1 1 10 12 1 8 1 10 12 1 1 10 12 1 10 7 12 1 1 1 10 12 1 10 12 1 1 10 12 1 1 10 12 1 1 10 12 1 1 10 7 12 1 1 1 10 100 12 1 1 1 7 1 10 12 1 1 10 12 1 1 10 12 1 1 8 1 10 7 12 1 1 1 8 1 10 12 1 1 10 12 1 1 10 12 1 1 10 12 1 8 1 10 12 1 1 8 1 10 12 1 8 1 10 100 12 1 1 1 9 12 1 1 100 1 10 9 100 12 1 1 1 9 100 1 8 1 10 12 1 1 10 12 1 10 12 1 1 10 12 1 10 12 1 1 10 12 1 10 12 1 1 10 12 1 10 12 1 1 10 12 1 1 8 1 10 12 1 1 8 1 10 12 1 10 12 1 1 10 12 1 10 12 1 10 12 1 1 9 100 12 1 1 1 10 12 1 1 11 12 1 10 12 1 10 12 1 1 10 100 12 1 1 1 100 1 11 12 1 10 100 1 11 12 1 100 1 10 12 1 11 12 1 9 100 12 1 1 1 11 12 1 1 11 100 12 1 1 1 10 12 1 1 9 12 1 11 12 1 9 12 1 9 12 1 9 12 1 11 12 1 1 9 12 1 9 12 1 9 12 1 9 12 1 9 12 1 9 12 1 9 12 1 8 1 10 12 1 10 12 1 8 1 10 12 1 10 12 1 10 10 7 12 1 1 10 12 1 1 100 1 8 1 10 12 1 1 10 12 1 1 10 12 1 10 12 1 100 1 10 100 12 1 1 1 10 12 1 9 7 12 1 1 1 10 12 1 1 10 12 1 1 8 1 9 12 1 9 12 1 1 9 12 1 1 10 12 1 7 1 10 12 1 10 12 1 1 9 12 1 1 9 12 1 1 10 7 12 1 1 1 11 7 12 1 1 9 12 1 10 12 1 1 9 12 1 10 12 1 8 10 12 1 1 8 1 1 1 1 1 1 100 1 1 1 1 1 1 1 1 1 1 1 1 1 1 1 1 1 1 1 1 1 1 1 1 1 1 1 1 1 1 1 1 1 1 1 1 1 1 1 1 1 1 1 1 1 1 1 1 1 1 1 1 1 1 1 1 1 1 1 1 1 1 1 1 1 1 1 1 1 100 1 1 1 1 1 1 1 1 1 100 1 1 1 1 1 1 1 1 1 1 1 1 1 1 1 1 1 1 1 1 1 1 1 1 1 1 1 100 1 1 100 1 1 100 1 1 1 1
staticfield java/lang/invoke/MethodHandle FORM_OFFSET J 20
staticfield java/lang/invoke/MethodHandle UPDATE_OFFSET J 13
staticfield java/lang/invoke/MethodHandle $assertionsDisabled Z 1
instanceKlass java/lang/invoke/DirectMethodHandle$Special
instanceKlass java/lang/invoke/DirectMethodHandle$Interface
instanceKlass java/lang/invoke/DirectMethodHandle$Accessor
instanceKlass java/lang/invoke/DirectMethodHandle$Constructor
ciInstanceKlass java/lang/invoke/DirectMethodHandle 1 1 940 7 1 7 1 100 1 7 1 7 1 10 7 12 1 1 1 10 7 12 1 1 1 100 1 10 12 1 10 12 1 1 10 7 12 1 1 10 12 1 1 10 12 1 10 12 1 7 1 10 12 1 1 10 12 1 1 10 12 1 10 12 1 1 10 7 12 1 1 1 10 12 1 9 12 1 1 100 1 10 9 12 1 1 9 12 1 10 12 1 10 12 1 10 12 1 1 10 12 1 10 12 1 10 12 1 10 7 12 1 1 1 10 12 1 10 12 1 1 8 1 10 12 1 1 7 1 10 12 1 7 1 10 10 12 1 10 12 1 10 12 1 10 7 12 1 1 1 10 12 1 1 100 1 10 12 1 10 12 1 7 1 10 12 1 10 12 1 1 10 12 1 1 10 12 1 8 10 100 12 1 1 1 10 12 1 10 12 1 10 12 1 1 10 12 1 9 7 12 1 1 1 7 1 10 12 1 10 7 12 1 1 1 10 12 1 10 12 1 1 9 12 1 1 100 1 10 8 1 10 12 1 1 10 12 1 10 12 1 10 10 12 1 10 12 1 10 12 1 10 12 1 10 12 1 1 10 12 1 10 12 1 1 10 12 1 10 12 1 1 10 10 7 12 1 1 1 10 12 1 10 12 1 1 10 12 1 10 12 1 1 8 1 9 7 12 1 1 1 8 1 9 12 1 9 12 1 8 1 9 12 1 9 12 1 8 1 9 12 1 9 12 1 8 1 10 12 1 10 12 1 1 9 12 1 1 7 1 10 12 1 1 100 1 10 7 12 1 1 1 10 12 1 1 10 12 1 10 12 1 1 7 1 10 12 1 1 10 12 1 10 12 1 1 7 1 10 12 1 1 10 7 12 1 1 1 10 12 1 10 12 1 10 12 1 9 12 1 1 10 7 1 9 12 9 12 1 10 7 12 1 1 1 10 12 1 7 1 7 1 7 1 9 12 1 1 10 7 12 1 10 12 1 1 10 12 1 100 1 10 12 1 10 12 1 1 9 100 12 1 1 1 10 12 1 1 100 1 10 100 12 1 1 1 10 12 1 10 12 1 8 1 9 12 1 9 12 1 10 12 1 9 12 1 1 10 7 12 1 1 1 9 12 1 1 9 12 1 1 10 12 1 10 12 1 10 12 1 10 12 1 10 12 1 1 10 12 1 10 7 12 1 1 9 12 1 10 12 1 10 12 1 10 12 1 10 12 1 1 10 12 1 1 9 12 1 1 10 12 1 1 9 7 12 1 1 1 9 12 1 9 12 1 9 12 1 9 12 1 9 12 1 9 12 1 9 12 1 9 12 1 9 12 1 9 12 1 9 12 1 9 12 1 9 12 1 9 12 1 9 12 1 9 12 1 9 12 1 9 12 1 9 12 1 9 12 1 9 12 1 9 12 1 9 12 1 9 12 1 9 12 1 9 12 1 9 12 1 9 12 1 9 12 1 9 12 1 9 12 1 9 12 1 9 12 1 9 12 1 9 12 1 9 12 1 8 1 9 12 1 1 9 12 1 1 10 12 1 10 12 1 1 9 7 1 10 12 1 9 12 1 1 10 12 10 12 1 10 12 1 10 12 1 10 8 1 8 1 8 1 8 1 10 12 1 1 9 12 1 1 10 12 1 10 100 12 1 1 1 8 9 12 1 1 10 12 1 1 8 1 8 8 9 12 1 8 1 8 8 8 8 8 1 8 10 12 1 10 12 1 8 1 8 1 10 12 1 10 12 1 10 12 1 10 12 1 1 7 1 1 1 1 3 1 3 1 3 1 3 1 3 1 3 1 3 1 3 1 3 1 3 1 1 1 1 1 1 1 1 1 1 3 1 3 1 1 1 1 3 1 1 1 1 1 1 1 1 1 1 1 1 1 1 1 1 1 1 1 1 1 1 1 1 1 1 1 1 1 1 1 1 1 1 1 1 1 1 1 1 1 1 1 1 1 1 1 1 1 1 1 1 1 1 1 1 100 1 1 1 1 1 1 1 1 1 1 1 1 100 1 1 1 1 1 1 1 1 1 1 1 1 1 1 1 1 1 1 1 1 1 1 1 1 1 1 1 1 1 1 1 1 1 1 1 1 1 1 1 1 1 1 1 1 1 1 1 1 1 1 1
staticfield java/lang/invoke/DirectMethodHandle IMPL_NAMES Ljava/lang/invoke/MemberName$Factory; java/lang/invoke/MemberName$Factory
staticfield java/lang/invoke/DirectMethodHandle FT_UNCHECKED_REF I 8
staticfield java/lang/invoke/DirectMethodHandle ACCESSOR_FORMS [Ljava/lang/invoke/LambdaForm; 132 [Ljava/lang/invoke/LambdaForm;
staticfield java/lang/invoke/DirectMethodHandle ALL_WRAPPERS [Lsun/invoke/util/Wrapper; 10 [Lsun/invoke/util/Wrapper;
staticfield java/lang/invoke/DirectMethodHandle NFS [Ljava/lang/invoke/LambdaForm$NamedFunction; 12 [Ljava/lang/invoke/LambdaForm$NamedFunction;
staticfield java/lang/invoke/DirectMethodHandle OBJ_OBJ_TYPE Ljava/lang/invoke/MethodType; java/lang/invoke/MethodType
staticfield java/lang/invoke/DirectMethodHandle LONG_OBJ_TYPE Ljava/lang/invoke/MethodType; java/lang/invoke/MethodType
staticfield java/lang/invoke/DirectMethodHandle $assertionsDisabled Z 1
ciInstanceKlass java/lang/invoke/LambdaForm 1 1 1052 100 1 9 7 12 1 1 1 10 7 12 1 1 1 10 7 12 1 1 9 12 1 1 9 12 1 1 10 12 1 1 100 1 10 9 12 1 10 12 1 1 9 12 1 10 7 12 1 1 1 9 12 1 9 12 1 9 12 1 1 9 12 1 10 12 1 1 7 1 10 12 1 10 100 12 1 1 1 10 100 12 1 1 1 10 12 1 10 12 1 1 9 100 12 1 1 1 10 12 1 1 9 12 1 10 12 1 1 10 12 1 10 12 1 1 10 12 1 1 10 100 12 1 1 1 7 1 10 10 12 1 1 8 1 10 12 1 10 12 1 10 12 1 1 7 1 10 7 12 1 1 1 10 12 1 1 10 12 1 10 12 1 1 9 12 1 1 9 12 1 9 12 1 1 10 12 1 9 12 1 10 100 12 1 1 1 10 12 1 1 10 12 1 9 12 1 1 10 100 12 1 1 1 10 12 1 10 12 1 10 12 1 10 12 1 10 12 1 10 12 1 1 10 12 1 10 12 1 1 8 1 10 12 1 10 12 1 8 1 8 1 9 12 1 9 12 1 9 12 1 1 10 12 1 1 10 12 1 9 12 1 10 12 1 1 10 7 12 1 1 1 10 12 1 1 10 12 1 10 12 1 10 12 1 1 9 12 1 10 12 1 8 1 8 1 8 1 8 1 8 1 8 1 8 1 8 1 10 12 1 9 12 1 7 1 10 12 1 1 9 12 1 10 12 1 10 12 1 1 10 12 10 12 1 10 12 1 1 10 12 1 1 10 10 12 1 1 10 12 1 1 7 1 8 1 10 12 1 1 10 12 1 10 12 1 1 10 8 1 10 12 1 1 8 1 8 1 8 1 10 12 1 9 12 1 1 10 12 1 1 10 12 1 1 100 1 10 12 1 1 10 12 1 10 7 12 1 1 1 10 12 1 1 9 12 1 1 8 1 10 100 12 1 1 1 10 7 12 1 1 10 12 10 10 12 1 1 9 12 1 8 10 12 1 1 100 1 10 12 1 1 10 12 1 9 7 12 1 1 9 12 1 1 8 1 10 100 12 1 1 10 12 1 1 100 1 100 1 10 10 12 1 1 10 12 1 1 8 1 8 1 100 1 8 1 10 12 10 12 1 10 12 1 10 12 1 1 8 1 8 1 9 100 12 1 1 1 10 12 1 10 12 1 1 8 1 8 1 8 1 100 1 8 1 100 1 8 1 100 1 8 1 10 12 1 8 1 9 10 7 12 1 1 1 10 12 1 9 12 1 1 10 12 1 10 10 12 1 10 12 1 10 12 1 10 12 1 1 10 12 1 10 12 1 1 10 12 1 1 10 12 1 1 8 1 100 10 12 1 10 12 1 9 12 1 1 10 7 12 1 1 8 1 8 1 100 1 8 1 8 1 8 1 8 1 8 1 8 1 8 1 8 1 10 12 1 1 10 12 1 1 10 12 1 10 12 1 8 1 8 1 8 1 10 12 1 8 1 10 12 1 8 1 8 1 8 1 8 1 8 1 10 12 1 10 12 1 10 12 1 1 10 7 12 1 1 1 10 12 1 10 12 1 10 12 1 10 12 1 10 12 1 10 12 1 10 12 1 9 12 1 1 8 1 10 12 1 1 9 12 1 1 10 12 1 1 9 12 1 9 12 1 1 9 12 1 9 12 1 1 7 1 10 7 12 1 1 1 9 12 1 10 12 1 10 12 1 8 1 10 12 1 9 12 1 1 7 1 10 7 12 1 1 1 8 1 100 1 10 12 1 9 12 1 9 12 1 10 12 1 10 12 1 10 7 12 1 1 1 10 12 1 9 7 12 1 1 10 12 1 1 10 12 1 10 12 1 9 12 10 12 1 10 10 12 1 9 9 12 1 7 9 12 1 1 10 12 1 1 9 12 1 10 12 1 10 7 1 9 1 1 1 1 3 1 3 1 3 1 1 1 1 1 1 1 1 1 1 1 1 1 1 1 1 1 1 1 1 1 1 1 1 1 1 1 1 1 1 1 1 1 1 1 1 1 1 1 1 1 1 1 1 1 1 1 1 1 1 1 1 1 1 1 1 100 1 1 1 1 1 1 1 1 1 1 1 1 1 1 1 1 1 1 1 1 1 1 1 1 1 1 1 1 1 1 1 1 1 1 1 1 1 1 1 1 1 1 1 1 1 1 1 1 1 1 1 1 1 1 1 1 1 1 1 100 1 1 1 1 1 1 1 1 1 1 1 1 1 1 1 1 1 1 1 1 1 1 1 1 1 1 1 1 1 1 1 1 1 1 100 1 1 1 1 1 1 1 1 1 1 1 1 1 1 1 1 1 1 1 1 1 1 100 1 1 1 100 1 1 100 1 1 1 1 1 1 1 1 1 1 1
staticfield java/lang/invoke/LambdaForm COMPILE_THRESHOLD I 0
staticfield java/lang/invoke/LambdaForm INTERNED_ARGUMENTS [[Ljava/lang/invoke/LambdaForm$Name; 5 [[Ljava/lang/invoke/LambdaForm$Name;
staticfield java/lang/invoke/LambdaForm IMPL_NAMES Ljava/lang/invoke/MemberName$Factory; java/lang/invoke/MemberName$Factory
staticfield java/lang/invoke/LambdaForm LF_identity [Ljava/lang/invoke/LambdaForm; 6 [Ljava/lang/invoke/LambdaForm;
staticfield java/lang/invoke/LambdaForm LF_zero [Ljava/lang/invoke/LambdaForm; 6 [Ljava/lang/invoke/LambdaForm;
staticfield java/lang/invoke/LambdaForm NF_identity [Ljava/lang/invoke/LambdaForm$NamedFunction; 6 [Ljava/lang/invoke/LambdaForm$NamedFunction;
staticfield java/lang/invoke/LambdaForm NF_zero [Ljava/lang/invoke/LambdaForm$NamedFunction; 6 [Ljava/lang/invoke/LambdaForm$NamedFunction;
staticfield java/lang/invoke/LambdaForm createFormsLock Ljava/lang/Object; java/lang/Object
staticfield java/lang/invoke/LambdaForm DEBUG_NAME_COUNTERS Ljava/util/HashMap; null
staticfield java/lang/invoke/LambdaForm DEBUG_NAMES Ljava/util/HashMap; null
staticfield java/lang/invoke/LambdaForm TRACE_INTERPRETER Z 0
staticfield java/lang/invoke/LambdaForm $assertionsDisabled Z 1
ciInstanceKlass java/lang/invoke/MethodHandleNatives 1 1 684 100 1 10 7 12 1 1 1 9 7 12 1 1 1 10 12 1 1 100 1 10 10 12 1 1 10 12 1 10 12 1 8 1 8 1 8 1 8 1 8 1 8 1 8 1 8 1 8 1 8 1 10 12 1 1 7 1 10 7 12 1 1 1 10 100 12 1 1 1 7 1 10 10 12 1 1 8 1 10 12 1 8 1 10 12 1 1 8 1 10 12 1 1 9 100 12 1 1 1 8 1 10 100 12 1 1 1 100 1 10 12 100 1 100 1 8 1 7 1 10 10 12 1 7 1 9 7 12 1 1 10 12 1 1 10 12 1 10 7 12 1 1 1 7 1 10 12 1 1 10 7 12 1 1 1 10 12 1 10 12 1 1 10 12 1 1 9 12 1 8 1 10 12 1 8 1 10 12 1 8 1 8 1 8 1 100 1 10 12 1 8 1 10 12 1 1 10 12 1 10 100 12 1 1 1 100 1 8 1 10 100 12 1 1 1 7 1 8 1 10 12 1 8 1 8 1 8 1 8 1 8 1 10 12 1 1 10 12 1 1 10 12 1 10 12 1 1 10 12 1 1 7 1 10 12 1 100 1 100 1 10 12 1 10 12 1 8 1 8 1 10 10 12 1 1 10 12 1 1 8 1 10 100 12 1 1 1 8 1 8 1 10 12 1 1 10 7 12 1 1 1 100 1 10 12 1 1 7 1 9 12 1 1 10 7 12 1 1 1 10 10 12 1 9 12 1 10 12 1 1 9 12 1 9 12 1 10 12 1 1 10 12 1 10 12 1 1 7 1 7 1 10 12 1 1 10 12 1 10 12 1 1 10 7 12 1 1 1 10 12 1 8 1 10 12 1 10 12 1 10 12 1 1 10 12 1 10 7 12 1 1 1 10 12 1 1 100 1 8 1 10 9 7 12 1 1 1 10 12 1 1 10 12 1 1 100 1 10 12 1 1 10 12 1 1 100 1 100 1 10 10 100 1 100 1 10 100 1 10 10 12 1 1 10 100 1 10 12 1 10 12 1 10 12 1 1 10 12 1 1 10 12 1 1 10 12 1 10 12 1 1 10 8 1 100 1 10 12 1 10 12 1 10 12 1 10 12 1 10 12 1 1 10 12 1 9 12 1 1 10 7 12 1 1 1 9 12 1 1 11 7 12 1 1 1 10 12 1 10 12 1 10 10 12 1 10 7 12 1 1 1 1 1 1 1 1 1 1 1 1 1 1 1 100 1 1 1 1 1 1 1 1 1 1 1 1 1 1 1 1 1 1 1 1 1 1 1 1 1 1 1 1 1 1 1 1 1 1 1 1 1 1 1 1 1 1 1 1 1 1 1 1 1 1 1 1 1 1 1 1 1 1 1 1 1 1 1 1 1 1 1 1 1 1 1 1 1 1 1 1 1 1 1 1 1 1 1 1 1 1 1 1 1 1 1 1 1 1 1 1 1 1 100 1 1 1 1 1 1 1 1 1 1 1 1 1 1 1 1 1 1 1 1 1 1 1 1 1 1 1 1 100 1 1 1 1 1 1 1 100 1 1 1
staticfield java/lang/invoke/MethodHandleNatives JLA Ljdk/internal/access/JavaLangAccess; java/lang/System$2
staticfield java/lang/invoke/MethodHandleNatives $assertionsDisabled Z 1
ciInstanceKlass jdk/internal/reflect/CallerSensitive 1 1 17 100 1 100 1 100 1 1 1 1 1 1 1 1 1 1 1
ciInstanceKlass jdk/internal/reflect/ConstantPool 1 1 142 10 100 12 1 1 1 9 7 12 1 1 1 10 12 1 1 10 12 1 1 10 12 1 10 12 1 1 10 12 1 1 10 12 1 10 12 1 1 10 12 1 10 12 1 1 10 12 1 10 12 1 10 12 1 10 12 1 1 10 12 1 1 10 12 1 1 10 12 1 1 10 12 1 10 12 1 1 10 100 12 1 1 1 8 11 7 12 1 1 1 10 7 12 1 1 1 1 1 1 1 1 1 1 1 1 1 1 1 1 1 1 1 1 1 1 1 1 1 1 1 1 1 1 1 1 1 1 1 1 1 1 1 1 1 1 1 1 1 1 1 1
instanceKlass jdk/internal/reflect/UnsafeStaticIntegerFieldAccessorImpl
instanceKlass jdk/internal/reflect/UnsafeQualifiedStaticFieldAccessorImpl
ciInstanceKlass jdk/internal/reflect/UnsafeStaticFieldAccessorImpl 1 1 47 10 7 12 1 1 1 9 7 12 1 1 1 10 7 12 1 1 1 9 12 1 1 8 11 7 12 1 1 1 10 7 12 1 1 1 1 1 1 1 1 1 1 1 1 1 1
instanceKlass jdk/internal/reflect/UnsafeFieldAccessorImpl
ciInstanceKlass jdk/internal/reflect/FieldAccessorImpl 1 1 59 10 7 12 1 1 1 100 1 100 1 1 1 1 1 1 1 1 1 100 1 1 1 1 1 1 1 1 1 1 1 1 1 1 1 1 1 1 1 100 1 1 1 1 1 1 1 1 1 1 1 1 1 1 1 1 1 1 1
instanceKlass jdk/internal/reflect/UnsafeStaticFieldAccessorImpl
ciInstanceKlass jdk/internal/reflect/UnsafeFieldAccessorImpl 1 1 254 10 7 12 1 1 1 9 7 12 1 1 1 10 7 12 1 1 1 10 7 12 1 1 1 9 12 1 1 10 7 12 1 1 1 9 12 1 1 10 12 1 10 12 1 9 12 1 10 12 1 1 10 100 12 1 1 10 100 12 1 1 1 10 12 1 1 100 1 10 10 12 1 1 10 12 1 1 8 1 10 10 12 1 100 1 8 1 10 12 1 8 1 10 12 1 8 1 10 12 1 100 1 10 12 1 1 10 8 1 10 12 1 1 8 1 10 100 12 1 1 8 1 10 100 12 1 1 8 1 10 100 12 1 1 8 1 10 100 12 1 1 8 1 10 100 12 1 1 8 1 10 100 12 1 1 8 1 10 100 12 1 1 8 1 10 100 12 1 1 10 12 1 1 8 1 8 1 8 1 8 1 8 1 8 1 10 100 12 1 1 1 8 1 8 1 8 1 10 12 10 12 1 1 1 1 1 1 1 1 1 1 1 1 1 1 1 1 1 1 1 1 1 1 1 1 1 1 1 1 1 1 1 1 1 1 1 1 1 1 1 1 1 1 1 1 1 1 1 1 1 1 1 1
staticfield jdk/internal/reflect/UnsafeFieldAccessorImpl unsafe Ljdk/internal/misc/Unsafe; jdk/internal/misc/Unsafe
ciInstanceKlass jdk/internal/reflect/NativeConstructorAccessorImpl 1 1 126 10 7 12 1 1 1 9 7 12 1 1 1 9 12 1 1 10 7 12 1 1 1 10 7 12 1 1 1 10 7 12 1 1 1 9 12 1 9 12 1 1 9 12 1 1 10 7 12 1 1 1 7 1 10 10 12 1 1 10 12 1 10 12 1 10 12 1 1 9 12 1 1 10 7 12 1 1 1 100 1 10 12 1 1 10 12 1 1 8 10 12 1 1 1 1 1 1 1 1 1 1 1 1 1 1 1 1 1 1 1 1 1 1 100 1 100 1 100 1 1 1 1 1 1 1
staticfield jdk/internal/reflect/NativeConstructorAccessorImpl U Ljdk/internal/misc/Unsafe; jdk/internal/misc/Unsafe
staticfield jdk/internal/reflect/NativeConstructorAccessorImpl GENERATED_OFFSET J 16
ciInstanceKlass java/lang/invoke/ConstantCallSite 1 1 65 10 7 12 1 1 1 9 7 12 1 1 1 9 12 1 1 10 7 12 1 1 1 10 12 1 100 1 10 12 9 12 1 1 100 1 10 10 12 1 1 10 12 1 1 1 1 1 1 1 1 1 1 1 1 1 100 1 1 1 1 1 1 1 1
staticfield java/lang/invoke/ConstantCallSite UNSAFE Ljdk/internal/misc/Unsafe; jdk/internal/misc/Unsafe
ciInstanceKlass java/lang/invoke/MutableCallSite 0 0 63 10 100 12 1 1 1 10 12 1 9 100 12 1 1 1 10 12 1 10 12 1 1 9 12 1 1 10 100 12 1 1 1 10 100 12 1 1 1 10 12 1 1 1 1 1 1 1 1 1 1 1 1 1 1 1 1 1 1 100 1 1 1
instanceKlass java/lang/invoke/VarHandleReferences$Array
instanceKlass java/lang/invoke/VarHandleInts$FieldInstanceReadOnly
instanceKlass java/lang/invoke/VarHandleReferences$FieldInstanceReadOnly
ciInstanceKlass java/lang/invoke/VarHandle 1 1 390 10 7 12 1 1 1 10 7 12 1 1 9 12 1 1 9 12 1 1 100 1 10 8 1 10 12 1 1 10 7 12 1 1 1 10 12 1 1 10 100 12 1 1 1 9 100 12 1 1 1 10 12 1 1 10 100 12 1 1 1 10 12 1 1 9 12 1 10 12 1 9 12 1 1 10 100 12 1 1 10 12 1 9 100 12 1 1 1 9 12 1 1 10 12 1 1 100 1 100 1 10 8 1 10 12 1 1 10 12 1 8 1 10 12 1 10 12 1 10 12 1 1 9 100 12 1 1 1 10 12 1 10 12 1 1 10 12 1 10 10 100 12 1 1 1 10 12 1 1 10 12 1 1 10 100 12 1 1 1 10 100 12 1 1 1 10 100 12 1 1 1 9 12 1 1 10 9 12 1 1 10 12 1 10 12 1 10 12 1 1 10 12 1 10 100 12 1 1 1 9 12 1 1 10 12 1 1 9 12 1 10 12 1 10 12 1 10 100 12 1 1 100 1 10 9 7 12 1 1 1 9 12 1 1 10 7 12 1 1 1 10 12 1 10 12 1 10 12 1 10 12 1 10 12 1 10 12 1 1 7 1 10 10 7 12 1 1 1 9 12 1 1 8 10 12 1 1 7 1 10 12 1 1 100 1 1 1 1 1 1 1 1 1 1 1 1 1 1 1 1 1 1 1 1 1 1 1 1 1 1 1 1 1 1 1 1 1 1 1 1 1 1 1 1 1 1 1 1 1 1 1 1 1 1 1 1 1 1 1 1 1 1 1 1 1 1 1 1 1 1 1 1 1 1 1 1 1 1 1 1 1 1 1 1 1 1 1 1 1 1 1 1 1 100 1 100 1 100 1 1 1 1 1 1 1 100 1 1 1
staticfield java/lang/invoke/VarHandle AIOOBE_SUPPLIER Ljava/util/function/BiFunction; jdk/internal/util/Preconditions$1
staticfield java/lang/invoke/VarHandle VFORM_OFFSET J 16
staticfield java/lang/invoke/VarHandle $assertionsDisabled Z 1
ciInstanceKlass java/lang/invoke/MemberName 1 1 757 7 1 7 1 100 1 9 12 1 1 10 7 12 1 1 1 9 12 1 1 10 12 1 1 10 12 1 1 10 12 1 1 10 12 1 10 12 1 1 10 7 12 1 1 1 10 12 1 9 100 12 1 1 10 12 1 100 1 100 1 10 12 1 8 1 10 12 1 1 10 12 1 10 12 1 1 10 12 1 9 12 1 1 8 1 10 100 12 1 1 1 7 1 10 10 12 1 1 100 1 100 1 10 12 1 1 9 12 1 1 100 1 8 1 10 12 1 10 12 1 10 12 1 10 12 1 10 12 1 1 10 12 1 10 12 1 10 12 1 1 10 12 1 1 10 12 1 8 1 8 1 8 1 10 100 12 1 1 1 10 12 1 9 12 1 1 3 10 12 1 10 12 1 10 12 1 10 10 7 12 1 1 1 10 12 1 10 12 1 10 12 1 10 12 1 7 1 8 10 12 1 1 10 12 1 1 8 1 9 100 1 8 9 100 1 10 12 1 1 10 12 1 10 12 1 8 1 10 12 1 1 10 12 1 10 12 1 10 12 1 10 12 1 1 100 1 10 12 1 1 10 12 1 8 1 10 12 1 10 12 1 8 1 10 12 1 1 10 12 1 1 100 1 10 12 1 1 10 12 8 1 8 1 100 1 10 12 1 10 100 12 1 1 1 100 1 10 12 10 12 1 10 12 1 10 12 1 10 12 1 10 10 12 1 10 12 1 10 12 1 3 10 12 1 3 10 12 1 3 3 3 3 3 3 3 100 1 10 12 1 10 7 12 1 1 1 10 12 1 3 9 12 1 10 12 1 1 3 10 12 1 10 10 7 12 1 1 1 10 12 1 1 10 100 1 10 10 12 1 10 12 1 10 12 1 10 10 12 1 1 10 12 1 10 12 1 10 12 1 100 1 10 10 10 12 100 1 10 10 10 12 1 1 10 12 1 1 10 10 12 1 8 10 100 1 10 12 1 10 100 1 10 12 1 10 12 1 10 12 1 10 10 12 1 10 12 1 1 10 12 1 1 10 12 1 10 12 1 10 12 1 100 1 10 12 1 1 100 1 8 1 10 7 1 10 12 1 10 12 10 12 1 1 10 12 1 10 12 1 8 1 8 1 8 1 8 1 10 12 1 10 12 1 10 12 1 1 8 1 8 1 10 12 1 8 1 10 10 12 1 10 12 1 8 1 8 1 10 10 12 1 8 1 10 100 12 1 1 1 8 1 10 12 1 10 12 1 1 10 12 1 8 1 8 1 8 1 8 1 100 1 10 8 1 8 1 8 1 8 1 10 12 1 100 1 100 1 100 1 10 100 1 10 100 1 10 100 12 1 1 1 9 7 12 1 1 1 100 1 100 1 1 1 1 1 1 1 3 1 3 1 3 1 3 1 3 1 3 1 1 1 1 1 1 1 1 3 1 3 1 1 1 1 3 1 1 1 1 1 1 1 1 1 1 1 1 1 1 1 1 1 1 1 1 1 1 1 1 1 1 1 1 1 1 1 1 1 1 1 1 1 1 1 1 1 1 1 1 1 1 1 1 1 1 1 1 1 1 1 1 1 1 1 1 1 1 1 1 1 1 1 1 1 1 1 1 1 1 1 1 1 1 1 1 1 1 1 1 1 1 1 1 1 1 1 1 1 1 1 1 1 1 1 1 1 1 1 1 1 1 100 1 1 1 1 1 1 1 1 1 1 1 1 1 1 1
staticfield java/lang/invoke/MemberName $assertionsDisabled Z 1
ciInstanceKlass java/lang/invoke/ResolvedMethodName 1 1 16 10 100 12 1 1 1 100 1 1 1 1 1 1 1 1
ciInstanceKlass java/lang/StackWalker 0 0 235 9 100 12 1 1 1 10 100 12 1 1 1 100 1 10 100 12 1 1 1 10 12 1 1 11 100 12 1 1 1 10 12 1 1 10 12 1 1 10 12 1 1 100 1 8 1 10 12 1 10 12 1 10 12 1 10 100 12 1 1 9 12 1 1 9 12 1 1 9 12 1 1 9 12 1 1 10 12 1 1 9 12 1 1 10 100 12 1 1 1 11 12 1 1 100 1 8 1 10 10 100 12 1 1 9 12 1 1 10 12 1 1 10 100 12 1 1 1 10 100 12 1 1 1 18 12 1 1 100 1 8 1 10 10 12 1 1 10 100 12 1 1 1 9 100 12 1 1 11 100 12 1 1 1 10 12 1 1 1 1 1 1 1 1 1 1 1 1 1 1 1 1 1 1 1 1 1 1 1 1 1 1 1 1 1 1 1 1 1 1 1 1 1 1 1 1 1 1 1 1 1 1 1 1 1 1 1 100 1 1 15 10 100 12 1 1 1 16 15 10 12 16 1 1 1 1 1 1 1 100 1 100 1 1
ciInstanceKlass java/lang/StackStreamFactory$AbstractStackWalker 1 0 306 100 1 100 1 3 10 100 12 1 1 1 10 100 12 1 1 10 100 12 1 1 1 9 12 1 1 10 12 1 1 9 12 1 1 9 12 1 1 9 12 1 1 9 12 1 9 100 12 1 1 1 10 100 12 1 1 1 10 12 1 1 9 12 1 1 10 100 12 1 1 1 10 12 1 1 9 12 1 1 9 100 12 1 1 1 100 1 10 8 1 10 12 1 1 10 12 1 8 1 10 12 1 1 10 100 12 1 1 1 100 1 8 1 10 12 1 8 1 10 12 9 100 12 1 1 1 10 100 12 1 1 9 12 1 8 1 5 0 8 1 8 1 9 12 1 1 10 12 1 1 10 12 1 1 10 12 1 9 12 1 10 12 1 10 12 1 10 12 1 10 12 1 1 10 12 1 10 12 1 1 8 1 10 12 1 10 12 1 10 12 1 10 12 1 1 8 1 10 12 1 1 10 12 1 1 10 12 1 1 10 12 1 10 12 1 10 100 12 1 1 1 9 12 1 8 1 10 12 1 10 12 1 10 12 1 10 12 1 10 12 1 10 12 1 10 12 1 1 10 12 1 1 10 12 1 1 10 12 1 8 1 1 1 1 1 1 1 1 1 1 1 1 1 1 1 1 1 1 100 1 1 1 1 100 1 1 1 1 1 1 1 1 1 1 1 1 1 1 1 1 1 1 1 1 1
ciInstanceKlass jdk/internal/module/Modules 1 1 504 10 100 12 1 1 1 9 7 12 1 1 1 11 7 12 1 1 1 11 12 1 1 11 12 1 1 11 12 1 1 11 12 1 11 12 1 11 12 1 11 12 1 11 12 1 1 10 100 12 1 1 1 10 100 12 1 1 1 18 12 1 1 10 100 12 1 1 1 100 1 10 100 12 1 1 1 10 100 12 1 1 1 10 100 12 1 1 10 12 1 1 11 12 1 9 12 1 1 11 100 12 1 1 1 10 12 1 1 10 10 12 1 10 9 12 1 1 10 100 12 1 1 10 12 1 1 10 100 12 1 1 100 1 11 100 12 1 1 1 10 100 12 1 1 1 11 100 12 1 1 10 12 1 1 10 100 12 1 1 10 100 12 1 1 1 10 12 1 1 10 12 1 1 11 12 1 1 18 12 1 1 11 100 12 1 1 10 100 12 1 1 1 11 100 12 1 1 1 100 1 11 12 1 1 11 100 12 1 1 1 11 12 1 1 10 12 1 1 10 100 12 1 1 18 12 1 1 11 12 1 1 18 12 1 1 11 12 1 1 10 12 1 18 18 10 12 1 1 9 12 1 1 11 100 12 1 1 1 100 1 10 11 12 1 11 12 1 1 11 12 1 1 10 100 1 10 12 1 1 10 100 12 1 1 10 12 1 1 11 12 10 12 1 1 100 1 10 18 12 1 10 12 1 1 100 1 8 1 10 12 1 10 100 12 1 1 18 12 1 11 11 12 10 12 1 10 10 100 1 18 12 1 10 10 10 7 12 1 1 10 7 12 1 1 1 10 12 1 1 1 1 1 1 1 1 1 1 1 1 1 1 1 1 1 1 1 1 1 1 1 1 1 1 1 1 1 1 1 1 1 100 1 1 1 1 1 1 1 1 1 1 1 1 1 1 1 1 1 1 1 1 1 1 1 1 1 1 1 1 1 1 1 1 1 1 1 100 1 1 1 1 1 1 1 1 1 1 1 1 1 1 1 1 1 1 1 1 1 1 1 15 10 100 12 1 1 1 16 15 10 12 1 16 16 15 10 12 1 16 1 16 1 15 10 12 1 16 1 16 1 15 10 12 16 1 15 10 16 1 15 10 12 16 1 15 10 12 16 15 10 12 16 15 10 12 1 1 1 100 1 100 1 1
staticfield jdk/internal/module/Modules JLA Ljdk/internal/access/JavaLangAccess; java/lang/System$2
staticfield jdk/internal/module/Modules JLMA Ljdk/internal/access/JavaLangModuleAccess; java/lang/module/ModuleDescriptor$1
staticfield jdk/internal/module/Modules $assertionsDisabled Z 1
ciInstanceKlass java/util/function/BiFunction 1 1 65 10 100 12 1 1 1 18 12 1 1 11 100 12 1 1 11 100 12 1 100 1 1 1 1 1 1 1 1 1 1 1 1 1 1 1 1 1 1 1 1 1 1 1 1 1 1 1 15 10 100 12 1 1 1 16 15 11 12 1 100 1 100 1 1
ciInstanceKlass java/util/ListIterator 1 0 27 100 1 100 1 100 1 1 1 1 1 1 1 1 1 1 1 1 1 1 1 1 1 1 1 1 1
ciMethod jdk/internal/util/Preconditions checkIndex (IILjava/util/function/BiFunction;)I 514 0 777335 0 -1
ciMethod java/util/AbstractList <init> ()V 72 0 695048 0 64
ciMethod java/util/List get (I)Ljava/lang/Object; 0 0 1 0 -1
ciMethod java/util/List addAll (Ljava/util/Collection;)Z 0 0 1 0 -1
ciMethod java/util/Collection addAll (Ljava/util/Collection;)Z 0 0 1 0 -1
ciMethod java/util/Collection iterator ()Ljava/util/Iterator; 0 0 1 0 -1
ciMethod java/util/Collection toArray ()[Ljava/lang/Object; 0 0 1 0 -1
ciMethod java/util/Collection size ()I 0 0 1 0 -1
ciMethod java/util/Collection isEmpty ()Z 0 0 1 0 -1
ciMethod java/util/Collection add (Ljava/lang/Object;)Z 0 0 1 0 -1
ciMethod java/lang/Iterable iterator ()Ljava/util/Iterator; 0 0 1 0 -1
ciMethod java/util/Arrays copyOfRange ([Ljava/lang/Object;IILjava/lang/Class;)[Ljava/lang/Object; 1024 0 11549 0 -1
ciMethod java/util/Arrays copyOfRange ([Ljava/lang/Object;II)[Ljava/lang/Object; 1024 0 11407 0 0
ciMethod java/util/Arrays copyOf ([Ljava/lang/Object;I)[Ljava/lang/Object; 38 0 12898 0 0
ciMethod java/util/Arrays copyOf ([Ljava/lang/Object;ILjava/lang/Class;)[Ljava/lang/Object; 164 0 7409 0 -1
ciMethod java/lang/Math max (II)I 518 0 116685 0 -1
ciMethod java/util/ArrayList addAll (Ljava/util/Collection;)Z 0 0 10126 0 2048
ciMethod java/util/ArrayList isEmpty ()Z 1024 0 34783 0 96
ciMethod java/util/ArrayList get (I)Ljava/lang/Object; 514 0 767515 0 192
ciMethod java/util/ArrayList <init> ()V 58 0 643005 0 256
ciMethod java/util/ArrayList elementData (I)Ljava/lang/Object; 514 0 769104 0 0
ciMethod java/util/ArrayList grow (I)[Ljava/lang/Object; 94 0 8980 0 1536
ciMethod java/lang/Enum ordinal ()I 258 0 129 0 0
ciMethod java/util/Iterator hasNext ()Z 0 0 1 0 -1
ciMethod java/util/Iterator next ()Ljava/lang/Object; 0 0 1 0 -1
ciMethod java/lang/Object getClass ()Ljava/lang/Class; 256 0 128 0 -1
ciMethod java/lang/Object <init> ()V 516 0 2585609 0 64
ciInstanceKlass kotlin/jvm/internal/Intrinsics 1 1 278 10 7 10 10 10 10 10 10 100 10 10 10 100 10 10 100 10 8 8 10 100 10 10 100 10 10 100 10 10 8 8 8 8 10 10 10 10 10 100 10 10 10 10 8 8 10 10 10 8 10 100 10 10 10 10 100 8 8 10 8 10 10 10 100 10 7 100 1 1 1 1 1 1 1 1 1 1 1 1 1 1 1 1 1 1 1 1 1 1 1 1 1 1 1 1 1 1 1 1 1 1 1 1 1 1 1 1 1 1 1 1 1 1 1 1 1 1 1 1 1 1 1 1 1 1 100 1 1 1 1 1 1 1 1 1 1 1 1 1 1 1 1 1 1 1 1 1 1 1 1 1 1 1 1 1 1 1 1 1 100 1 1 1 1 1 1 1 1 1 1 1 1 1 1 1 1 1 100 1 1 1 12 1 12 12 12 12 12 1 12 12 1 1 1 1 12 1 12 1 1 1 1 1 1 12 12 12 100 12 12 1 100 12 100 12 100 12 12 1 1 100 12 100 12 1 12 1 12 12 12 1 1 1 12 1 12 100 100 12 12 1 1 1 1 1 1 1 1 1 1 1 1 1 1 1 1 1 1 1 1 1 1 1 1 1 1 1 1 1 1 1 1 1 1 1 1 1
ciInstanceKlass kotlin/jvm/functions/Function0 1 0 30 1 100 1 1 100 1 100 1 1 1 1 1 3 3 1 3 1 3 1 1 1 1 1 1 1 1 1 1 1
ciInstanceKlass kotlin/Lazy 1 0 31 1 100 1 1 100 1 1 1 1 1 1 1 3 3 1 3 1 3 1 1 1 1 1 1 1 1 1 1 1 1
ciInstanceKlass kotlin/UNINITIALIZED_VALUE 1 1 37 1 7 1 7 1 1 12 10 1 1 1 10 1 12 9 1 1 1 3 3 1 3 1 3 1 1 1 1 1 1 1 1 1 1 1 1
staticfield kotlin/UNINITIALIZED_VALUE INSTANCE Lkotlin/UNINITIALIZED_VALUE; kotlin/UNINITIALIZED_VALUE
instanceKlass kotlin/text/MatcherMatchResult$groupValues$1
instanceKlass kotlin/collections/ReversedListReadOnly
instanceKlass org/jetbrains/kotlin/kotlinx/collections/immutable/implementations/immutableList/AbstractPersistentList
instanceKlass kotlin/enums/EnumEntriesList
ciInstanceKlass kotlin/collections/AbstractList 1 1 188 1 7 1 1 7 1 100 1 100 1 1 12 10 1 1 1 1 1 1 1 1 1 1 1 1 7 1 12 10 1 7 1 1 12 11 1 1 12 11 1 1 12 11 1 100 1 1 12 10 1 1 1 1 1 1 1 1 1 1 1 100 1 1 12 11 1 1 12 11 1 100 1 12 11 1 12 11 1 12 11 1 1 1 1 1 1 1 1 100 1 12 10 1 1 1 1 1 1 100 1 12 10 1 1 1 1 1 1 1 12 9 1 100 1 7 1 1 12 10 1 1 1 1 12 10 1 1 1 1 100 1 8 1 12 10 1 1 1 1 1 1 1 1 1 1 1 12 10 1 3 1 1 1 1 1 3 3 1 3 1 3 1 1 1 1 1 1 1 1 1 1 1 1 1 1 1 1 1 1 1 1 1 1 1 1 1 1
staticfield kotlin/collections/AbstractList Companion Lkotlin/collections/AbstractList$Companion; kotlin/collections/AbstractList$Companion
ciInstanceKlass kotlin/collections/AbstractList$Companion 1 1 156 1 7 1 7 1 1 12 10 1 1 1 1 1 100 1 100 10 1 8 1 1 12 10 1 12 10 1 8 1 1 12 10 1 12 10 1 1 1 1 1 1 1 8 1 8 1 100 1 8 10 1 1 1 1 8 1 8 1 8 1 1 1 1 3 3 1 1 1 1 1 1 1 1 8 1 100 1 1 12 10 1 100 1 1 12 11 1 100 1 1 12 11 1 1 12 11 1 1 12 10 1 1 1 1 1 1 1 8 12 11 1 1 12 10 1 1 1 1 1 10 1 1 1 1 3 3 1 3 1 3 1 1 1 1 1 1 1 1 1 1 1 1 1 100 1 1 1 1 1 1 1 1 1 1 1
instanceKlass kotlin/collections/CollectionsKt__CollectionsKt
ciInstanceKlass kotlin/collections/CollectionsKt__CollectionsJVMKt 1 1 226 1 100 1 7 1 1 1 1 1 7 1 12 10 1 8 1 7 1 1 12 10 1 1 1 1 1 1 1 8 1 12 10 1 100 1 100 1 1 12 10 1 1 12 10 1 1 1 1 1 1 1 1 1 1 8 1 1 12 10 1 100 1 1 12 11 1 1 12 10 1 1 1 1 12 10 1 1 1 1 7 1 12 10 1 7 1 1 12 10 1 1 8 12 10 1 1 1 1 1 1 12 10 1 8 1 1 1 1 1 1 1 12 10 1 1 12 10 1 1 1 1 1 1 1 8 1 12 10 1 1 1 1 1 1 1 8 1 100 1 12 10 1 1 1 1 8 12 10 1 1 1 1 1 1 1 1 1 12 10 7 1 1 12 10 1 7 1 1 12 10 1 8 1 1 1 1 1 1 1 12 10 1 1 1 12 10 1 12 10 1 1 1 1 3 3 1 3 1 3 1 1 1 1 1 1 1 1 1 1 1 1 1 1 1 1 1 1 1 1 1 1 1 1 1 1
instanceKlass kotlin/collections/CollectionsKt__ReversedViewsKt
ciInstanceKlass kotlin/collections/CollectionsKt__MutableCollectionsKt 1 1 294 1 100 1 100 1 1 1 1 1 1 8 1 7 1 1 12 10 1 100 1 1 12 10 1 7 1 12 11 1 1 1 1 1 1 1 1 8 1 12 11 1 1 12 11 1 1 1 1 1 12 11 1 1 1 1 7 1 1 12 10 1 1 1 1 12 10 1 1 1 1 12 10 1 1 1 12 10 12 10 12 10 1 1 12 11 1 100 1 1 12 11 1 7 1 1 12 11 1 1 12 11 1 1 1 1 1 1 7 11 1 1 7 1 1 12 10 1 1 1 1 1 12 10 1 12 10 1 100 1 12 10 1 12 11 1 1 1 7 1 12 10 1 1 1 12 11 1 1 1 1 8 1 1 12 10 1 1 1 100 1 1 12 11 1 100 1 12 10 12 11 1 1 1 1 1 1 1 1 1 1 1 1 1 1 1 1 1 1 1 1 12 11 1 1 1 1 1 1 1 11 1 100 1 8 1 1 12 10 1 1 1 1 1 100 1 1 1 12 10 1 1 1 1 1 1 12 10 1 1 100 1 8 1 12 10 1 1 12 10 1 12 11 1 1 12 11 1 1 12 11 1 1 1 12 10 1 1 1 1 3 3 1 3 1 3 1 1 1 1 1 1 1 1 1 1 1 100 1 100 1 1 1 1 1 1 1 1 1 1 1 1 1 1
ciInstanceKlass kotlin/collections/CollectionsKt 0 0 33 1 100 1 100 1 1 12 10 1 1 1 1 3 3 1 3 1 3 1 1 1 1 1 1 1 1 1 1 1 1 1 1
ciInstanceKlass kotlin/collections/EmptyList 1 1 194 1 7 1 7 1 100 1 100 1 100 1 100 1 1 12 10 1 1 1 1 1 1 1 12 11 1 1 1 1 1 1 1 1 8 1 1 1 1 8 1 7 1 1 12 10 1 1 1 1 8 1 7 11 1 1 1 1 100 1 100 10 1 8 1 1 12 10 1 12 10 1 12 10 12 10 1 12 10 1 1 1 1 1 1 1 1 7 1 1 12 9 1 7 1 1 1 7 1 1 8 1 1 1 8 1 8 1 1 1 1 12 9 1 1 100 1 8 10 1 1 1 1 1 1 1 1 1 1 1 12 10 1 100 12 10 12 10 1 12 10 12 10 1 1 1 1 1 1 8 1 7 1 12 10 1 1 1 12 10 1 10 1 1 5 0 1 1 3 3 1 3 1 3 1 1 1 1 1 1 1 1 1 1 1 1 1 1 1 1 1 1 1 1
staticfield kotlin/collections/EmptyList INSTANCE Lkotlin/collections/EmptyList; kotlin/collections/EmptyList
instanceKlass kotlin/collections/ArraysKt__ArraysKt
ciInstanceKlass kotlin/collections/ArraysKt__ArraysJVMKt 1 1 156 1 100 1 100 1 1 1 1 8 1 100 1 1 12 10 1 1 1 1 100 1 1 1 1 8 1 1 12 10 1 8 1 100 1 1 12 10 1 1 1 1 1 1 1 100 1 8 1 12 11 1 1 1 1 1 1 1 1 1 8 1 1 12 10 1 100 1 12 10 1 100 1 1 12 10 1 8 1 12 10 1 1 1 1 1 1 1 100 1 100 1 12 10 1 8 1 1 12 10 1 12 10 1 8 1 8 1 12 10 1 12 10 1 1 1 1 1 1 1 1 1 100 1 12 10 1 10 1 1 1 1 3 3 1 3 1 3 1 1 1 1 1 1 1 1 1 1 1 1 1 1 1 1 1 1
instanceKlass kotlin/collections/ArraysKt___ArraysKt
ciInstanceKlass kotlin/collections/ArraysKt___ArraysJvmKt 1 1 1183 1 100 1 100 1 1 1 1 1 8 1 7 1 1 12 10 1 1 1 1 1 1 1 1 1 1 1 1 1 1 1 1 1 1 1 1 1 1 1 1 1 8 1 100 1 1 12 10 1 100 1 7 1 1 12 10 1 100 1 1 1 1 8 1 100 1 1 12 10 1 12 11 1 1 1 1 1 100 1 1 1 1 7 12 10 1 8 1 12 10 1 1 1 1 100 1 12 10 1 1 1 100 1 12 10 1 1 1 100 1 12 10 1 1 1 100 1 12 10 1 1 1 100 1 12 10 1 1 1 100 1 12 10 1 1 1 100 1 12 10 1 1 1 100 1 12 10 1 1 1 1 8 1 7 1 12 10 1 1 1 1 1 1 12 10 1 1 1 12 10 1 12 10 1 1 12 10 1 1 12 10 1 1 12 10 1 1 12 10 1 12 10 1 10 1 1 12 10 1 1 12 10 1 1 12 10 1 1 12 10 1 1 12 10 1 1 12 10 1 1 12 10 1 1 12 10 1 1 1 1 1 1 1 1 1 1 8 1 12 10 1 1 1 1 1 1 1 12 10 1 1 1 1 1 1 12 10 1 1 1 1 12 10 1 1 12 10 1 12 10 1 12 10 1 12 10 1 12 10 1 12 10 1 12 10 1 12 10 1 1 12 10 1 1 12 10 1 12 10 1 12 10 1 12 10 1 12 10 1 12 10 1 12 10 1 12 10 1 1 12 10 1 8 1 1 12 10 1 12 10 1 12 10 1 12 10 1 12 10 1 12 10 1 12 10 1 12 10 1 1 1 1 1 7 1 1 12 10 1 1 1 1 1 1 12 10 1 1 12 10 1 1 12 10 1 1 12 10 1 1 12 10 1 1 12 10 1 1 12 10 1 1 12 10 1 1 12 10 1 1 1 1 12 10 1 8 1 1 1 12 10 1 1 12 10 1 1 12 10 1 1 12 10 1 1 12 10 1 1 12 10 1 1 12 10 1 1 12 10 1 1 1 1 1 1 12 10 1 1 12 10 1 12 10 1 12 10 1 12 10 1 12 10 1 12 10 1 12 10 1 12 10 1 1 1 12 10 10 1 8 1 10 10 10 10 10 10 10 10 1 1 1 1 12 10 1 1 1 12 10 1 1 12 10 1 12 10 1 1 12 10 1 12 10 1 12 10 1 10 1 1 12 10 1 12 10 1 1 12 10 1 12 10 1 1 12 10 1 12 10 1 1 12 10 1 1 12 10 1 1 12 10 1 12 10 1 1 1 1 1 12 10 1 1 1 1 1 1 1 1 1 1 1 1 8 1 1 12 11 1 1 12 11 1 100 1 1 12 11 1 1 12 11 100 1 1 1 100 1 1 12 10 100 1 1 1 1 12 10 100 1 1 1 12 10 100 1 1 1 1 12 10 100 1 1 1 1 12 10 100 1 1 1 1 12 10 100 1 1 1 100 1 12 10 100 1 1 1 100 1 1 12 10 100 1 1 1 1 1 1 1 1 1 1 1 1 1 12 10 1 1 12 10 1 12 10 12 10 12 10 12 10 12 10 12 10 1 1 1 12 10 1 1 10 1 1 1 12 10 1 1 12 10 1 12 10 1 10 1 12 10 1 10 1 12 10 1 10 1 12 10 1 10 1 12 10 1 10 1 12 10 1 10 1 12 10 1 10 1 1 10 1 1 1 12 10 1 1 1 1 12 10 1 1 12 10 1 1 1 100 1 1 12 10 1 1 100 1 1 100 1 12 10 1 100 1 1 100 1 12 10 1 100 1 1 100 1 12 10 1 100 1 1 100 1 12 10 1 100 1 1 100 1 12 10 1 100 1 1 12 10 1 100 1 1 12 10 1 100 1 1 1 1 100 10 1 1 12 10 1 100 1 1 1 1 12 10 1 1 1 12 10 1 1 1 12 10 1 1 1 12 10 1 1 1 12 10 1 1 1 12 10 1 1 1 12 10 1 1 1 12 10 1 1 1 12 10 1 1 1 1 1 1 1 1 1 1 1 1 1 1 1 1 1 12 10 1 1 12 10 1 12 10 1 12 10 1 12 10 1 12 10 1 12 10 1 12 10 1 12 10 1 12 10 1 1 1 1 1 1 8 1 12 10 1 100 1 1 12 11 1 100 1 1 12 11 1 1 1 1 1 1 1 1 1 1 1 1 1 1 12 10 1 1 12 10 1 1 12 10 1 1 12 10 1 1 12 10 1 1 12 10 1 1 12 10 1 1 12 10 1 1 1 1 1 12 10 1 1 12 10 1 12 10 1 12 10 1 12 10 1 12 10 1 12 10 1 12 10 1 12 10 1 1 1 1 12 10 1 12 10 12 10 12 10 12 10 12 10 12 10 12 10 12 10 12 10 1 1 1 1 1 1 1 1 1 1 1 1 1 12 10 1 12 10 12 10 12 10 12 10 12 10 12 10 12 10 12 10 1 1 1 1 1 100 1 12 10 1 8 1 12 10 1 8 1 1 1 1 1 1 1 1 1 1 1 1 1 1 1 1 1 1 1 1 1 1 1 100 1 12 10 1 12 10 1 1 1 1 1 1 1 1 1 1 1 1 1 1 1 1 1 10 1 1 1 1 3 3 1 3 1 3 1 1 1 1 1 1 1 1 1 1 1 1 1 1 1 1 1 1 1 1 1 1 1 1 1 1 1 1 1
ciInstanceKlass kotlin/collections/ArraysKt 0 0 27 1 100 1 100 1 1 12 10 1 1 1 1 3 3 1 3 1 3 1 1 1 1 1 1 1 1
ciInstanceKlass kotlin/collections/builders/ListBuilderKt 1 1 163 1 100 1 7 1 1 1 1 1 8 1 100 1 1 12 10 1 1 12 10 1 1 1 1 1 1 1 100 1 12 10 1 8 1 1 12 10 1 8 1 8 1 12 10 1 8 10 1 8 1 7 1 1 12 10 1 1 1 1 1 1 1 1 1 1 1 1 1 1 1 1 12 10 1 1 100 1 1 1 1 100 12 11 1 1 12 11 1 1 12 10 1 1 1 1 1 1 1 8 1 12 10 1 7 1 12 10 1 8 1 1 1 1 1 1 1 1 1 1 12 10 1 1 1 1 12 10 1 1 12 10 1 12 10 1 1 3 3 1 1 3 1 1 1 1 1 1 1 1 1 1 1 1 1 1 1 1 1 1 1 1 1
ciInstanceKlass org/jetbrains/kotlin/name/Name 1 1 157 1 7 1 1 7 1 100 1 1 1 1 1 1 1 1 1 1 12 10 1 12 10 12 9 12 9 1 1 1 1 1 7 1 1 100 1 100 10 1 8 1 1 12 10 1 12 10 1 12 10 1 12 10 12 10 1 1 1 12 10 1 1 12 10 1 1 12 10 1 1 1 12 10 1 1 1 12 10 1 1 1 12 10 1 8 1 12 10 1 1 12 10 1 1 1 1 1 1 12 10 12 10 1 100 1 8 10 1 12 10 1 1 1 12 10 1 1 1 1 12 10 1 1 12 10 1 8 1 8 1 100 8 8 8 8 8 8 8 8 8 8 8 1 1 12 10 1 100 1 1 1 1 1 1 1 1
ciInstanceKlass org/jetbrains/kotlin/name/ClassId 1 1 244 1 7 1 7 1 1 1 3 3 1 3 1 3 1 1 1 1 1 1 1 1 1 1 1 1 1 1 1 1 1 1 1 1 1 1 1 1 1 1 1 1 1 1 1 1 1 1 1 1 1 1 1 1 1 1 1 1 1 1 1 1 1 1 7 1 7 1 7 1 1 1 8 1 7 1 1 12 10 8 1 12 10 12 9 12 9 12 9 1 12 10 1 7 1 12 9 1 7 10 1 8 1 1 12 10 1 12 10 1 8 8 1 100 1 12 10 1 100 1 12 10 1 1 1 8 1 12 9 1 1 12 10 12 10 1 12 10 1 12 10 1 1 1 1 12 10 1 1 8 1 12 10 12 10 1 12 10 1 12 10 1 8 12 10 1 1 12 10 1 100 1 1 12 10 1 8 1 1 1 1 8 1 1 10 1 1 1 12 10 1 12 10 1 7 1 12 10 1 1 1 1 12 10 1 1 100 1 1 12 10 1 1 1 1 1 12 9 12 10 1 1 1 1 12 10 1 1 12 10 1 1 12 10 1 1 1 1 1 1 1 1 1 1
staticfield org/jetbrains/kotlin/name/ClassId Companion Lorg/jetbrains/kotlin/name/ClassId$Companion; org/jetbrains/kotlin/name/ClassId$Companion
ciInstanceKlass org/jetbrains/kotlin/config/MavenComparableVersion$ListItem 1 1 118 1 7 1 1 7 1 7 1 1 100 1 1 1 100 1 1 12 10 1 1 1 1 1 1 1 12 10 1 1 1 12 10 12 11 1 12 10 1 1 1 1 1 1 12 11 12 11 1 1 12 10 1 7 1 12 11 1 1 12 11 1 100 1 7 10 1 8 1 1 12 10 1 100 1 1 12 10 1 12 10 1 1 12 10 1 12 10 1 1 1 1 1 1 1 1 1 1 12 10 1 12 10 1 1 1 1 10 1 1 1 1 1 1 1 1 1 1
ciInstanceKlass kotlin/jvm/internal/DefaultConstructorMarker 1 1 16 10 100 100 1 1 1 1 1 1 1 1 1 12 1 1
ciInstanceKlass kotlin/jvm/internal/CollectionToArray 1 1 182 1 7 1 7 1 1 1 1 1 1 1 1 1 1 1 1 1 1 1 8 1 7 1 1 12 10 1 7 1 1 12 11 1 1 12 9 1 1 12 11 1 7 1 1 12 11 1 1 12 11 3 1 100 1 1 12 10 1 100 1 1 12 10 1 8 1 12 10 1 1 1 1 1 1 1 1 1 1 1 1 1 1 100 1 1 1 1 100 10 1 1 12 10 1 100 1 12 10 1 100 1 1 12 10 1 8 1 12 10 1 1 1 1 1 1 1 1 100 1 12 11 1 100 1 1 12 10 1 100 1 12 11 1 100 1 12 11 1 1 1 1 1 1 1 1 1 1 1 1 1 1 3 3 1 1 3 1 1 1 1 1 1 1 1 1 1 1 1 1 1 1 1 1 1 1 1 1 1 1 1 1
staticfield kotlin/jvm/internal/CollectionToArray EMPTY [Ljava/lang/Object; 0 [Ljava/lang/Object;
instanceKlass org/jetbrains/kotlin/utils/exceptions/KotlinIllegalStateExceptionWithAttachments
instanceKlass org/jetbrains/kotlin/fir/symbols/FirLazyResolveForbiddenException
instanceKlass java/util/concurrent/CancellationException
instanceKlass org/jetbrains/kotlin/resolve/jvm/modules/JavaModuleInfo$FileReadingException
ciInstanceKlass java/lang/IllegalStateException 0 0 35 10 100 12 1 1 1 10 12 1 10 12 1 10 12 1 100 1 1 1 1 5 0 1 1 1 1 1 1 1 1 1 1 1 1
ciInstanceKlass java/lang/UnsupportedOperationException 0 0 34 10 100 12 1 1 1 10 12 1 10 12 1 10 12 1 100 1 1 1 1 5 0 1 1 1 1 1 1 1 1 1 1 1
instanceKlass java/lang/ArrayIndexOutOfBoundsException
ciInstanceKlass java/lang/IndexOutOfBoundsException 0 0 49 10 100 12 1 1 1 10 12 1 100 1 10 8 1 10 12 1 1 10 12 1 10 12 1 1 10 12 1 100 1 1 1 1 5 0 1 1 1 1 1 1 1 1 1 1 1 1 1
ciInstanceKlass java/util/NoSuchElementException 0 0 34 10 100 12 1 1 1 10 12 1 10 12 1 10 12 1 100 1 1 1 1 5 0 1 1 1 1 1 1 1 1 1 1 1
ciInstanceKlass java/util/ConcurrentModificationException 0 0 34 10 100 12 1 1 1 10 12 1 10 12 1 10 12 1 100 1 1 1 1 5 0 1 1 1 1 1 1 1 1 1 1 1
ciInstanceKlass kotlin/collections/EmptyIterator 1 1 73 1 7 1 7 1 100 1 100 1 1 12 10 1 1 1 1 1 1 1 1 1 1 1 1 100 10 1 1 1 100 1 8 1 12 10 1 1 1 1 1 1 12 10 12 10 1 1 1 10 1 12 9 1 1 3 3 1 3 1 3 1 1 1 1 1 1 1 1 1 1 1 1
staticfield kotlin/collections/EmptyIterator INSTANCE Lkotlin/collections/EmptyIterator; kotlin/collections/EmptyIterator
ciInstanceKlass kotlin/UnsafeLazyImpl 1 1 116 1 7 1 1 7 1 100 1 100 1 1 1 1 1 8 1 7 1 1 12 10 1 12 10 1 12 9 1 7 1 1 12 9 1 1 12 9 1 1 1 1 1 1 1 12 10 1 7 1 12 11 1 1 1 1 12 10 12 10 1 100 1 1 12 10 1 8 1 1 100 12 10 1 1 1 100 1 8 1 12 10 1 1 1 1 1 1 3 3 1 3 1 3 1 1 1 1 1 1 1 1 1 1 1 1 1 1 1 1 1 1 1 1 1 1
instanceKlass kotlin/collections/ReversedList
instanceKlass org/jetbrains/kotlin/kotlinx/collections/immutable/implementations/immutableList/PersistentVectorBuilder
instanceKlass kotlin/collections/builders/ListBuilder
ciInstanceKlass kotlin/collections/AbstractMutableList 1 1 62 1 7 1 1 7 1 100 1 100 1 1 12 10 1 1 1 1 1 1 1 1 1 1 1 1 12 10 1 1 1 1 1 12 10 1 1 1 1 1 3 3 1 3 1 3 1 1 1 1 1 1 1 1 1 1 1 1 1 1 1 1
ciInstanceKlass kotlin/collections/builders/ListBuilder 1 1 376 1 7 1 1 7 1 7 1 100 1 100 1 100 1 1 1 12 10 1 7 1 1 12 10 1 1 12 9 1 1 1 1 1 12 10 1 1 1 1 1 12 10 1 1 12 9 1 12 9 1 12 9 1 1 1 100 1 7 1 12 10 1 100 1 8 1 12 10 1 1 1 1 1 1 1 1 7 1 1 12 9 1 7 1 1 12 10 1 1 1 1 1 1 1 1 1 1 7 1 1 12 10 1 1 1 1 1 1 1 12 10 1 7 1 1 1 1 12 10 1 7 1 12 10 1 7 1 1 1 1 1 12 10 1 1 1 1 1 8 1 1 12 10 1 12 11 1 1 12 10 1 1 1 1 1 1 12 10 1 1 12 10 1 12 10 12 10 1 1 1 1 12 10 1 1 1 1 1 1 12 10 1 100 1 12 10 1 1 1 1 1 1 8 1 100 1 1 12 10 1 100 1 1 12 10 1 8 1 12 10 1 7 1 1 12 10 1 100 1 1 12 10 1 1 12 10 1 1 1 1 12 10 1 1 1 1 12 10 1 1 1 1 12 10 1 1 12 9 1 100 10 1 1 12 10 1 100 10 1 1 12 10 1 1 12 10 1 1 1 1 1 12 10 1 1 12 10 12 10 12 10 1 12 11 1 12 11 1 1 1 1 1 12 10 1 1 12 10 1 1 1 1 12 11 1 1 100 12 10 1 1 1 1 1 1 1 1 1 1 1 1 1 1 1 1 1 1 1 1 7 1 12 10 1 12 9 1 1 1 1 3 3 1 3 1 3 1 1 1 1 1 1 1 1 1 1 1 1 1 1 1 1 1 1 1 1 1 1 1 1 1 1 1 1 1
staticfield kotlin/collections/builders/ListBuilder Companion Lkotlin/collections/builders/ListBuilder$Companion; kotlin/collections/builders/ListBuilder$Companion
staticfield kotlin/collections/builders/ListBuilder Empty Lkotlin/collections/builders/ListBuilder; kotlin/collections/builders/ListBuilder
instanceKlass org/jetbrains/kotlin/fir/declarations/FirAnonymousInitializer
instanceKlass org/jetbrains/kotlin/fir/declarations/FirTypeParameter
instanceKlass org/jetbrains/kotlin/fir/declarations/FirFile
instanceKlass org/jetbrains/kotlin/fir/declarations/FirReceiverParameter
instanceKlass org/jetbrains/kotlin/fir/declarations/FirMemberDeclaration
ciInstanceKlass org/jetbrains/kotlin/fir/declarations/FirDeclaration 1 1 138 1 7 1 7 1 100 1 1 1 3 3 1 3 1 3 1 1 1 1 1 1 1 1 1 1 1 1 1 1 1 1 1 1 1 1 1 1 1 1 1 1 1 1 1 1 1 1 1 1 1 1 1 1 1 1 1 1 1 1 1 1 1 1 1 1 1 1 1 1 1 1 1 1 1 1 12 10 1 1 1 1 1 1 8 1 100 1 1 12 10 1 100 1 1 12 10 1 1 8 1 100 1 1 12 10 1 8 1 12 10 1 100 1 1 1 1 10 1 1 1 1 1 1 1 1 1 1 1 100 1 8 1 1 12 10 1 1
instanceKlass org/jetbrains/kotlin/fir/declarations/FirCallableDeclaration
instanceKlass org/jetbrains/kotlin/fir/declarations/FirClassLikeDeclaration
ciInstanceKlass org/jetbrains/kotlin/fir/declarations/FirMemberDeclaration 1 1 149 1 7 1 7 1 100 1 1 1 3 3 1 3 1 3 1 1 1 1 1 1 1 1 1 1 1 1 1 1 1 1 1 1 1 1 1 1 1 1 1 1 1 1 1 1 1 1 1 1 1 1 1 1 1 1 1 1 1 1 1 1 1 1 1 1 1 1 1 1 1 1 1 1 1 1 1 1 1 1 1 12 10 1 1 1 1 1 1 1 8 1 100 1 1 12 10 1 100 1 1 12 10 1 1 8 1 100 1 1 12 10 1 8 1 12 10 1 100 1 1 1 1 12 10 1 1 1 1 1 1 1 1 1 1 1 100 1 8 1 1 12 10 1 1 1 8 1 1
instanceKlass org/jetbrains/kotlin/fir/FirSourceModuleData
instanceKlass org/jetbrains/kotlin/fir/FirBinaryDependenciesModuleData
ciInstanceKlass org/jetbrains/kotlin/fir/FirModuleData 1 1 121 1 7 1 7 1 100 1 1 1 3 3 1 3 1 3 1 1 1 1 1 1 1 1 1 1 1 1 1 1 1 1 1 1 1 1 1 1 1 1 1 1 1 1 1 1 1 1 1 1 1 1 1 1 1 1 1 1 1 1 1 100 1 100 1 1 12 10 1 1 1 1 12 9 1 12 10 12 9 1 8 1 7 1 1 12 10 1 100 1 100 10 1 8 1 1 12 10 1 12 10 12 10 10 1 12 10 1 8 12 10 1 1 1 1 1 1 1 1 1 1
instanceKlass org/jetbrains/kotlin/util/ComponentArrayOwner
instanceKlass org/jetbrains/kotlin/util/AttributeArrayOwner
ciInstanceKlass org/jetbrains/kotlin/util/AbstractArrayMapOwner 1 1 110 1 7 1 1 7 1 100 1 100 1 1 1 3 3 1 3 1 3 1 1 1 1 1 1 1 1 1 1 1 1 1 1 1 1 1 1 1 1 1 1 1 1 1 1 1 1 1 1 1 1 1 100 12 10 1 1 1 1 1 1 8 1 7 1 1 12 10 8 1 7 1 1 12 11 1 1 12 10 12 10 1 1 1 12 10 1 100 12 10 1 1 1 12 10 1 1 12 10 1 1 1 1 1 1 1 1 1 1 1
instanceKlass org/jetbrains/kotlin/fir/declarations/FirDeclarationAttributes
instanceKlass org/jetbrains/kotlin/fir/types/ConeAttributes
instanceKlass org/jetbrains/kotlin/fir/FirModuleCapabilities
ciInstanceKlass org/jetbrains/kotlin/util/AttributeArrayOwner 1 1 311 1 7 1 1 7 1 1 1 3 3 1 3 1 3 1 1 1 1 1 1 1 1 1 1 1 1 1 1 1 1 1 1 1 1 1 1 1 1 1 1 1 1 1 1 100 1 100 1 1 100 1 7 1 1 1 8 1 7 1 1 12 10 12 10 12 9 1 1 1 7 1 1 12 9 1 8 1 12 10 1 7 12 10 1 1 100 8 8 1 1 12 10 1 7 1 1 12 10 1 1 12 10 1 100 1 100 1 8 1 12 10 1 12 10 1 7 1 12 10 1 8 1 8 1 100 1 12 10 1 12 10 10 1 1 12 10 1 1 12 10 10 1 1 1 1 1 1 1 1 1 1 1 1 100 10 1 8 1 1 12 10 1 12 10 1 8 1 12 10 1 1 12 10 1 8 1 1 12 10 1 12 10 1 1 12 10 1 8 1 100 1 100 1 100 1 1 12 10 1 12 10 1 100 1 1 12 11 1 100 1 1 12 11 1 12 11 1 12 10 1 1 12 11 11 1 100 1 12 10 1 8 1 8 1 1 12 11 1 100 1 8 1 8 1 1 1 1 1 1 1 1 1 1 1 1 1 1 1 1 1 1 1 1 1 1 1 1 1 1 1 1 8 1 12 10 1 1 12 10 1 8 1 12 10 10 1 1 12 10 1 1 12 10 1 12 10 1 12 10 1 1 1 1 1 1 1 1 1 1 1
instanceKlass org/jetbrains/kotlin/util/OneElementArrayMap
instanceKlass org/jetbrains/kotlin/util/ArrayMapImpl
instanceKlass org/jetbrains/kotlin/util/EmptyArrayMap
ciInstanceKlass org/jetbrains/kotlin/util/ArrayMap 1 1 72 1 7 1 1 7 1 100 1 100 1 1 1 3 3 1 3 1 3 1 1 1 1 1 1 1 1 1 1 1 1 1 1 1 1 1 1 1 1 1 1 12 10 1 1 1 1 1 1 1 1 1 1 1 100 1 8 1 12 10 1 10 1 1 1 1 1 1 1 1 1 1
ciInstanceKlass org/jetbrains/kotlin/util/EmptyArrayMap 1 1 82 1 7 1 7 1 1 1 3 3 1 3 1 3 1 1 1 1 1 1 1 1 1 1 1 1 1 1 1 1 1 1 1 100 1 1 1 12 10 1 1 8 1 100 1 1 12 10 1 100 12 10 1 1 1 1 1 1 10 1 100 1 1 100 12 10 1 1 12 10 1 10 12 9 1 1 1 1 1 1 1 1
staticfield org/jetbrains/kotlin/util/EmptyArrayMap INSTANCE Lorg/jetbrains/kotlin/util/EmptyArrayMap; org/jetbrains/kotlin/util/EmptyArrayMap
instanceKlass org/jetbrains/kotlin/fir/symbols/impl/FirAnonymousInitializerSymbol
instanceKlass org/jetbrains/kotlin/fir/symbols/impl/FirReceiverParameterSymbol
instanceKlass org/jetbrains/kotlin/fir/symbols/impl/FirFileSymbol
instanceKlass org/jetbrains/kotlin/fir/symbols/impl/FirClassifierSymbol
instanceKlass org/jetbrains/kotlin/fir/symbols/impl/FirCallableSymbol
ciInstanceKlass org/jetbrains/kotlin/fir/symbols/FirBasedSymbol 1 1 203 1 7 1 1 7 1 100 1 1 1 3 3 1 3 1 3 1 1 1 1 1 1 1 1 1 1 1 1 1 1 1 1 1 1 1 1 1 1 1 1 1 1 1 1 1 1 1 1 1 1 1 1 1 1 1 1 1 1 1 1 1 1 1 1 1 1 1 1 12 10 1 1 1 12 9 1 100 10 1 8 1 1 12 10 1 1 12 10 1 100 1 1 12 10 1 12 10 1 1 12 10 1 8 1 100 1 12 10 1 100 1 100 10 1 8 1 100 1 1 12 10 1 12 10 1 1 12 11 1 100 1 7 1 1 1 1 1 1 1 1 1 1 1 1 1 1 1 1 1 1 1 1 1 1 1 1 1 8 1 7 1 1 12 10 12 10 12 10 12 10 12 10 1 12 10 1 100 1 100 1 12 10 12 10 1 12 10 1 1 12 10 1 1 1 1 1 1 1 1 1 1 1
instanceKlass org/jetbrains/kotlin/fir/symbols/impl/FirVariableSymbol
instanceKlass org/jetbrains/kotlin/fir/symbols/impl/FirFunctionSymbol
ciInstanceKlass org/jetbrains/kotlin/fir/symbols/impl/FirCallableSymbol 1 1 451 1 100 1 1 7 1 100 1 1 1 3 3 1 3 1 3 1 1 1 1 1 1 1 1 1 1 1 1 1 1 1 1 1 1 1 1 1 1 1 1 1 1 1 1 1 1 1 1 1 1 1 1 1 1 1 1 1 1 1 1 1 1 1 1 1 1 1 1 1 1 1 1 1 1 1 1 1 1 1 1 1 1 1 1 1 1 1 1 1 1 1 1 1 1 1 1 12 10 1 1 1 12 10 1 100 12 10 1 12 10 1 12 10 1 1 12 10 1 100 1 1 12 10 1 8 1 100 1 1 12 10 1 100 1 12 10 1 8 1 100 1 1 12 10 1 100 1 1 12 10 1 100 1 1 12 10 1 100 10 12 10 1 12 10 12 10 1 100 1 12 10 12 10 1 100 1 1 12 10 1 100 1 12 10 1 1 12 10 1 100 1 100 1 100 1 1 12 10 1 12 10 1 100 1 1 12 11 1 100 1 1 12 11 1 1 12 11 1 100 1 12 10 1 1 12 11 1 100 1 1 1 1 1 1 1 1 1 1 1 1 1 1 100 1 12 10 1 12 10 1 1 12 10 1 100 1 12 11 1 1 10 1 100 10 1 100 1 1 1 1 1 1 1 1 1 1 1 1 12 10 12 10 1 8 1 12 10 12 10 1 100 1 1 12 9 1 100 1 1 12 10 1 1 12 10 1 100 1 12 10 12 10 1 1 12 10 1 100 1 1 12 10 1 1 12 10 1 100 1 1 12 10 1 100 1 12 10 1 100 1 1 12 10 1 1 12 10 1 1 12 10 1 100 1 12 10 1 12 11 1 100 1 1 12 10 11 12 10 1 100 1 12 11 1 100 1 1 12 9 1 1 12 10 1 100 1 1 1 1 1 1 1 100 1 100 1 12 9 1 12 9 1 1 12 10 12 10 1 8 1 100 10 1 100 1 100 10 1 100 1 12 11 1 1 12 10 1 12 10 12 10 1 1 10 1 8 1 12 10 1 1 1 1 1 1 1 1 1 1 1
instanceKlass org/jetbrains/kotlin/fir/expressions/FirAugmentedAssignment
instanceKlass org/jetbrains/kotlin/fir/FirFunctionTypeParameter
instanceKlass org/jetbrains/kotlin/fir/declarations/FirOuterClassTypeParameterRef
instanceKlass org/jetbrains/kotlin/fir/declarations/FirConstructedClassTypeParameterRef
instanceKlass org/jetbrains/kotlin/fir/expressions/FirCatch
instanceKlass org/jetbrains/kotlin/fir/FirLabel
instanceKlass org/jetbrains/kotlin/fir/expressions/FirLoop
instanceKlass org/jetbrains/kotlin/fir/expressions/FirWhenBranch
instanceKlass org/jetbrains/kotlin/fir/expressions/FirVariableAssignment
instanceKlass org/jetbrains/kotlin/fir/expressions/FirAnnotationArgumentMapping
instanceKlass org/jetbrains/kotlin/fir/expressions/FirArgumentList
instanceKlass org/jetbrains/kotlin/fir/declarations/FirImport
instanceKlass org/jetbrains/kotlin/fir/FirPackageDirective
instanceKlass org/jetbrains/kotlin/fir/types/FirTypeProjection
instanceKlass org/jetbrains/kotlin/fir/references/FirReference
instanceKlass org/jetbrains/kotlin/fir/expressions/FirExpression
instanceKlass org/jetbrains/kotlin/fir/declarations/impl/FirDeclarationStatusImpl
instanceKlass org/jetbrains/kotlin/fir/types/FirTypeRef
instanceKlass org/jetbrains/kotlin/fir/FirElementWithResolveState
ciInstanceKlass org/jetbrains/kotlin/fir/FirPureAbstractElement 1 1 60 1 100 1 7 1 100 1 1 1 3 3 1 3 1 3 1 1 1 1 1 1 1 1 1 1 1 1 1 1 1 1 1 1 1 1 12 10 1 1 1 1 1 1 1 1 1 1 1 1 1 100 1 8 1 1 12 10 1 1
instanceKlass org/jetbrains/kotlin/fir/declarations/FirDeclaration
ciInstanceKlass org/jetbrains/kotlin/fir/FirElementWithResolveState 1 1 107 1 7 1 7 1 100 1 1 1 3 3 1 3 1 3 1 1 1 1 1 1 1 1 1 1 1 1 1 1 1 1 1 1 1 1 1 1 1 1 1 1 1 1 1 1 1 1 1 1 1 1 12 10 1 1 1 12 9 1 100 8 1 7 1 1 12 10 1 8 1 1 12 10 1 1 8 1 100 1 1 12 10 1 1 8 1 100 1 1 12 10 1 8 1 12 10 1 1 1 1 1 1 1 1 1 1
instanceKlass org/jetbrains/kotlin/fir/types/FirUnresolvedTypeRef
instanceKlass org/jetbrains/kotlin/fir/types/FirImplicitTypeRef
instanceKlass org/jetbrains/kotlin/fir/types/FirResolvedTypeRef
ciInstanceKlass org/jetbrains/kotlin/fir/types/FirTypeRef 1 1 111 1 100 1 7 1 100 1 1 1 3 3 1 3 1 3 1 1 1 1 1 1 1 1 1 1 1 1 1 1 1 1 1 1 1 1 1 1 1 1 1 1 1 1 1 1 1 1 1 1 1 1 1 1 12 10 1 1 1 1 1 8 1 100 1 1 12 10 1 100 1 1 12 10 1 1 8 1 100 1 1 12 10 1 8 1 12 10 1 100 1 1 1 1 1 1 1 1 1 1 1 1 100 1 8 1 1 12 10 1 1
instanceKlass org/jetbrains/kotlin/fir/types/FirErrorTypeRef
instanceKlass org/jetbrains/kotlin/fir/types/impl/FirResolvedTypeRefImpl
instanceKlass org/jetbrains/kotlin/fir/types/impl/FirImplicitBuiltinTypeRef
ciInstanceKlass org/jetbrains/kotlin/fir/types/FirResolvedTypeRef 1 1 118 1 100 1 7 1 100 1 1 1 3 3 1 3 1 3 1 1 1 1 1 1 1 1 1 1 1 1 1 1 1 1 1 1 1 1 1 1 1 1 1 1 1 1 1 1 1 1 1 1 1 1 1 1 1 1 1 1 1 1 1 12 10 1 1 1 1 1 8 1 7 1 1 12 10 1 7 1 1 12 10 1 1 8 1 100 1 1 12 10 1 8 1 12 10 1 100 1 1 1 1 1 1 1 1 1 1 1 1 100 1 8 1 1 12 10 1 1
ciInstanceKlass org/jetbrains/kotlin/name/StandardClassIds 1 1 790 1 7 1 7 1 1 1 3 3 1 3 1 3 1 1 1 1 1 1 1 1 1 1 1 1 1 1 1 1 1 1 1 1 1 1 1 1 1 1 1 1 1 1 1 1 1 1 1 1 1 1 1 1 1 1 1 1 1 1 1 1 1 1 1 1 1 1 1 1 1 1 1 1 1 1 1 1 1 1 1 1 1 1 1 1 1 1 1 1 1 1 1 1 1 1 1 1 1 1 1 1 1 1 1 1 1 1 1 1 1 1 1 1 1 1 1 1 1 1 1 1 1 1 1 1 1 1 1 1 1 1 1 1 1 1 1 1 1 1 1 1 1 1 1 1 1 1 1 1 1 1 1 1 1 1 1 1 1 1 1 1 1 1 1 1 1 1 1 1 1 1 1 1 1 1 1 1 1 1 1 1 1 1 1 1 1 1 1 1 1 1 1 1 1 1 1 1 1 1 1 1 1 1 1 1 1 1 1 1 1 1 1 1 1 1 1 1 1 1 1 1 1 1 1 1 1 1 1 1 1 1 1 1 1 1 1 1 1 1 1 1 1 1 1 1 1 1 1 1 1 1 1 1 1 100 1 100 1 100 1 1 1 1 1 1 1 12 10 1 12 9 12 9 12 9 12 9 12 9 12 9 12 9 12 9 12 9 12 9 12 9 12 9 12 9 12 9 12 9 12 9 12 9 12 9 12 9 12 9 12 9 12 9 1 12 9 12 9 12 9 12 9 12 9 12 9 12 9 12 9 12 9 12 9 12 9 12 9 12 9 12 9 12 9 12 9 12 9 12 9 12 9 12 9 12 9 12 9 12 9 12 9 12 9 12 9 12 9 12 9 12 9 12 9 12 9 12 9 12 9 12 9 12 9 12 9 12 9 12 9 12 9 1 8 1 7 1 1 12 10 1 7 1 12 10 1 1 12 10 1 12 9 12 9 1 12 9 12 9 12 9 12 9 12 9 12 9 12 9 1 1 100 10 8 1 1 12 10 1 12 10 1 1 12 10 1 1 8 1 12 10 8 1 8 12 9 12 9 12 9 12 9 12 9 12 9 12 9 12 9 12 9 12 9 12 9 12 9 12 9 12 9 12 9 12 9 12 9 12 9 12 9 12 9 12 9 12 9 12 9 12 9 12 9 12 9 12 9 12 9 12 9 12 9 12 9 12 9 12 9 12 9 12 9 12 9 1 10 12 9 1 7 1 8 1 12 10 1 8 1 7 1 1 12 10 1 8 1 12 10 1 1 12 10 1 8 1 8 1 8 1 8 1 8 1 8 1 8 1 8 1 8 1 8 1 8 1 8 1 8 1 8 1 8 1 8 1 8 1 8 1 8 1 7 1 1 12 10 8 8 8 8 8 8 8 8 8 8 8 8 8 8 1 1 12 10 8 8 8 8 8 8 8 8 8 8 8 8 8 8 8 8 8 1 7 1 7 1 7 1 7 1 1 12 10 1 7 1 1 12 10 1 7 1 1 12 10 1 12 10 1 7 1 1 12 11 1 7 1 1 12 11 1 1 12 11 1 1 12 10 1 1 12 10 1 1 12 11 1 1 12 10 1 1 12 10 1 12 10 8 8 1 12 10 8 8 8 8 8 8 8 8 8 8 8 8 8 8 8 1 8 1 12 10 1 8 8 8 1 12 10 8 8 8 1 12 10 8 8 8 1 12 10 8 1 12 10 8 8 8 1 7 1 7 1 1 12 10 1 1 12 10 8 8 8 1 1 1 1 1 1 1 1 1 1 1 1 1 1 1 1 1 1 1 1 1 1 1 1
staticfield org/jetbrains/kotlin/name/StandardClassIds INSTANCE Lorg/jetbrains/kotlin/name/StandardClassIds; org/jetbrains/kotlin/name/StandardClassIds
staticfield org/jetbrains/kotlin/name/StandardClassIds BASE_KOTLIN_PACKAGE Lorg/jetbrains/kotlin/name/FqName; org/jetbrains/kotlin/name/FqName
staticfield org/jetbrains/kotlin/name/StandardClassIds BASE_REFLECT_PACKAGE Lorg/jetbrains/kotlin/name/FqName; org/jetbrains/kotlin/name/FqName
staticfield org/jetbrains/kotlin/name/StandardClassIds BASE_EXPERIMENTAL_PACKAGE Lorg/jetbrains/kotlin/name/FqName; org/jetbrains/kotlin/name/FqName
staticfield org/jetbrains/kotlin/name/StandardClassIds BASE_COLLECTIONS_PACKAGE Lorg/jetbrains/kotlin/name/FqName; org/jetbrains/kotlin/name/FqName
staticfield org/jetbrains/kotlin/name/StandardClassIds BASE_SEQUENCES_PACKAGE Lorg/jetbrains/kotlin/name/FqName; org/jetbrains/kotlin/name/FqName
staticfield org/jetbrains/kotlin/name/StandardClassIds BASE_RANGES_PACKAGE Lorg/jetbrains/kotlin/name/FqName; org/jetbrains/kotlin/name/FqName
staticfield org/jetbrains/kotlin/name/StandardClassIds BASE_JVM_PACKAGE Lorg/jetbrains/kotlin/name/FqName; org/jetbrains/kotlin/name/FqName
staticfield org/jetbrains/kotlin/name/StandardClassIds BASE_JS_PACKAGE Lorg/jetbrains/kotlin/name/FqName; org/jetbrains/kotlin/name/FqName
staticfield org/jetbrains/kotlin/name/StandardClassIds BASE_ANNOTATIONS_JVM_PACKAGE Lorg/jetbrains/kotlin/name/FqName; org/jetbrains/kotlin/name/FqName
staticfield org/jetbrains/kotlin/name/StandardClassIds BASE_JVM_INTERNAL_PACKAGE Lorg/jetbrains/kotlin/name/FqName; org/jetbrains/kotlin/name/FqName
staticfield org/jetbrains/kotlin/name/StandardClassIds BASE_JVM_FUNCTIONS_PACKAGE Lorg/jetbrains/kotlin/name/FqName; org/jetbrains/kotlin/name/FqName
staticfield org/jetbrains/kotlin/name/StandardClassIds BASE_ANNOTATION_PACKAGE Lorg/jetbrains/kotlin/name/FqName; org/jetbrains/kotlin/name/FqName
staticfield org/jetbrains/kotlin/name/StandardClassIds BASE_INTERNAL_PACKAGE Lorg/jetbrains/kotlin/name/FqName; org/jetbrains/kotlin/name/FqName
staticfield org/jetbrains/kotlin/name/StandardClassIds BASE_INTERNAL_IR_PACKAGE Lorg/jetbrains/kotlin/name/FqName; org/jetbrains/kotlin/name/FqName
staticfield org/jetbrains/kotlin/name/StandardClassIds BASE_COROUTINES_PACKAGE Lorg/jetbrains/kotlin/name/FqName; org/jetbrains/kotlin/name/FqName
staticfield org/jetbrains/kotlin/name/StandardClassIds BASE_COROUTINES_INTRINSICS_PACKAGE Lorg/jetbrains/kotlin/name/FqName; org/jetbrains/kotlin/name/FqName
staticfield org/jetbrains/kotlin/name/StandardClassIds BASE_ENUMS_PACKAGE Lorg/jetbrains/kotlin/name/FqName; org/jetbrains/kotlin/name/FqName
staticfield org/jetbrains/kotlin/name/StandardClassIds BASE_CONTRACTS_PACKAGE Lorg/jetbrains/kotlin/name/FqName; org/jetbrains/kotlin/name/FqName
staticfield org/jetbrains/kotlin/name/StandardClassIds BASE_CONCURRENT_PACKAGE Lorg/jetbrains/kotlin/name/FqName; org/jetbrains/kotlin/name/FqName
staticfield org/jetbrains/kotlin/name/StandardClassIds BASE_CONCURRENT_ATOMICS_PACKAGE Lorg/jetbrains/kotlin/name/FqName; org/jetbrains/kotlin/name/FqName
staticfield org/jetbrains/kotlin/name/StandardClassIds BASE_TEST_PACKAGE Lorg/jetbrains/kotlin/name/FqName; org/jetbrains/kotlin/name/FqName
staticfield org/jetbrains/kotlin/name/StandardClassIds BASE_TEXT_PACKAGE Lorg/jetbrains/kotlin/name/FqName; org/jetbrains/kotlin/name/FqName
staticfield org/jetbrains/kotlin/name/StandardClassIds builtInsPackagesWithDefaultNamedImport Ljava/util/Set; java/util/LinkedHashSet
staticfield org/jetbrains/kotlin/name/StandardClassIds builtInsPackages Ljava/util/Set; java/util/LinkedHashSet
staticfield org/jetbrains/kotlin/name/StandardClassIds Nothing Lorg/jetbrains/kotlin/name/ClassId; org/jetbrains/kotlin/name/ClassId
staticfield org/jetbrains/kotlin/name/StandardClassIds Unit Lorg/jetbrains/kotlin/name/ClassId; org/jetbrains/kotlin/name/ClassId
staticfield org/jetbrains/kotlin/name/StandardClassIds Any Lorg/jetbrains/kotlin/name/ClassId; org/jetbrains/kotlin/name/ClassId
staticfield org/jetbrains/kotlin/name/StandardClassIds Enum Lorg/jetbrains/kotlin/name/ClassId; org/jetbrains/kotlin/name/ClassId
staticfield org/jetbrains/kotlin/name/StandardClassIds Annotation Lorg/jetbrains/kotlin/name/ClassId; org/jetbrains/kotlin/name/ClassId
staticfield org/jetbrains/kotlin/name/StandardClassIds Array Lorg/jetbrains/kotlin/name/ClassId; org/jetbrains/kotlin/name/ClassId
staticfield org/jetbrains/kotlin/name/StandardClassIds Boolean Lorg/jetbrains/kotlin/name/ClassId; org/jetbrains/kotlin/name/ClassId
staticfield org/jetbrains/kotlin/name/StandardClassIds Char Lorg/jetbrains/kotlin/name/ClassId; org/jetbrains/kotlin/name/ClassId
staticfield org/jetbrains/kotlin/name/StandardClassIds Byte Lorg/jetbrains/kotlin/name/ClassId; org/jetbrains/kotlin/name/ClassId
staticfield org/jetbrains/kotlin/name/StandardClassIds Short Lorg/jetbrains/kotlin/name/ClassId; org/jetbrains/kotlin/name/ClassId
staticfield org/jetbrains/kotlin/name/StandardClassIds Int Lorg/jetbrains/kotlin/name/ClassId; org/jetbrains/kotlin/name/ClassId
staticfield org/jetbrains/kotlin/name/StandardClassIds Long Lorg/jetbrains/kotlin/name/ClassId; org/jetbrains/kotlin/name/ClassId
staticfield org/jetbrains/kotlin/name/StandardClassIds Float Lorg/jetbrains/kotlin/name/ClassId; org/jetbrains/kotlin/name/ClassId
staticfield org/jetbrains/kotlin/name/StandardClassIds Double Lorg/jetbrains/kotlin/name/ClassId; org/jetbrains/kotlin/name/ClassId
staticfield org/jetbrains/kotlin/name/StandardClassIds UByte Lorg/jetbrains/kotlin/name/ClassId; org/jetbrains/kotlin/name/ClassId
staticfield org/jetbrains/kotlin/name/StandardClassIds UShort Lorg/jetbrains/kotlin/name/ClassId; org/jetbrains/kotlin/name/ClassId
staticfield org/jetbrains/kotlin/name/StandardClassIds UInt Lorg/jetbrains/kotlin/name/ClassId; org/jetbrains/kotlin/name/ClassId
staticfield org/jetbrains/kotlin/name/StandardClassIds ULong Lorg/jetbrains/kotlin/name/ClassId; org/jetbrains/kotlin/name/ClassId
staticfield org/jetbrains/kotlin/name/StandardClassIds CharSequence Lorg/jetbrains/kotlin/name/ClassId; org/jetbrains/kotlin/name/ClassId
staticfield org/jetbrains/kotlin/name/StandardClassIds String Lorg/jetbrains/kotlin/name/ClassId; org/jetbrains/kotlin/name/ClassId
staticfield org/jetbrains/kotlin/name/StandardClassIds Throwable Lorg/jetbrains/kotlin/name/ClassId; org/jetbrains/kotlin/name/ClassId
staticfield org/jetbrains/kotlin/name/StandardClassIds Cloneable Lorg/jetbrains/kotlin/name/ClassId; org/jetbrains/kotlin/name/ClassId
staticfield org/jetbrains/kotlin/name/StandardClassIds KProperty Lorg/jetbrains/kotlin/name/ClassId; org/jetbrains/kotlin/name/ClassId
staticfield org/jetbrains/kotlin/name/StandardClassIds KMutableProperty Lorg/jetbrains/kotlin/name/ClassId; org/jetbrains/kotlin/name/ClassId
staticfield org/jetbrains/kotlin/name/StandardClassIds KProperty0 Lorg/jetbrains/kotlin/name/ClassId; org/jetbrains/kotlin/name/ClassId
staticfield org/jetbrains/kotlin/name/StandardClassIds KMutableProperty0 Lorg/jetbrains/kotlin/name/ClassId; org/jetbrains/kotlin/name/ClassId
staticfield org/jetbrains/kotlin/name/StandardClassIds KProperty1 Lorg/jetbrains/kotlin/name/ClassId; org/jetbrains/kotlin/name/ClassId
staticfield org/jetbrains/kotlin/name/StandardClassIds KMutableProperty1 Lorg/jetbrains/kotlin/name/ClassId; org/jetbrains/kotlin/name/ClassId
staticfield org/jetbrains/kotlin/name/StandardClassIds KProperty2 Lorg/jetbrains/kotlin/name/ClassId; org/jetbrains/kotlin/name/ClassId
staticfield org/jetbrains/kotlin/name/StandardClassIds KMutableProperty2 Lorg/jetbrains/kotlin/name/ClassId; org/jetbrains/kotlin/name/ClassId
staticfield org/jetbrains/kotlin/name/StandardClassIds KFunction Lorg/jetbrains/kotlin/name/ClassId; org/jetbrains/kotlin/name/ClassId
staticfield org/jetbrains/kotlin/name/StandardClassIds KClass Lorg/jetbrains/kotlin/name/ClassId; org/jetbrains/kotlin/name/ClassId
staticfield org/jetbrains/kotlin/name/StandardClassIds KCallable Lorg/jetbrains/kotlin/name/ClassId; org/jetbrains/kotlin/name/ClassId
staticfield org/jetbrains/kotlin/name/StandardClassIds KType Lorg/jetbrains/kotlin/name/ClassId; org/jetbrains/kotlin/name/ClassId
staticfield org/jetbrains/kotlin/name/StandardClassIds Comparable Lorg/jetbrains/kotlin/name/ClassId; org/jetbrains/kotlin/name/ClassId
staticfield org/jetbrains/kotlin/name/StandardClassIds Number Lorg/jetbrains/kotlin/name/ClassId; org/jetbrains/kotlin/name/ClassId
staticfield org/jetbrains/kotlin/name/StandardClassIds Function Lorg/jetbrains/kotlin/name/ClassId; org/jetbrains/kotlin/name/ClassId
staticfield org/jetbrains/kotlin/name/StandardClassIds primitiveTypes Ljava/util/Set; java/util/LinkedHashSet
staticfield org/jetbrains/kotlin/name/StandardClassIds signedIntegerTypes Ljava/util/Set; java/util/LinkedHashSet
staticfield org/jetbrains/kotlin/name/StandardClassIds primitiveArrayTypeByElementType Ljava/util/Map; java/util/LinkedHashMap
staticfield org/jetbrains/kotlin/name/StandardClassIds elementTypeByPrimitiveArrayType Ljava/util/Map; java/util/LinkedHashMap
staticfield org/jetbrains/kotlin/name/StandardClassIds unsignedTypes Ljava/util/Set; java/util/LinkedHashSet
staticfield org/jetbrains/kotlin/name/StandardClassIds unsignedArrayTypeByElementType Ljava/util/Map; java/util/LinkedHashMap
staticfield org/jetbrains/kotlin/name/StandardClassIds elementTypeByUnsignedArrayType Ljava/util/Map; java/util/LinkedHashMap
staticfield org/jetbrains/kotlin/name/StandardClassIds constantAllowedTypes Ljava/util/Set; java/util/LinkedHashSet
staticfield org/jetbrains/kotlin/name/StandardClassIds Continuation Lorg/jetbrains/kotlin/name/ClassId; org/jetbrains/kotlin/name/ClassId
staticfield org/jetbrains/kotlin/name/StandardClassIds Iterator Lorg/jetbrains/kotlin/name/ClassId; org/jetbrains/kotlin/name/ClassId
staticfield org/jetbrains/kotlin/name/StandardClassIds Iterable Lorg/jetbrains/kotlin/name/ClassId; org/jetbrains/kotlin/name/ClassId
staticfield org/jetbrains/kotlin/name/StandardClassIds Collection Lorg/jetbrains/kotlin/name/ClassId; org/jetbrains/kotlin/name/ClassId
staticfield org/jetbrains/kotlin/name/StandardClassIds List Lorg/jetbrains/kotlin/name/ClassId; org/jetbrains/kotlin/name/ClassId
staticfield org/jetbrains/kotlin/name/StandardClassIds ListIterator Lorg/jetbrains/kotlin/name/ClassId; org/jetbrains/kotlin/name/ClassId
staticfield org/jetbrains/kotlin/name/StandardClassIds Set Lorg/jetbrains/kotlin/name/ClassId; org/jetbrains/kotlin/name/ClassId
staticfield org/jetbrains/kotlin/name/StandardClassIds Map Lorg/jetbrains/kotlin/name/ClassId; org/jetbrains/kotlin/name/ClassId
staticfield org/jetbrains/kotlin/name/StandardClassIds AbstractMap Lorg/jetbrains/kotlin/name/ClassId; org/jetbrains/kotlin/name/ClassId
staticfield org/jetbrains/kotlin/name/StandardClassIds MutableIterator Lorg/jetbrains/kotlin/name/ClassId; org/jetbrains/kotlin/name/ClassId
staticfield org/jetbrains/kotlin/name/StandardClassIds CharIterator Lorg/jetbrains/kotlin/name/ClassId; org/jetbrains/kotlin/name/ClassId
staticfield org/jetbrains/kotlin/name/StandardClassIds MutableIterable Lorg/jetbrains/kotlin/name/ClassId; org/jetbrains/kotlin/name/ClassId
staticfield org/jetbrains/kotlin/name/StandardClassIds MutableCollection Lorg/jetbrains/kotlin/name/ClassId; org/jetbrains/kotlin/name/ClassId
staticfield org/jetbrains/kotlin/name/StandardClassIds MutableList Lorg/jetbrains/kotlin/name/ClassId; org/jetbrains/kotlin/name/ClassId
staticfield org/jetbrains/kotlin/name/StandardClassIds MutableListIterator Lorg/jetbrains/kotlin/name/ClassId; org/jetbrains/kotlin/name/ClassId
staticfield org/jetbrains/kotlin/name/StandardClassIds MutableSet Lorg/jetbrains/kotlin/name/ClassId; org/jetbrains/kotlin/name/ClassId
staticfield org/jetbrains/kotlin/name/StandardClassIds MutableMap Lorg/jetbrains/kotlin/name/ClassId; org/jetbrains/kotlin/name/ClassId
staticfield org/jetbrains/kotlin/name/StandardClassIds MapEntry Lorg/jetbrains/kotlin/name/ClassId; org/jetbrains/kotlin/name/ClassId
staticfield org/jetbrains/kotlin/name/StandardClassIds MutableMapEntry Lorg/jetbrains/kotlin/name/ClassId; org/jetbrains/kotlin/name/ClassId
staticfield org/jetbrains/kotlin/name/StandardClassIds Result Lorg/jetbrains/kotlin/name/ClassId; org/jetbrains/kotlin/name/ClassId
staticfield org/jetbrains/kotlin/name/StandardClassIds IntRange Lorg/jetbrains/kotlin/name/ClassId; org/jetbrains/kotlin/name/ClassId
staticfield org/jetbrains/kotlin/name/StandardClassIds LongRange Lorg/jetbrains/kotlin/name/ClassId; org/jetbrains/kotlin/name/ClassId
staticfield org/jetbrains/kotlin/name/StandardClassIds CharRange Lorg/jetbrains/kotlin/name/ClassId; org/jetbrains/kotlin/name/ClassId
staticfield org/jetbrains/kotlin/name/StandardClassIds AnnotationRetention Lorg/jetbrains/kotlin/name/ClassId; org/jetbrains/kotlin/name/ClassId
staticfield org/jetbrains/kotlin/name/StandardClassIds AnnotationTarget Lorg/jetbrains/kotlin/name/ClassId; org/jetbrains/kotlin/name/ClassId
staticfield org/jetbrains/kotlin/name/StandardClassIds DeprecationLevel Lorg/jetbrains/kotlin/name/ClassId; org/jetbrains/kotlin/name/ClassId
staticfield org/jetbrains/kotlin/name/StandardClassIds EnumEntries Lorg/jetbrains/kotlin/name/ClassId; org/jetbrains/kotlin/name/ClassId
staticfield org/jetbrains/kotlin/name/StandardClassIds AtomicBoolean Lorg/jetbrains/kotlin/name/ClassId; org/jetbrains/kotlin/name/ClassId
staticfield org/jetbrains/kotlin/name/StandardClassIds AtomicInt Lorg/jetbrains/kotlin/name/ClassId; org/jetbrains/kotlin/name/ClassId
staticfield org/jetbrains/kotlin/name/StandardClassIds AtomicLong Lorg/jetbrains/kotlin/name/ClassId; org/jetbrains/kotlin/name/ClassId
staticfield org/jetbrains/kotlin/name/StandardClassIds AtomicReference Lorg/jetbrains/kotlin/name/ClassId; org/jetbrains/kotlin/name/ClassId
staticfield org/jetbrains/kotlin/name/StandardClassIds atomicByPrimitive Ljava/util/Map; java/util/LinkedHashMap
staticfield org/jetbrains/kotlin/name/StandardClassIds AtomicArray Lorg/jetbrains/kotlin/name/ClassId; org/jetbrains/kotlin/name/ClassId
staticfield org/jetbrains/kotlin/name/StandardClassIds AtomicIntArray Lorg/jetbrains/kotlin/name/ClassId; org/jetbrains/kotlin/name/ClassId
staticfield org/jetbrains/kotlin/name/StandardClassIds AtomicLongArray Lorg/jetbrains/kotlin/name/ClassId; org/jetbrains/kotlin/name/ClassId
staticfield org/jetbrains/kotlin/name/StandardClassIds atomicArrayByPrimitive Ljava/util/Map; java/util/LinkedHashMap
staticfield org/jetbrains/kotlin/name/StandardClassIds allBuiltinTypes Ljava/util/Set; java/util/LinkedHashSet
instanceKlass org/jetbrains/kotlin/fir/types/ConeStarProjection
instanceKlass org/jetbrains/kotlin/fir/types/ConeKotlinTypeProjection
ciInstanceKlass org/jetbrains/kotlin/fir/types/ConeTypeProjection 1 1 60 1 7 1 7 1 100 1 1 1 3 3 1 3 1 3 1 1 1 1 1 1 1 1 1 1 1 1 1 1 1 1 7 1 1 1 1 12 10 1 1 10 1 1 1 1 12 9 1 12 10 12 9 1 1 1 1 1 1 1
staticfield org/jetbrains/kotlin/fir/types/ConeTypeProjection Companion Lorg/jetbrains/kotlin/fir/types/ConeTypeProjection$Companion; org/jetbrains/kotlin/fir/types/ConeTypeProjection$Companion
staticfield org/jetbrains/kotlin/fir/types/ConeTypeProjection EMPTY_ARRAY [Lorg/jetbrains/kotlin/fir/types/ConeTypeProjection; 0 [Lorg/jetbrains/kotlin/fir/types/ConeTypeProjection;
instanceKlass org/jetbrains/kotlin/fir/types/ConeErrorType
instanceKlass org/jetbrains/kotlin/fir/types/impl/ConeClassLikeTypeImpl
ciInstanceKlass org/jetbrains/kotlin/fir/types/ConeClassLikeType 1 1 36 1 100 1 7 1 1 1 3 3 1 3 1 3 1 1 1 1 1 1 1 1 1 1 1 1 12 10 1 1 1 1 1 1 1 1
instanceKlass org/jetbrains/kotlin/fir/types/ConeFlexibleType
instanceKlass org/jetbrains/kotlin/fir/types/ConeRigidType
ciInstanceKlass org/jetbrains/kotlin/fir/types/ConeKotlinType 1 1 89 1 7 1 7 1 100 1 100 1 1 1 3 3 1 3 1 3 1 1 1 1 1 1 1 1 1 1 1 1 1 1 1 1 1 1 1 1 1 1 1 1 1 1 1 1 1 1 1 1 1 1 12 10 1 1 1 100 1 12 9 1 1 1 1 1 1 1 1 100 1 1 12 10 1 1 1 12 10 1 1 1 1 1 1 1 1 1 1
ciInstanceKlass org/jetbrains/kotlin/fir/types/TypeConstructionUtilsKt 1 1 224 1 7 1 100 1 1 1 3 3 1 1 3 1 1 1 1 1 1 1 1 1 1 1 1 1 1 1 1 1 1 1 1 1 1 1 1 1 1 1 1 1 1 1 7 1 7 1 1 7 1 7 1 1 8 1 7 1 1 12 10 8 8 1 100 1 100 1 1 12 10 1 100 1 100 1 7 12 10 1 100 1 100 1 12 10 1 8 1 1 12 10 1 1 12 10 1 100 1 1 12 10 1 12 10 1 1 12 10 10 1 12 10 1 1 1 1 1 1 12 9 1 1 12 10 1 12 9 1 1 12 10 12 10 1 7 1 12 10 1 7 1 1 1 1 1 7 1 12 10 1 12 10 1 1 1 12 10 1 1 100 1 12 10 1 100 1 7 12 10 1 100 10 1 12 10 1 1 12 10 1 1 1 1 100 10 1 100 1 100 1 1 12 9 100 1 12 10 1 1 1 1 1 1 12 10 1 100 1 1 12 11 12 10 1 1 1 1 1 1 1 1 1 1
ciInstanceKlass org/jetbrains/kotlin/fir/types/ConeAttributes 1 1 340 1 7 1 1 7 1 100 1 100 1 1 1 3 3 1 3 1 3 1 1 1 1 1 1 1 1 1 1 1 1 1 1 1 1 1 1 1 1 1 1 1 1 1 1 1 1 1 1 1 1 1 1 1 1 1 1 1 1 1 1 1 1 1 7 1 100 1 1 7 1 1 1 1 1 1 12 10 1 7 1 1 12 11 1 7 1 1 12 11 1 1 12 11 1 7 1 1 12 10 1 1 12 10 1 1 1 8 1 100 1 1 12 10 1 12 10 1 100 10 12 9 1 1 12 10 1 100 11 1 100 1 1 12 10 1 1 12 10 1 100 1 12 10 1 12 10 1 100 1 1 12 10 1 1 12 10 1 1 1 1 1 1 1 1 1 1 1 1 12 10 1 1 12 10 1 1 1 1 8 1 7 1 1 12 10 12 10 1 1 1 12 10 1 8 12 10 1 1 1 1 12 10 1 11 1 1 12 10 1 100 1 12 11 1 12 11 1 12 10 1 1 1 1 1 1 1 1 1 1 1 1 8 1 100 1 1 11 1 12 10 1 1 1 1 1 1 1 1 12 10 1 12 10 1 1 1 1 8 1 100 1 100 1 1 12 10 1 1 12 11 1 100 1 12 10 10 1 1 12 10 1 1 12 10 1 1 12 11 1 1 1 1 1 1 1 1 1 1 1 1 1 1 1 1 7 1 12 9 1 12 9 1 12 10 1 1 1 1 12 10 1 1 12 10 1 1 12 9 1 1 1 1 1 1 1 1 1 1 1
staticfield org/jetbrains/kotlin/fir/types/ConeAttributes Companion Lorg/jetbrains/kotlin/fir/types/ConeAttributes$Companion; org/jetbrains/kotlin/fir/types/ConeAttributes$Companion
staticfield org/jetbrains/kotlin/fir/types/ConeAttributes Empty Lorg/jetbrains/kotlin/fir/types/ConeAttributes; org/jetbrains/kotlin/fir/types/ConeAttributes
staticfield org/jetbrains/kotlin/fir/types/ConeAttributes WithExtensionFunctionType Lorg/jetbrains/kotlin/fir/types/ConeAttributes; org/jetbrains/kotlin/fir/types/ConeAttributes
ciInstanceKlass org/jetbrains/kotlin/fir/types/impl/FirImplicitAnyTypeRef 1 1 45 1 100 1 7 1 1 1 3 3 1 3 1 3 1 1 1 1 1 1 1 1 1 1 1 1 7 1 1 12 9 1 1 12 10 1 12 10 1 1 1 1 1 1 1
ciInstanceKlass org/jetbrains/kotlin/fir/types/builder/FirResolvedTypeRefBuilder 1 1 118 1 7 1 7 1 100 1 1 1 1 3 3 1 3 1 3 1 1 1 1 1 1 1 1 1 1 1 1 1 1 1 1 1 1 1 1 1 1 1 1 1 1 1 1 1 1 1 1 1 1 1 1 1 12 10 1 7 10 1 7 12 9 1 12 9 1 1 12 9 1 100 8 1 7 1 1 12 10 8 1 1 12 10 12 9 1 1 7 12 10 1 7 1 1 12 10 12 10 1 12 10 1 7 1 12 10 1 100 1 1 1 1 1 1 1 1 1
ciInstanceKlass org/jetbrains/kotlin/fir/builder/FirBuilderDslKt 1 1 70 1 100 1 100 1 1 1 3 3 1 1 3 1 1 1 1 1 1 1 1 1 1 1 7 1 7 1 1 1 1 1 7 1 1 12 11 1 12 9 1 1 12 10 1 12 10 1 100 1 1 1 1 1 1 100 1 1 12 10 1 1 1 1 1 1 1 1 1 1
ciInstanceKlass org/jetbrains/kotlin/fir/MutableOrEmptyList 1 1 327 1 7 1 1 7 1 7 1 100 1 1 1 1 3 3 1 3 1 3 1 1 1 1 1 1 1 1 1 1 1 1 1 1 1 1 1 1 1 1 1 1 1 1 1 1 1 1 1 1 1 1 1 1 1 1 1 1 1 1 1 1 1 1 1 1 1 1 1 1 1 1 1 1 1 1 7 1 1 1 1 1 1 1 1 1 1 1 1 1 7 1 1 12 10 12 10 1 1 1 12 11 1 1 12 9 12 10 1 1 1 100 1 1 12 10 1 12 11 1 1 12 10 1 1 12 11 12 10 1 1 12 11 12 9 1 100 1 12 10 1 1 12 11 12 9 1 100 1 12 10 1 1 12 11 1 12 10 1 1 1 12 10 1 12 11 1 12 10 1 1 12 11 1 12 10 12 11 12 10 1 8 1 1 12 10 1 12 11 1 7 11 1 1 12 10 1 1 12 11 12 10 1 1 100 1 8 1 100 1 8 1 7 1 1 12 10 1 8 1 100 1 12 10 12 10 12 10 1 1 1 12 10 1 1 12 10 12 10 1 1 1 100 1 8 1 1 12 10 1 1 1 1 1 1 1 1 1 1 1 1 1 1 1 1 1 1 1 1 1 1 1 1 12 10 1 12 10 1 1 1 1 1 1 12 10 1 12 9 1 1 1 1 8 1 7 1 12 10 1 1 1 12 10 1 1 12 10 12 9 12 10 1 12 10 12 9 1 1 1 1 1 1 1 1 1 1
staticfield org/jetbrains/kotlin/fir/MutableOrEmptyList Companion Lorg/jetbrains/kotlin/fir/MutableOrEmptyList$Companion; org/jetbrains/kotlin/fir/MutableOrEmptyList$Companion
staticfield org/jetbrains/kotlin/fir/MutableOrEmptyList EMPTY Ljava/util/List; null
staticfield org/jetbrains/kotlin/fir/MutableOrEmptyList EMPTY_LIST_STUB Ljava/util/List; kotlin/collections/EmptyList
staticfield org/jetbrains/kotlin/fir/MutableOrEmptyList EMPTY_LIST_STUB_ITERATOR Ljava/util/Iterator; kotlin/collections/EmptyIterator
staticfield org/jetbrains/kotlin/fir/MutableOrEmptyList EMPTY_LIST_STUB_LIST_ITERATOR Ljava/util/ListIterator; kotlin/collections/EmptyIterator
ciInstanceKlass org/jetbrains/kotlin/fir/MutableOrEmptyList$Companion 1 1 55 1 7 1 7 1 1 1 3 3 1 3 1 3 1 1 1 1 1 1 1 1 1 1 1 1 1 1 1 1 1 1 1 7 1 12 10 1 1 1 1 12 10 1 10 1 1 1 1 1 1 1 1 1 1
ciInstanceKlass kotlin/collections/builders/ListBuilder$Itr 1 1 135 1 7 1 1 7 1 100 1 100 1 1 1 1 1 8 1 7 1 1 12 10 1 12 10 1 12 9 1 1 12 9 1 12 9 1 7 1 1 12 10 1 12 9 1 1 1 1 1 1 12 10 1 1 1 1 1 1 1 12 10 1 100 10 1 1 12 10 1 1 1 1 1 8 1 100 1 1 12 10 1 12 10 1 12 10 1 1 1 1 1 12 10 1 1 8 1 1 12 10 1 1 100 10 1 1 1 3 3 1 3 1 3 1 1 1 1 1 1 1 1 1 1 1 1 1 1 1 1 1 1 1 1 1 1
ciInstanceKlass org/jetbrains/kotlin/fir/declarations/FirResolvePhase 1 1 182 1 7 1 1 7 1 1 1 3 3 1 3 1 3 1 1 1 1 1 1 1 1 1 1 1 1 1 1 1 1 1 1 1 1 1 1 1 1 1 1 1 1 1 1 1 1 7 1 1 1 1 1 1 1 1 1 1 1 12 10 12 9 1 1 1 1 1 1 12 10 1 1 12 10 1 1 12 10 1 100 1 1 12 11 1 1 12 9 1 100 1 1 12 10 100 1 1 1 12 10 1 1 12 9 1 12 9 12 9 12 9 12 9 12 9 12 9 12 9 12 9 12 9 12 9 12 9 12 9 12 9 12 9 1 12 9 1 12 9 1 1 8 8 12 10 8 8 8 8 8 8 8 8 8 8 8 8 12 10 1 7 1 7 1 1 12 10 1 12 10 12 9 1 1 1 1 1 1 1 1 1
staticfield org/jetbrains/kotlin/fir/declarations/FirResolvePhase Companion Lorg/jetbrains/kotlin/fir/declarations/FirResolvePhase$Companion; org/jetbrains/kotlin/fir/declarations/FirResolvePhase$Companion
staticfield org/jetbrains/kotlin/fir/declarations/FirResolvePhase DECLARATIONS Lorg/jetbrains/kotlin/fir/declarations/FirResolvePhase; org/jetbrains/kotlin/fir/declarations/FirResolvePhase
staticfield org/jetbrains/kotlin/fir/declarations/FirResolvePhase ANALYZED_DEPENDENCIES Lorg/jetbrains/kotlin/fir/declarations/FirResolvePhase; org/jetbrains/kotlin/fir/declarations/FirResolvePhase
staticfield org/jetbrains/kotlin/fir/declarations/FirResolvePhase RAW_FIR Lorg/jetbrains/kotlin/fir/declarations/FirResolvePhase; org/jetbrains/kotlin/fir/declarations/FirResolvePhase
staticfield org/jetbrains/kotlin/fir/declarations/FirResolvePhase IMPORTS Lorg/jetbrains/kotlin/fir/declarations/FirResolvePhase; org/jetbrains/kotlin/fir/declarations/FirResolvePhase
staticfield org/jetbrains/kotlin/fir/declarations/FirResolvePhase COMPILER_REQUIRED_ANNOTATIONS Lorg/jetbrains/kotlin/fir/declarations/FirResolvePhase; org/jetbrains/kotlin/fir/declarations/FirResolvePhase
staticfield org/jetbrains/kotlin/fir/declarations/FirResolvePhase COMPANION_GENERATION Lorg/jetbrains/kotlin/fir/declarations/FirResolvePhase; org/jetbrains/kotlin/fir/declarations/FirResolvePhase
staticfield org/jetbrains/kotlin/fir/declarations/FirResolvePhase SUPER_TYPES Lorg/jetbrains/kotlin/fir/declarations/FirResolvePhase; org/jetbrains/kotlin/fir/declarations/FirResolvePhase
staticfield org/jetbrains/kotlin/fir/declarations/FirResolvePhase SEALED_CLASS_INHERITORS Lorg/jetbrains/kotlin/fir/declarations/FirResolvePhase; org/jetbrains/kotlin/fir/declarations/FirResolvePhase
staticfield org/jetbrains/kotlin/fir/declarations/FirResolvePhase TYPES Lorg/jetbrains/kotlin/fir/declarations/FirResolvePhase; org/jetbrains/kotlin/fir/declarations/FirResolvePhase
staticfield org/jetbrains/kotlin/fir/declarations/FirResolvePhase STATUS Lorg/jetbrains/kotlin/fir/declarations/FirResolvePhase; org/jetbrains/kotlin/fir/declarations/FirResolvePhase
staticfield org/jetbrains/kotlin/fir/declarations/FirResolvePhase EXPECT_ACTUAL_MATCHING Lorg/jetbrains/kotlin/fir/declarations/FirResolvePhase; org/jetbrains/kotlin/fir/declarations/FirResolvePhase
staticfield org/jetbrains/kotlin/fir/declarations/FirResolvePhase CONTRACTS Lorg/jetbrains/kotlin/fir/declarations/FirResolvePhase; org/jetbrains/kotlin/fir/declarations/FirResolvePhase
staticfield org/jetbrains/kotlin/fir/declarations/FirResolvePhase IMPLICIT_TYPES_BODY_RESOLVE Lorg/jetbrains/kotlin/fir/declarations/FirResolvePhase; org/jetbrains/kotlin/fir/declarations/FirResolvePhase
staticfield org/jetbrains/kotlin/fir/declarations/FirResolvePhase CONSTANT_EVALUATION Lorg/jetbrains/kotlin/fir/declarations/FirResolvePhase; org/jetbrains/kotlin/fir/declarations/FirResolvePhase
staticfield org/jetbrains/kotlin/fir/declarations/FirResolvePhase ANNOTATION_ARGUMENTS Lorg/jetbrains/kotlin/fir/declarations/FirResolvePhase; org/jetbrains/kotlin/fir/declarations/FirResolvePhase
staticfield org/jetbrains/kotlin/fir/declarations/FirResolvePhase BODY_RESOLVE Lorg/jetbrains/kotlin/fir/declarations/FirResolvePhase; org/jetbrains/kotlin/fir/declarations/FirResolvePhase
staticfield org/jetbrains/kotlin/fir/declarations/FirResolvePhase $VALUES [Lorg/jetbrains/kotlin/fir/declarations/FirResolvePhase; 14 [Lorg/jetbrains/kotlin/fir/declarations/FirResolvePhase;
staticfield org/jetbrains/kotlin/fir/declarations/FirResolvePhase $ENTRIES Lkotlin/enums/EnumEntries; kotlin/enums/EnumEntriesList
ciInstanceKlass org/jetbrains/kotlin/fir/declarations/FirDeclarationAttributes 1 1 91 1 7 1 1 7 1 1 1 3 3 1 3 1 3 1 1 1 1 1 1 1 1 1 1 1 1 1 1 1 1 1 1 1 1 1 1 1 1 1 1 7 1 1 12 9 1 7 1 12 10 1 12 10 1 1 1 8 1 7 1 1 12 10 1 1 12 10 1 12 10 1 1 1 1 12 10 1 100 12 10 10 1 1 1 1 1 1 1 1 1
instanceKlass org/jetbrains/kotlin/fir/declarations/UnresolvedDeprecationProvider
ciInstanceKlass org/jetbrains/kotlin/fir/declarations/DeprecationsProvider 1 1 39 1 100 1 7 1 1 1 3 3 1 3 1 3 1 1 1 1 1 1 1 1 1 1 1 1 12 10 1 1 1 1 1 1 1 1 1 1 1
ciInstanceKlass org/jetbrains/kotlin/fir/declarations/UnresolvedDeprecationProvider 1 1 51 1 7 1 7 1 1 1 3 3 1 3 1 3 1 1 1 1 1 1 1 1 1 1 1 1 1 1 12 10 1 1 1 8 1 100 1 1 12 10 1 10 12 9 1 1 1 1 1 1 1
staticfield org/jetbrains/kotlin/fir/declarations/UnresolvedDeprecationProvider INSTANCE Lorg/jetbrains/kotlin/fir/declarations/UnresolvedDeprecationProvider; org/jetbrains/kotlin/fir/declarations/UnresolvedDeprecationProvider
instanceKlass org/jetbrains/kotlin/fir/declarations/FirDeclarationOrigin$IntersectionOverride
instanceKlass org/jetbrains/kotlin/fir/declarations/FirDeclarationOrigin$Delegated
instanceKlass org/jetbrains/kotlin/fir/declarations/FirDeclarationOrigin$Synthetic
instanceKlass org/jetbrains/kotlin/fir/declarations/FirDeclarationOrigin$Source
instanceKlass org/jetbrains/kotlin/fir/declarations/FirDeclarationOrigin$Library
ciInstanceKlass org/jetbrains/kotlin/fir/declarations/FirDeclarationOrigin 1 1 181 1 7 1 7 1 1 1 3 3 1 3 1 3 1 1 1 1 1 1 1 1 1 1 1 1 1 1 1 1 1 1 1 1 1 1 1 1 1 1 1 1 1 1 1 1 1 1 1 1 1 1 1 1 1 1 1 1 1 1 1 1 1 1 1 1 1 1 1 1 1 1 1 1 1 100 1 100 1 100 1 100 1 100 1 100 1 100 1 100 1 100 1 100 1 100 1 100 1 100 1 100 1 100 1 100 1 100 1 100 1 100 1 100 1 1 1 1 12 10 12 9 12 9 12 9 12 9 12 9 1 1 1 12 10 1 12 9 1 100 1 1 12 10 12 9 1 1 1 1 12 10 1 100 1 1 12 10 1 100 1 12 11 1 1 12 10 1 100 12 10 1 1 1 1 1 1 1 1 1 1
ciInstanceKlass org/jetbrains/kotlin/fir/declarations/FirDeclarationStatus 1 1 128 1 100 1 100 1 100 1 1 1 3 3 1 3 1 3 1 1 1 1 1 1 1 1 1 1 1 1 1 1 1 1 1 1 1 1 1 1 1 1 1 1 1 1 1 1 1 1 1 1 1 1 1 1 1 1 1 1 1 1 1 1 1 1 1 1 1 1 1 1 1 1 1 1 1 1 1 1 8 1 7 1 1 12 10 1 7 1 1 12 10 1 1 1 8 1 100 1 1 12 10 1 8 1 12 10 1 1 1 1 1 1 1 1 1 100 1 8 1 1 12 10 1 1 1 8 1 1
ciInstanceKlass org/jetbrains/kotlin/fir/declarations/FirResolvedDeclarationStatus 1 1 135 1 100 1 100 1 100 1 1 1 3 3 1 3 1 3 1 1 1 1 1 1 1 1 1 1 1 1 1 1 1 1 1 1 1 1 1 1 1 1 1 1 1 1 1 1 1 1 1 1 1 1 1 1 1 1 1 1 1 1 1 1 1 1 1 1 1 1 1 1 1 1 1 1 1 1 1 1 1 1 1 1 1 8 1 100 1 1 12 10 1 100 1 1 12 10 1 1 1 8 1 100 1 1 12 10 1 8 1 12 10 1 100 1 1 1 1 1 1 1 1 1 100 1 8 1 1 12 10 1 1 1 8 1 1
ciInstanceKlass org/jetbrains/kotlin/fir/declarations/impl/FirResolvedDeclarationStatusImpl 1 1 114 1 7 1 7 1 7 1 1 1 3 3 1 3 1 3 1 1 1 1 1 1 1 1 1 1 1 1 1 1 1 1 1 1 1 1 1 1 1 1 7 1 7 1 1 7 1 100 1 7 1 1 1 8 1 7 1 1 12 10 8 8 1 12 10 12 9 1 12 10 1 1 12 10 1 12 10 1 1 12 10 1 1 12 9 1 1 1 12 10 12 9 1 1 12 9 1 7 1 7 1 12 9 1 12 9 1 1 1 1 1 1 1 1
staticfield org/jetbrains/kotlin/fir/declarations/impl/FirResolvedDeclarationStatusImpl Companion Lorg/jetbrains/kotlin/fir/declarations/impl/FirResolvedDeclarationStatusImpl$Companion; org/jetbrains/kotlin/fir/declarations/impl/FirResolvedDeclarationStatusImpl$Companion
staticfield org/jetbrains/kotlin/fir/declarations/impl/FirResolvedDeclarationStatusImpl DEFAULT_STATUS_FOR_STATUSLESS_DECLARATIONS Lorg/jetbrains/kotlin/fir/declarations/FirResolvedDeclarationStatus; org/jetbrains/kotlin/fir/declarations/impl/FirResolvedDeclarationStatusImpl
ciInstanceKlass org/jetbrains/kotlin/fir/declarations/impl/FirResolvedDeclarationStatusImpl$Companion 1 1 47 1 7 1 7 1 1 1 3 3 1 3 1 3 1 1 1 1 1 1 1 1 1 1 1 1 1 7 1 12 10 1 1 1 12 10 1 10 1 1 1 1 1 1 1 1 1
instanceKlass org/jetbrains/kotlin/fir/declarations/FirVariable
instanceKlass org/jetbrains/kotlin/fir/declarations/FirFunction
ciInstanceKlass org/jetbrains/kotlin/fir/declarations/FirCallableDeclaration 1 1 185 1 7 1 7 1 1 1 3 3 1 3 1 3 1 1 1 1 1 1 1 1 1 1 1 1 1 1 1 1 1 1 1 1 1 1 1 1 1 1 1 1 1 1 1 1 1 1 1 1 1 1 1 1 1 1 1 1 1 1 1 1 1 1 1 1 1 1 1 1 1 1 1 1 1 1 1 1 1 1 1 1 1 1 1 1 1 1 1 1 1 1 1 1 1 1 1 1 1 1 1 1 1 1 1 1 1 1 1 1 1 1 12 10 1 1 1 1 1 1 1 1 8 1 100 1 1 12 10 1 100 1 1 12 10 1 1 8 1 100 1 1 12 10 1 8 1 12 10 1 100 1 1 1 1 1 1 1 1 12 10 1 1 1 1 1 1 1 1 1 1 1 100 1 8 1 1 12 10 1 1 1 8 1 1
ciInstanceKlass org/jetbrains/kotlin/fir/declarations/FirResolveStateKt 1 1 104 1 100 1 100 1 1 1 3 3 1 1 3 1 1 1 1 1 1 1 1 1 1 1 1 1 1 1 1 1 7 1 7 1 1 1 1 8 1 7 1 1 12 10 1 12 9 1 12 10 1 1 100 1 1 12 10 1 100 12 10 1 100 1 12 10 1 100 1 1 12 10 1 100 1 100 1 1 12 10 1 1 12 10 1 100 1 12 10 1 1 1 1 1 1 1 1 1 1 1 1 1 1 1
instanceKlass org/jetbrains/kotlin/fir/declarations/FirResolvedToPhaseState
ciInstanceKlass org/jetbrains/kotlin/fir/declarations/FirResolveState 1 1 44 1 7 1 7 1 1 1 3 3 1 3 1 3 1 1 1 1 1 1 1 1 1 1 1 1 1 1 1 12 10 1 1 1 1 10 1 1 1 1 1 1 1 1
ciInstanceKlass org/jetbrains/kotlin/fir/declarations/FirResolvedToPhaseState 1 1 140 1 7 1 7 1 1 1 3 3 1 3 1 3 1 1 1 1 1 1 1 1 1 1 1 1 1 1 1 1 1 1 1 7 1 1 1 1 1 1 12 10 12 9 1 1 1 100 1 12 10 1 8 1 1 12 10 12 10 1 12 10 1 12 10 12 10 1 1 12 9 1 10 12 9 1 7 1 1 12 10 1 7 1 7 1 7 1 1 12 10 1 12 10 1 7 1 1 12 11 1 7 1 1 12 11 1 1 12 11 12 10 1 1 12 11 1 7 1 1 1 1 1 1 1 1 1 1 1 1 1 1 1 1 1 1 1 1 1 1
staticfield org/jetbrains/kotlin/fir/declarations/FirResolvedToPhaseState Companion Lorg/jetbrains/kotlin/fir/declarations/FirResolvedToPhaseState$Companion; org/jetbrains/kotlin/fir/declarations/FirResolvedToPhaseState$Companion
staticfield org/jetbrains/kotlin/fir/declarations/FirResolvedToPhaseState phases Ljava/util/List; java/util/ArrayList
ciInstanceKlass org/jetbrains/kotlin/fir/declarations/FirResolvedToPhaseState$Companion 1 1 70 1 7 1 7 1 1 1 3 3 1 3 1 3 1 1 1 1 1 1 1 1 1 1 1 1 1 1 7 1 12 10 1 1 1 8 1 7 1 1 12 10 1 1 12 10 1 7 1 1 12 10 1 7 1 1 12 11 1 10 1 1 1 1 1 1 1 1 1 1
ciInstanceKlass org/jetbrains/kotlin/fir/declarations/FirDeclarationOrigin$Source 1 1 41 1 7 1 7 1 1 1 3 3 1 3 1 3 1 1 1 1 1 1 1 1 1 1 1 1 12 10 1 1 12 10 12 9 1 1 1 1 1 1 1
staticfield org/jetbrains/kotlin/fir/declarations/FirDeclarationOrigin$Source INSTANCE Lorg/jetbrains/kotlin/fir/declarations/FirDeclarationOrigin$Source; org/jetbrains/kotlin/fir/declarations/FirDeclarationOrigin$Source
instanceKlass org/jetbrains/kotlin/fir/expressions/FirArrayLiteral
instanceKlass org/jetbrains/kotlin/fir/expressions/FirCheckedSafeCallSubject
instanceKlass org/jetbrains/kotlin/fir/expressions/impl/FirUnitExpression
instanceKlass org/jetbrains/kotlin/fir/expressions/FirIncrementDecrementExpression
instanceKlass org/jetbrains/kotlin/fir/expressions/FirTryExpression
instanceKlass org/jetbrains/kotlin/fir/expressions/FirSafeCallExpression
instanceKlass org/jetbrains/kotlin/fir/expressions/FirBooleanOperatorExpression
instanceKlass org/jetbrains/kotlin/fir/expressions/FirComparisonExpression
instanceKlass org/jetbrains/kotlin/fir/expressions/FirElvisExpression
instanceKlass org/jetbrains/kotlin/fir/expressions/FirTypeOperatorCall
instanceKlass org/jetbrains/kotlin/fir/expressions/FirThrowExpression
instanceKlass org/jetbrains/kotlin/fir/expressions/FirAnonymousFunctionExpression
instanceKlass org/jetbrains/kotlin/fir/expressions/FirCheckNotNullCall
instanceKlass org/jetbrains/kotlin/fir/expressions/FirWhenExpression
instanceKlass org/jetbrains/kotlin/fir/expressions/impl/FirElseIfTrueCondition
instanceKlass org/jetbrains/kotlin/fir/expressions/FirEqualityOperatorCall
instanceKlass org/jetbrains/kotlin/fir/expressions/FirStringConcatenationCall
instanceKlass org/jetbrains/kotlin/fir/expressions/FirWrappedExpression
instanceKlass org/jetbrains/kotlin/fir/expressions/FirLiteralExpression
instanceKlass org/jetbrains/kotlin/fir/expressions/FirAnnotation
instanceKlass org/jetbrains/kotlin/fir/expressions/FirGetClassCall
instanceKlass org/jetbrains/kotlin/fir/expressions/FirErrorExpression
instanceKlass org/jetbrains/kotlin/fir/expressions/FirAnonymousObjectExpression
instanceKlass org/jetbrains/kotlin/fir/expressions/FirDelegatedConstructorCall
instanceKlass org/jetbrains/kotlin/fir/expressions/FirQualifiedAccessExpression
instanceKlass org/jetbrains/kotlin/fir/expressions/FirJump
instanceKlass org/jetbrains/kotlin/fir/expressions/FirBlock
ciInstanceKlass org/jetbrains/kotlin/fir/expressions/FirExpression 1 1 121 1 100 1 7 1 100 1 1 1 3 3 1 3 1 3 1 1 1 1 1 1 1 1 1 1 1 1 1 1 1 1 1 1 1 1 1 1 1 1 1 1 1 1 1 1 1 1 1 1 1 1 1 1 1 1 1 1 12 10 1 1 1 1 1 1 8 1 100 1 1 12 10 1 100 1 1 12 10 1 1 8 1 100 1 1 12 10 1 8 1 12 10 1 100 1 1 1 1 1 1 1 1 1 1 1 1 1 1 100 1 8 1 1 12 10 1 1 1 8 1
instanceKlass org/jetbrains/kotlin/fir/declarations/FirEnumEntry
instanceKlass org/jetbrains/kotlin/fir/declarations/FirValueParameter
instanceKlass org/jetbrains/kotlin/fir/declarations/FirBackingField
instanceKlass org/jetbrains/kotlin/fir/declarations/FirProperty
ciInstanceKlass org/jetbrains/kotlin/fir/declarations/FirVariable 1 1 231 1 7 1 7 1 100 1 1 1 3 3 1 3 1 3 1 1 1 1 1 1 1 1 1 1 1 1 1 1 1 1 1 1 1 1 1 1 1 1 1 1 1 1 1 1 1 1 1 1 1 1 1 1 1 1 1 1 1 1 1 1 1 1 1 1 1 1 1 1 1 1 1 1 1 1 1 1 1 1 1 1 1 1 1 1 1 1 1 1 1 1 1 1 1 1 1 1 1 1 1 1 1 1 1 1 1 1 1 1 1 1 1 1 1 1 1 1 1 1 1 1 1 1 1 1 1 1 1 1 1 1 1 1 1 1 1 1 1 1 1 1 1 1 1 1 1 1 1 1 1 1 1 12 10 1 1 1 1 1 1 1 1 8 1 100 1 1 12 10 1 100 1 1 12 10 1 1 8 1 100 1 1 12 10 1 8 1 12 10 1 100 1 1 1 1 1 1 1 1 1 1 12 10 1 1 1 1 1 1 1 1 1 1 1 100 1 8 1 1 12 10 1 1 1 8 1 1 8 1 1
instanceKlass org/jetbrains/kotlin/fir/symbols/impl/FirDelegateFieldSymbol
instanceKlass org/jetbrains/kotlin/fir/symbols/impl/FirEnumEntrySymbol
instanceKlass org/jetbrains/kotlin/fir/symbols/impl/FirBackingFieldSymbol
instanceKlass org/jetbrains/kotlin/fir/symbols/impl/FirValueParameterSymbol
instanceKlass org/jetbrains/kotlin/fir/symbols/impl/FirPropertySymbol
ciInstanceKlass org/jetbrains/kotlin/fir/symbols/impl/FirVariableSymbol 1 1 120 1 7 1 1 7 1 1 1 3 3 1 3 1 3 1 1 1 1 1 1 1 1 1 1 1 1 1 1 1 1 1 1 1 1 1 1 1 1 1 1 1 1 1 1 1 1 1 12 10 1 1 1 1 12 10 1 100 1 12 10 1 1 12 10 1 100 1 12 11 1 100 1 1 12 9 1 12 9 1 100 1 100 1 1 12 10 1 1 1 1 1 100 1 12 10 1 100 1 1 12 10 12 10 1 12 10 1 10 1 1 1 1 1 1 1 1 1 1 1
instanceKlass org/jetbrains/kotlin/KtRealSourceElementKind
instanceKlass org/jetbrains/kotlin/KtFakeSourceElementKind
ciInstanceKlass org/jetbrains/kotlin/KtSourceElementKind 1 1 39 1 7 1 7 1 1 1 3 3 1 3 1 3 1 1 1 1 1 1 1 1 1 1 1 1 1 12 10 1 1 10 1 1 1 1 1 1 1
instanceKlass org/jetbrains/kotlin/KtFakeSourceElementKind$DesugaredAugmentedAssign
instanceKlass org/jetbrains/kotlin/KtFakeSourceElementKind$DelegatedPropertyAccessor
instanceKlass org/jetbrains/kotlin/KtFakeSourceElementKind$WrappedDelegate
instanceKlass org/jetbrains/kotlin/KtFakeSourceElementKind$FromUseSiteTarget
instanceKlass org/jetbrains/kotlin/KtFakeSourceElementKind$ConstructorTypeParameter
instanceKlass org/jetbrains/kotlin/KtFakeSourceElementKind$LambdaDestructuringBlock
instanceKlass org/jetbrains/kotlin/KtFakeSourceElementKind$CheckedSafeCallSubject
instanceKlass org/jetbrains/kotlin/KtFakeSourceElementKind$DesugaredSafeCallExpression
instanceKlass org/jetbrains/kotlin/KtFakeSourceElementKind$DesugaredComponentFunctionCall
instanceKlass org/jetbrains/kotlin/KtFakeSourceElementKind$ImplicitUnit
instanceKlass org/jetbrains/kotlin/KtFakeSourceElementKind$IndexedAssignmentCoercionBlock
instanceKlass org/jetbrains/kotlin/KtFakeSourceElementKind$ArrayAccessNameReference
instanceKlass org/jetbrains/kotlin/KtFakeSourceElementKind$DesugaredForLoop
instanceKlass org/jetbrains/kotlin/KtFakeSourceElementKind$GeneratedComparisonExpression
instanceKlass org/jetbrains/kotlin/KtFakeSourceElementKind$EnumGeneratedDeclaration
instanceKlass org/jetbrains/kotlin/KtFakeSourceElementKind$EnumInitializer
instanceKlass org/jetbrains/kotlin/KtFakeSourceElementKind$EnumSuperTypeRef
instanceKlass org/jetbrains/kotlin/KtFakeSourceElementKind$GeneratedLambdaLabel
instanceKlass org/jetbrains/kotlin/KtFakeSourceElementKind$ReceiverFromType
instanceKlass org/jetbrains/kotlin/KtFakeSourceElementKind$DesugaredIncrementOrDecrement
instanceKlass org/jetbrains/kotlin/KtFakeSourceElementKind$WhenCondition
instanceKlass org/jetbrains/kotlin/KtFakeSourceElementKind$WhenGeneratedSubject
instanceKlass org/jetbrains/kotlin/KtFakeSourceElementKind$ImplicitConstructor
instanceKlass org/jetbrains/kotlin/KtFakeSourceElementKind$ImplicitReturn
instanceKlass org/jetbrains/kotlin/KtFakeSourceElementKind$ReferenceInAtomicQualifiedAccess
instanceKlass org/jetbrains/kotlin/KtFakeSourceElementKind$DefaultAccessor
instanceKlass org/jetbrains/kotlin/KtFakeSourceElementKind$ImplicitTypeRef
instanceKlass org/jetbrains/kotlin/KtFakeSourceElementKind$DelegatingConstructorCall
instanceKlass org/jetbrains/kotlin/KtFakeSourceElementKind$ClassSelfTypeRef
instanceKlass org/jetbrains/kotlin/KtFakeSourceElementKind$DataClassGeneratedMembers
instanceKlass org/jetbrains/kotlin/KtFakeSourceElementKind$PropertyFromParameter
ciInstanceKlass org/jetbrains/kotlin/KtFakeSourceElementKind 1 1 417 1 7 1 7 1 1 1 3 3 1 3 1 3 1 1 1 1 1 1 1 1 1 1 1 1 1 1 1 1 1 1 1 1 1 1 1 1 1 1 1 1 1 1 1 1 1 1 1 1 1 1 1 1 1 1 1 1 1 1 1 1 1 1 1 1 1 1 1 1 1 1 1 1 1 1 1 1 1 1 1 1 1 1 1 1 1 1 1 1 1 1 1 1 1 1 1 1 1 1 1 1 1 1 1 1 1 1 1 1 1 1 1 1 1 1 1 1 1 1 1 1 1 1 1 1 1 1 1 1 1 1 1 1 1 1 1 1 1 1 1 1 1 1 1 1 1 1 1 1 1 1 1 1 1 1 1 1 1 1 1 1 1 1 1 1 1 1 1 1 1 1 1 1 1 1 1 1 1 1 1 1 1 1 1 1 1 1 1 1 1 1 1 1 1 1 1 1 1 1 1 1 1 1 1 1 100 1 100 1 100 1 100 1 100 1 100 1 100 1 100 1 100 1 100 1 100 1 100 1 100 1 100 1 100 1 100 1 100 1 100 1 100 1 100 1 100 1 100 1 100 1 100 1 100 1 100 1 100 1 100 1 100 1 100 1 100 1 100 1 100 1 100 1 100 1 100 1 100 1 100 1 100 1 100 1 100 1 100 1 100 1 100 1 100 1 100 1 100 1 100 1 100 1 100 1 100 1 100 1 100 1 100 1 100 1 100 1 100 1 100 1 100 1 100 1 100 1 100 1 100 1 100 1 100 1 100 1 100 1 100 1 100 1 100 1 100 1 100 1 100 1 100 1 100 1 100 1 100 1 100 1 100 1 100 1 100 1 100 1 100 1 100 1 100 1 100 1 100 1 100 1 100 1 100 1 100 1 100 1 100 1 100 1 100 1 1 12 10 12 9 1 1 1 12 10 12 10 1 1 1 1 1 1 1 1 1
ciInstanceKlass org/jetbrains/kotlin/com/intellij/lang/impl/PsiBuilderImpl$StartMarker 1 1 320 1 7 1 7 1 100 1 1 7 1 1 1 100 1 1 100 1 1 100 1 100 1 1 1 1 1 1 1 1 1 1 1 1 12 10 12 10 12 9 1 1 1 1 1 1 1 12 10 1 12 9 1 1 12 10 12 9 1 7 12 10 12 9 12 9 12 9 1 1 1 100 1 8 1 12 10 1 7 1 1 12 11 1 1 1 1 1 12 10 1 12 10 1 1 12 10 1 1 1 12 9 1 1 1 1 1 1 1 1 12 9 1 1 1 1 1 12 10 1 1 1 12 10 1 7 1 1 12 10 1 1 1 12 10 1 1 7 1 12 9 1 1 12 10 1 8 1 100 12 10 1 100 1 1 12 10 1 1 12 10 1 1 12 10 1 12 10 1 1 1 8 1 1 1 1 1 1 12 10 1 100 1 1 12 10 1 12 10 9 1 1 12 10 12 10 1 1 1 1 1 1 1 1 1 1 1 1 1 1 1 1 12 10 1 100 1 1 1 1 1 1 8 1 1 12 10 1 1 12 10 1 12 10 12 10 1 12 10 1 1 12 11 12 11 1 100 10 1 1 12 10 1 8 1 12 10 10 1 100 1 1 1 1 1 12 10 1 1 1 1 1 1 1 1 1 1 1 1 8 1 8 1 100 1 100 8 8 8 8 8 8 8 8 8 8 8 8 8 8 8 8 8 8 1 1 12 10 1 100 10 1 1 1 1 1 1 1 1 1
instanceKlass org/jetbrains/kotlin/KtPsiSourceElement
instanceKlass org/jetbrains/kotlin/KtLightSourceElement
ciInstanceKlass org/jetbrains/kotlin/KtSourceElement 1 1 70 1 7 1 7 1 1 1 3 3 1 3 1 3 1 1 1 1 1 1 1 1 1 1 1 1 1 1 1 1 1 1 1 1 1 1 1 1 1 1 1 1 1 1 1 1 12 10 1 1 1 1 1 1 1 1 1 1 12 10 1 1 1 1 1 1 1 1 1 1
ciInstanceKlass org/jetbrains/kotlin/KtLightSourceElement 1 1 201 1 7 1 7 1 1 1 3 3 1 3 1 3 1 1 1 1 1 1 1 1 1 1 1 1 1 1 1 1 1 1 1 1 1 1 1 1 1 1 1 1 1 1 1 1 1 1 1 1 1 1 1 1 100 1 100 1 1 1 1 1 1 8 1 7 1 1 12 10 8 8 1 12 10 12 9 12 9 12 9 12 9 12 9 1 1 1 100 1 1 12 9 1 100 12 10 1 1 1 1 12 10 1 100 1 12 11 1 8 1 12 10 1 1 12 10 1 1 12 10 1 100 1 1 12 11 12 10 1 100 1 12 10 1 100 1 100 1 100 1 12 10 1 100 1 12 10 1 1 1 1 1 1 1 1 100 1 1 12 11 1 100 12 10 1 1 1 12 10 1 100 1 1 12 10 1 8 1 12 10 12 10 12 10 1 12 10 10 1 1 1 1 1 1 1 1 1 1 1 1
ciInstanceKlass org/jetbrains/kotlin/com/intellij/lang/impl/PsiBuilderImpl$SingleLexemeNode 1 1 81 1 7 1 7 1 100 1 1 7 1 1 1 100 1 1 1 1 1 12 10 1 1 1 1 1 1 12 10 1 1 12 10 12 9 1 1 1 1 1 1 12 10 1 1 12 10 1 100 12 10 1 1 1 1 1 1 8 1 100 8 8 1 100 1 1 12 10 1 100 1 12 10 1 1 1 1 1 1 1 1
instanceKlass org/jetbrains/kotlin/fir/lightTree/fir/modifier/TypeParameterModifierList
instanceKlass org/jetbrains/kotlin/fir/lightTree/fir/modifier/TypeProjectionModifierList
ciInstanceKlass org/jetbrains/kotlin/fir/lightTree/fir/modifier/ModifierList 1 1 405 1 7 1 7 1 1 1 3 3 1 3 1 3 1 1 1 1 1 1 1 1 1 1 1 1 1 1 1 1 1 1 1 1 1 1 1 1 1 1 1 1 1 1 1 1 1 1 1 1 1 1 1 1 1 1 1 1 1 1 1 1 1 1 1 1 1 1 1 1 1 1 1 1 1 1 7 1 100 1 1 100 1 1 100 1 1 7 1 1 7 1 1 7 1 7 1 1 1 1 1 1 12 10 12 9 1 7 10 1 7 12 9 12 9 1 1 1 12 9 1 12 10 12 10 1 1 1 8 1 7 1 1 12 10 1 8 1 7 1 1 12 11 1 7 1 1 12 9 1 1 12 10 1 12 9 1 12 10 1 12 9 1 100 1 12 9 1 12 9 1 12 9 1 12 9 1 12 9 1 12 9 1 1 12 10 1 7 1 1 12 11 1 1 1 1 1 1 100 1 8 1 12 10 12 10 1 1 12 9 1 12 10 1 12 9 1 12 9 1 12 9 1 12 9 1 12 9 1 12 9 1 12 9 1 1 12 9 1 1 12 9 1 7 1 12 9 1 12 9 1 12 9 1 12 9 1 12 9 1 12 9 1 12 9 1 1 1 8 12 10 1 12 9 1 12 9 1 12 9 1 12 9 1 12 9 1 8 1 7 1 12 9 1 12 9 1 12 9 1 12 9 1 12 9 1 12 9 1 12 9 1 12 9 1 1 1 1 12 9 1 7 1 12 9 1 12 9 1 12 9 1 12 9 1 12 9 1 12 9 1 12 9 1 12 9 1 12 9 8 1 1 100 10 1 1 12 10 1 100 1 1 12 11 1 100 1 12 11 1 1 12 11 1 8 1 1 12 10 1 12 10 12 10 1 8 1 12 10 1 1 1 1 12 10 1 1 1 1 1 1 1 1 1 1
ciInstanceKlass org/jetbrains/kotlin/fir/lightTree/fir/modifier/ModifierFlag 1 1 425 1 7 1 1 7 1 1 1 3 3 1 3 1 3 1 1 1 1 1 1 1 1 1 1 1 1 1 1 1 1 1 1 1 1 1 1 1 1 1 1 1 1 1 1 1 1 1 1 1 1 1 1 1 1 1 1 1 1 1 1 1 1 1 1 7 1 1 1 1 1 1 1 1 1 1 1 1 12 10 12 9 1 1 1 1 1 1 1 12 9 1 100 1 1 12 10 100 1 1 1 12 10 1 1 1 12 9 1 12 9 12 9 12 9 12 9 12 9 12 9 12 9 12 9 12 9 12 9 12 9 12 9 12 9 12 9 12 9 12 9 12 9 12 9 12 9 12 9 12 9 12 9 12 9 12 9 12 9 12 9 12 9 12 9 12 9 12 9 12 9 12 9 12 9 12 9 12 9 12 9 12 9 1 1 12 9 1 1 8 12 10 8 8 5 0 8 5 0 8 5 0 8 5 0 8 5 0 8 5 0 8 5 0 8 5 0 8 5 0 8 5 0 8 5 0 8 5 0 8 5 0 8 5 0 8 5 0 8 5 0 8 5 0 8 5 0 8 5 0 8 5 0 8 5 0 8 5 0 8 5 0 8 5 0 8 5 0 8 5 0 8 5 0 8 5 0 8 5 0 8 5 0 8 5 0 8 5 0 8 5 0 8 5 0 8 5 0 12 10 1 7 1 7 1 1 12 10 1 12 10 12 9 1 7 1 7 1 1 12 9 1 7 1 1 12 10 1 12 9 1 12 9 1 12 9 1 12 9 1 12 9 1 12 9 1 12 9 1 12 9 1 12 9 1 12 9 1 12 9 1 12 9 1 12 9 1 12 9 1 12 9 1 12 9 1 12 9 1 12 9 1 12 9 1 12 9 1 12 9 1 12 9 1 12 9 1 12 9 1 12 9 1 12 9 1 12 9 1 12 9 1 7 1 1 12 10 1 1 1 1 1 1 1 1
staticfield org/jetbrains/kotlin/fir/lightTree/fir/modifier/ModifierFlag Companion Lorg/jetbrains/kotlin/fir/lightTree/fir/modifier/ModifierFlag$Companion; org/jetbrains/kotlin/fir/lightTree/fir/modifier/ModifierFlag$Companion
staticfield org/jetbrains/kotlin/fir/lightTree/fir/modifier/ModifierFlag ElementTypeToModifierFlagMap Ljava/util/Map; java/util/LinkedHashMap
staticfield org/jetbrains/kotlin/fir/lightTree/fir/modifier/ModifierFlag NONE Lorg/jetbrains/kotlin/fir/lightTree/fir/modifier/ModifierFlag; org/jetbrains/kotlin/fir/lightTree/fir/modifier/ModifierFlag
staticfield org/jetbrains/kotlin/fir/lightTree/fir/modifier/ModifierFlag CLASS_ENUM Lorg/jetbrains/kotlin/fir/lightTree/fir/modifier/ModifierFlag; org/jetbrains/kotlin/fir/lightTree/fir/modifier/ModifierFlag
staticfield org/jetbrains/kotlin/fir/lightTree/fir/modifier/ModifierFlag CLASS_ANNOTATION Lorg/jetbrains/kotlin/fir/lightTree/fir/modifier/ModifierFlag; org/jetbrains/kotlin/fir/lightTree/fir/modifier/ModifierFlag
staticfield org/jetbrains/kotlin/fir/lightTree/fir/modifier/ModifierFlag CLASS_DATA Lorg/jetbrains/kotlin/fir/lightTree/fir/modifier/ModifierFlag; org/jetbrains/kotlin/fir/lightTree/fir/modifier/ModifierFlag
staticfield org/jetbrains/kotlin/fir/lightTree/fir/modifier/ModifierFlag CLASS_INLINE Lorg/jetbrains/kotlin/fir/lightTree/fir/modifier/ModifierFlag; org/jetbrains/kotlin/fir/lightTree/fir/modifier/ModifierFlag
staticfield org/jetbrains/kotlin/fir/lightTree/fir/modifier/ModifierFlag CLASS_INNER Lorg/jetbrains/kotlin/fir/lightTree/fir/modifier/ModifierFlag; org/jetbrains/kotlin/fir/lightTree/fir/modifier/ModifierFlag
staticfield org/jetbrains/kotlin/fir/lightTree/fir/modifier/ModifierFlag CLASS_COMPANION Lorg/jetbrains/kotlin/fir/lightTree/fir/modifier/ModifierFlag; org/jetbrains/kotlin/fir/lightTree/fir/modifier/ModifierFlag
staticfield org/jetbrains/kotlin/fir/lightTree/fir/modifier/ModifierFlag CLASS_FUN Lorg/jetbrains/kotlin/fir/lightTree/fir/modifier/ModifierFlag; org/jetbrains/kotlin/fir/lightTree/fir/modifier/ModifierFlag
staticfield org/jetbrains/kotlin/fir/lightTree/fir/modifier/ModifierFlag MEMBER_OVERRIDE Lorg/jetbrains/kotlin/fir/lightTree/fir/modifier/ModifierFlag; org/jetbrains/kotlin/fir/lightTree/fir/modifier/ModifierFlag
staticfield org/jetbrains/kotlin/fir/lightTree/fir/modifier/ModifierFlag MEMBER_LATEINIT Lorg/jetbrains/kotlin/fir/lightTree/fir/modifier/ModifierFlag; org/jetbrains/kotlin/fir/lightTree/fir/modifier/ModifierFlag
staticfield org/jetbrains/kotlin/fir/lightTree/fir/modifier/ModifierFlag VISIBILITY_PUBLIC Lorg/jetbrains/kotlin/fir/lightTree/fir/modifier/ModifierFlag; org/jetbrains/kotlin/fir/lightTree/fir/modifier/ModifierFlag
staticfield org/jetbrains/kotlin/fir/lightTree/fir/modifier/ModifierFlag VISIBILITY_PRIVATE Lorg/jetbrains/kotlin/fir/lightTree/fir/modifier/ModifierFlag; org/jetbrains/kotlin/fir/lightTree/fir/modifier/ModifierFlag
staticfield org/jetbrains/kotlin/fir/lightTree/fir/modifier/ModifierFlag VISIBILITY_INTERNAL Lorg/jetbrains/kotlin/fir/lightTree/fir/modifier/ModifierFlag; org/jetbrains/kotlin/fir/lightTree/fir/modifier/ModifierFlag
staticfield org/jetbrains/kotlin/fir/lightTree/fir/modifier/ModifierFlag VISIBILITY_PROTECTED Lorg/jetbrains/kotlin/fir/lightTree/fir/modifier/ModifierFlag; org/jetbrains/kotlin/fir/lightTree/fir/modifier/ModifierFlag
staticfield org/jetbrains/kotlin/fir/lightTree/fir/modifier/ModifierFlag VISIBILITY_UNKNOWN Lorg/jetbrains/kotlin/fir/lightTree/fir/modifier/ModifierFlag; org/jetbrains/kotlin/fir/lightTree/fir/modifier/ModifierFlag
staticfield org/jetbrains/kotlin/fir/lightTree/fir/modifier/ModifierFlag FUNCTION_TAILREC Lorg/jetbrains/kotlin/fir/lightTree/fir/modifier/ModifierFlag; org/jetbrains/kotlin/fir/lightTree/fir/modifier/ModifierFlag
staticfield org/jetbrains/kotlin/fir/lightTree/fir/modifier/ModifierFlag FUNCTION_OPERATOR Lorg/jetbrains/kotlin/fir/lightTree/fir/modifier/ModifierFlag; org/jetbrains/kotlin/fir/lightTree/fir/modifier/ModifierFlag
staticfield org/jetbrains/kotlin/fir/lightTree/fir/modifier/ModifierFlag FUNCTION_INFIX Lorg/jetbrains/kotlin/fir/lightTree/fir/modifier/ModifierFlag; org/jetbrains/kotlin/fir/lightTree/fir/modifier/ModifierFlag
staticfield org/jetbrains/kotlin/fir/lightTree/fir/modifier/ModifierFlag FUNCTION_INLINE Lorg/jetbrains/kotlin/fir/lightTree/fir/modifier/ModifierFlag; org/jetbrains/kotlin/fir/lightTree/fir/modifier/ModifierFlag
staticfield org/jetbrains/kotlin/fir/lightTree/fir/modifier/ModifierFlag FUNCTION_EXTERNAL Lorg/jetbrains/kotlin/fir/lightTree/fir/modifier/ModifierFlag; org/jetbrains/kotlin/fir/lightTree/fir/modifier/ModifierFlag
staticfield org/jetbrains/kotlin/fir/lightTree/fir/modifier/ModifierFlag FUNCTION_SUSPEND Lorg/jetbrains/kotlin/fir/lightTree/fir/modifier/ModifierFlag; org/jetbrains/kotlin/fir/lightTree/fir/modifier/ModifierFlag
staticfield org/jetbrains/kotlin/fir/lightTree/fir/modifier/ModifierFlag PROPERTY_CONST Lorg/jetbrains/kotlin/fir/lightTree/fir/modifier/ModifierFlag; org/jetbrains/kotlin/fir/lightTree/fir/modifier/ModifierFlag
staticfield org/jetbrains/kotlin/fir/lightTree/fir/modifier/ModifierFlag INHERITANCE_ABSTRACT Lorg/jetbrains/kotlin/fir/lightTree/fir/modifier/ModifierFlag; org/jetbrains/kotlin/fir/lightTree/fir/modifier/ModifierFlag
staticfield org/jetbrains/kotlin/fir/lightTree/fir/modifier/ModifierFlag INHERITANCE_FINAL Lorg/jetbrains/kotlin/fir/lightTree/fir/modifier/ModifierFlag; org/jetbrains/kotlin/fir/lightTree/fir/modifier/ModifierFlag
staticfield org/jetbrains/kotlin/fir/lightTree/fir/modifier/ModifierFlag INHERITANCE_OPEN Lorg/jetbrains/kotlin/fir/lightTree/fir/modifier/ModifierFlag; org/jetbrains/kotlin/fir/lightTree/fir/modifier/ModifierFlag
staticfield org/jetbrains/kotlin/fir/lightTree/fir/modifier/ModifierFlag INHERITANCE_SEALED Lorg/jetbrains/kotlin/fir/lightTree/fir/modifier/ModifierFlag; org/jetbrains/kotlin/fir/lightTree/fir/modifier/ModifierFlag
staticfield org/jetbrains/kotlin/fir/lightTree/fir/modifier/ModifierFlag PARAMETER_VARARG Lorg/jetbrains/kotlin/fir/lightTree/fir/modifier/ModifierFlag; org/jetbrains/kotlin/fir/lightTree/fir/modifier/ModifierFlag
staticfield org/jetbrains/kotlin/fir/lightTree/fir/modifier/ModifierFlag PARAMETER_NOINLINE Lorg/jetbrains/kotlin/fir/lightTree/fir/modifier/ModifierFlag; org/jetbrains/kotlin/fir/lightTree/fir/modifier/ModifierFlag
staticfield org/jetbrains/kotlin/fir/lightTree/fir/modifier/ModifierFlag PARAMETER_CROSSINLINE Lorg/jetbrains/kotlin/fir/lightTree/fir/modifier/ModifierFlag; org/jetbrains/kotlin/fir/lightTree/fir/modifier/ModifierFlag
staticfield org/jetbrains/kotlin/fir/lightTree/fir/modifier/ModifierFlag PARAMETER_CONST Lorg/jetbrains/kotlin/fir/lightTree/fir/modifier/ModifierFlag; org/jetbrains/kotlin/fir/lightTree/fir/modifier/ModifierFlag
staticfield org/jetbrains/kotlin/fir/lightTree/fir/modifier/ModifierFlag PLATFORM_EXPECT Lorg/jetbrains/kotlin/fir/lightTree/fir/modifier/ModifierFlag; org/jetbrains/kotlin/fir/lightTree/fir/modifier/ModifierFlag
staticfield org/jetbrains/kotlin/fir/lightTree/fir/modifier/ModifierFlag PLATFORM_ACTUAL Lorg/jetbrains/kotlin/fir/lightTree/fir/modifier/ModifierFlag; org/jetbrains/kotlin/fir/lightTree/fir/modifier/ModifierFlag
staticfield org/jetbrains/kotlin/fir/lightTree/fir/modifier/ModifierFlag VARIANCE_IN Lorg/jetbrains/kotlin/fir/lightTree/fir/modifier/ModifierFlag; org/jetbrains/kotlin/fir/lightTree/fir/modifier/ModifierFlag
staticfield org/jetbrains/kotlin/fir/lightTree/fir/modifier/ModifierFlag VARIANCE_OUT Lorg/jetbrains/kotlin/fir/lightTree/fir/modifier/ModifierFlag; org/jetbrains/kotlin/fir/lightTree/fir/modifier/ModifierFlag
staticfield org/jetbrains/kotlin/fir/lightTree/fir/modifier/ModifierFlag VARIANCE_INVARIANT Lorg/jetbrains/kotlin/fir/lightTree/fir/modifier/ModifierFlag; org/jetbrains/kotlin/fir/lightTree/fir/modifier/ModifierFlag
staticfield org/jetbrains/kotlin/fir/lightTree/fir/modifier/ModifierFlag REIFICATION_REIFIED Lorg/jetbrains/kotlin/fir/lightTree/fir/modifier/ModifierFlag; org/jetbrains/kotlin/fir/lightTree/fir/modifier/ModifierFlag
staticfield org/jetbrains/kotlin/fir/lightTree/fir/modifier/ModifierFlag CLASS_VALUE Lorg/jetbrains/kotlin/fir/lightTree/fir/modifier/ModifierFlag; org/jetbrains/kotlin/fir/lightTree/fir/modifier/ModifierFlag
staticfield org/jetbrains/kotlin/fir/lightTree/fir/modifier/ModifierFlag $VALUES [Lorg/jetbrains/kotlin/fir/lightTree/fir/modifier/ModifierFlag; 37 [Lorg/jetbrains/kotlin/fir/lightTree/fir/modifier/ModifierFlag;
staticfield org/jetbrains/kotlin/fir/lightTree/fir/modifier/ModifierFlag $ENTRIES Lkotlin/enums/EnumEntries; kotlin/enums/EnumEntriesList
ciInstanceKlass org/jetbrains/kotlin/fir/types/impl/FirUserTypeRefImpl 1 1 223 1 7 1 7 1 1 1 3 3 1 3 1 3 1 1 1 1 1 1 1 1 1 1 1 1 1 1 1 1 1 1 1 1 1 1 1 1 1 1 1 1 1 1 1 1 1 1 1 1 1 1 1 1 1 1 1 1 1 1 1 1 1 1 1 1 1 1 8 1 7 1 1 12 10 8 1 12 10 12 9 12 9 12 9 12 9 1 1 8 1 1 1 1 1 8 12 10 1 100 1 1 12 11 1 100 1 12 11 1 1 12 11 1 100 1 1 12 11 1 100 1 12 11 1 100 11 1 100 1 100 1 100 1 1 12 10 12 10 1 7 1 1 12 10 1 100 10 1 1 1 1 1 1 1 1 1 1 1 1 8 1 8 1 12 10 1 100 1 1 12 10 1 100 1 1 12 10 12 10 1 8 1 100 1 1 12 10 12 10 1 1 12 10 1 1 12 10 1 100 1 1 100 1 1 100 1 1 100 12 10 1 1 1 1 1 1 1 1 1 1 1 1
ciInstanceKlass org/jetbrains/kotlin/fir/symbols/impl/FirValueParameterSymbol 1 1 98 1 100 1 1 7 1 100 1 100 1 1 1 3 3 1 3 1 3 1 1 1 1 1 1 1 1 1 1 1 1 1 1 1 1 1 1 1 1 1 1 1 1 1 1 1 1 1 1 1 12 10 1 1 1 100 1 1 12 10 1 12 10 1 1 12 10 1 100 1 1 12 10 1 1 100 1 12 10 1 100 12 10 12 10 12 10 1 12 10 1 1 1 1 1 1 1 1
ciInstanceKlass org/jetbrains/kotlin/fir/lightTree/fir/ValueParameter 1 1 825 1 7 1 7 1 1 1 3 3 1 3 1 3 1 1 1 1 1 1 1 1 1 1 1 1 1 1 1 1 1 1 1 1 1 1 1 1 1 1 1 1 1 1 1 1 1 1 1 1 1 1 1 1 1 1 1 1 1 1 1 1 1 1 1 1 1 1 1 1 1 1 1 1 1 1 1 1 1 1 1 1 1 100 1 100 1 1 100 1 7 1 1 7 1 1 7 1 1 7 1 7 1 1 1 1 1 1 1 1 1 8 1 7 1 1 12 10 8 8 8 8 8 8 8 1 12 10 12 9 12 9 12 9 12 9 12 9 12 9 12 9 12 9 12 9 12 9 12 9 12 9 12 9 12 9 12 9 1 7 1 1 12 9 1 16 1 1 12 10 15 16 1 7 1 1 12 10 15 1 1 12 18 1 7 1 1 12 10 12 9 1 1 12 10 15 16 18 12 9 1 1 12 10 1 1 1 7 1 12 11 1 7 1 7 1 1 8 8 12 10 12 10 12 10 1 7 1 100 10 1 100 1 8 1 12 10 1 100 1 1 12 10 1 1 12 10 1 100 1 7 1 7 10 12 10 1 1 12 9 1 7 1 1 12 10 1 100 1 100 1 100 1 100 1 100 1 1 12 10 1 1 12 10 1 12 9 1 1 12 10 1 7 1 1 12 10 1 1 12 10 1 1 12 10 1 7 10 10 1 7 10 10 10 1 1 12 10 1 7 1 1 12 10 1 12 10 1 7 1 1 12 10 1 12 10 1 7 1 1 12 10 1 1 12 10 1 7 1 12 10 1 7 1 7 1 7 1 1 12 10 1 12 10 1 7 1 1 12 11 1 7 1 12 11 1 12 11 1 7 1 7 10 10 10 1 1 12 10 1 1 12 10 1 12 10 1 12 10 1 12 10 10 1 1 12 11 1 1 12 10 1 1 12 10 1 1 12 10 1 12 10 1 1 12 10 1 1 12 10 1 1 12 10 1 1 12 10 1 1 12 10 1 12 10 1 12 10 1 1 12 11 1 7 1 1 12 10 1 7 1 1 12 10 1 7 1 7 1 1 12 10 1 1 12 10 1 12 10 1 12 10 1 12 10 1 12 10 1 12 10 1 12 10 1 12 10 1 12 10 1 12 10 1 12 10 1 7 1 1 12 10 1 12 9 10 1 7 1 1 12 9 1 12 9 1 1 12 10 10 12 10 1 12 10 1 1 12 10 3 1 1 12 10 1 7 1 12 10 1 7 1 1 12 10 12 10 1 7 1 1 12 10 1 12 10 1 7 1 1 12 11 1 12 11 1 12 10 1 12 10 1 7 1 7 1 1 12 10 1 12 9 1 1 12 10 1 1 12 10 1 7 1 1 12 10 1 12 9 1 7 1 12 10 1 12 9 10 1 12 10 1 12 10 1 12 10 1 7 1 1 12 10 1 7 1 1 12 10 1 100 1 7 1 1 12 10 1 12 10 1 1 1 1 1 1 1 1 1 1 1 1 1 1 1 1 1 1 1 1 1 1 1 1 1 1 1 1 1 1 1 1 1 1 1 1 1 1 1 1 1 1 1 1 1 1 1 1 1 1 1 1 1 1 1 1 12 10 1 1 12 10 1 12 10 1 1 1 1 1 1 1 1 7 10 10 10 10 1 12 10 1 12 10 10 1 100 1 1 12 10 10 10 1 12 10 1 100 10 1 12 9 10 1 100 1 12 9 10 1 12 10 1 12 10 1 12 10 1 12 10 1 12 10 1 12 10 1 7 1 1 12 9 1 12 9 1 1 12 10 1 100 1 8 1 1 12 10 10 10 10 10 12 10 1 1 1 1 1 1 1 1 1 1 1 1 1 1 1 1 1 1 1 1 1
instanceKlass org/jetbrains/kotlin/fir/types/impl/FirErrorTypeRefImpl
ciInstanceKlass org/jetbrains/kotlin/fir/types/FirErrorTypeRef 1 1 126 1 100 1 7 1 100 1 1 1 3 3 1 3 1 3 1 1 1 1 1 1 1 1 1 1 1 1 1 1 1 1 1 1 1 1 1 1 1 1 1 1 1 1 1 1 1 1 1 1 1 1 1 1 1 1 1 1 1 1 1 1 1 1 1 1 1 1 1 12 10 1 1 1 1 1 8 1 100 1 1 12 10 1 100 1 1 12 10 1 1 8 1 100 1 1 12 10 1 8 1 12 10 1 100 1 1 1 1 1 1 1 1 1 1 1 1 100 1 8 1 1 12 10 1 1
ciInstanceKlass org/jetbrains/kotlin/fir/lightTree/fir/ValueParameter$$Lambda$365+0x00007f105c4b07f0 1 1 26 1 7 1 7 1 100 1 1 1 1 1 12 10 12 9 1 1 1 7 1 1 12 10 1 1
instanceKlass org/jetbrains/kotlin/fir/declarations/impl/FirDefaultSetterValueParameter
instanceKlass org/jetbrains/kotlin/fir/declarations/impl/FirValueParameterImpl
ciInstanceKlass org/jetbrains/kotlin/fir/declarations/FirValueParameter 1 1 245 1 100 1 7 1 100 1 1 1 3 3 1 3 1 3 1 1 1 1 1 1 1 1 1 1 1 1 1 1 1 1 1 1 1 1 1 1 1 1 1 1 1 1 1 1 1 1 1 1 1 1 1 1 1 1 1 1 1 1 1 1 1 1 1 1 1 1 1 1 1 1 1 1 1 1 1 1 1 1 1 1 1 1 1 1 1 1 1 1 1 1 1 1 1 1 1 1 1 1 1 1 1 1 1 1 1 1 1 1 1 1 1 1 1 1 1 1 1 1 1 1 1 1 1 1 1 1 1 1 1 1 1 1 1 1 1 1 1 1 1 1 1 1 1 1 1 1 1 1 1 1 1 1 1 1 1 1 1 1 1 1 1 1 1 1 1 1 1 1 12 10 1 1 1 1 1 1 1 1 8 1 100 1 1 12 10 1 100 1 1 12 10 1 1 8 1 100 1 1 12 10 1 8 1 12 10 1 100 1 1 1 1 1 1 1 1 1 1 1 1 1 1 1 1 1 1 1 1 100 1 8 1 1 12 10 1 1 1 8 1 1 8 1 1
ciInstanceKlass org/jetbrains/kotlin/fir/lightTree/fir/ValueParameter$$Lambda$366+0x00007f105c4b1060 1 1 26 1 7 1 7 1 100 1 1 1 1 1 12 10 12 9 1 1 1 7 1 1 12 10 1 1
ciInstanceKlass org/jetbrains/kotlin/fir/builder/ConversionUtilsKt 1 1 1970 1 7 1 100 1 1 1 3 3 1 1 3 1 1 1 1 1 1 1 1 1 1 1 1 1 1 1 1 1 1 1 1 1 1 1 1 1 1 1 1 1 1 1 1 1 1 1 1 1 1 1 1 1 1 1 1 1 1 1 1 1 1 1 1 1 1 1 1 1 1 1 1 1 1 1 1 1 1 1 1 1 1 1 1 1 1 1 1 1 1 1 1 1 1 1 1 1 1 1 1 1 1 1 1 1 1 1 1 1 1 1 1 1 1 1 1 1 1 1 1 1 1 1 1 1 1 1 1 1 1 1 1 1 1 1 1 1 1 1 1 1 1 1 1 1 1 1 1 1 1 1 1 1 1 1 1 1 1 100 1 7 1 1 7 1 1 7 1 1 7 1 1 100 1 1 7 1 1 7 1 1 7 1 1 100 1 1 7 1 1 100 1 100 1 1 7 1 7 1 7 1 7 1 7 1 1 100 1 100 1 1 1 1 1 1 8 1 7 1 1 12 10 1 7 1 1 12 10 1 1 12 10 1 7 1 7 1 1 12 9 1 1 12 10 1 1 12 10 1 8 1 12 10 1 7 11 1 12 9 1 12 10 1 12 9 12 10 1 1 8 1 7 1 1 12 9 1 100 1 12 10 1 8 1 1 12 10 1 1 12 10 1 100 1 12 10 1 12 10 12 9 1 12 10 1 7 1 1 12 10 1 7 1 12 10 1 1 1 1 12 9 1 7 1 1 12 10 1 7 1 1 12 10 1 1 1 1 7 1 1 12 9 8 1 7 11 1 7 1 1 12 9 8 1 1 12 10 1 100 1 8 1 12 10 10 1 12 10 1 7 1 12 9 1 1 8 1 7 10 1 1 12 10 1 1 12 10 1 12 10 1 1 12 10 1 1 1 1 1 1 1 7 10 10 1 12 10 1 12 10 1 7 1 1 12 9 1 12 9 1 1 12 10 1 12 10 1 1 1 1 1 1 8 1 1 12 9 1 7 1 1 12 10 1 7 1 100 1 7 1 12 9 1 12 10 1 7 1 7 10 10 1 7 10 10 1 12 9 1 1 12 10 1 12 10 1 1 12 10 1 12 10 1 7 1 1 12 9 1 1 12 10 1 12 10 1 1 1 1 1 1 1 1 1 1 1 1 8 1 1 12 9 8 1 7 1 7 1 1 12 10 1 8 1 100 10 1 12 9 1 100 1 12 9 1 7 1 1 12 9 1 1 12 10 12 9 1 12 9 12 9 1 12 9 1 12 9 1 12 9 1 12 9 1 8 1 7 10 10 1 1 12 10 1 1 12 10 1 12 10 1 1 1 1 1 1 1 1 1 7 1 1 12 10 1 1 12 10 1 1 1 1 1 1 8 1 7 10 10 1 12 9 10 1 12 10 1 1 1 1 1 1 1 8 1 7 10 10 1 7 1 1 12 10 10 1 1 12 10 1 7 1 1 12 10 1 12 10 1 7 1 7 1 1 1 1 1 1 1 1 7 10 1 12 9 10 12 10 10 1 1 12 10 1 12 10 1 1 1 1 1 1 1 1 7 1 12 10 1 7 1 100 1 7 1 12 10 1 100 10 1 1 1 8 8 8 1 7 1 7 1 12 10 1 12 10 1 1 12 10 1 7 1 1 12 10 1 12 9 1 100 1 7 1 100 1 100 1 7 1 1 12 10 1 1 12 10 1 12 9 1 1 12 10 1 1 12 10 1 1 12 10 1 12 10 1 12 10 1 12 10 1 1 12 10 1 100 1 100 1 1 12 10 1 7 1 7 1 12 10 1 1 12 10 1 100 10 1 1 12 10 1 100 1 12 9 1 7 10 10 1 1 12 10 1 12 9 1 12 10 1 7 1 12 9 1 7 1 1 12 10 1 1 12 10 1 7 1 1 12 11 1 12 9 1 100 1 100 1 1 12 9 1 12 10 1 12 11 10 1 12 10 1 1 12 10 1 7 10 1 1 12 10 1 7 1 7 10 1 1 12 10 1 12 9 1 1 12 10 1 12 10 1 100 1 1 12 10 10 1 12 10 1 7 1 7 1 12 10 1 1 12 10 10 1 7 1 1 12 11 1 12 10 12 10 1 1 12 11 1 100 1 12 10 1 12 10 1 12 10 1 12 10 1 1 12 10 1 100 10 1 1 12 10 1 100 1 1 12 10 1 100 1 1 12 10 1 100 10 10 1 12 10 1 12 10 10 10 10 1 100 1 12 9 10 1 100 10 1 12 10 1 12 10 1 12 10 1 12 10 10 1 12 10 10 1 1 12 11 1 12 9 1 100 10 1 12 10 1 12 10 1 12 10 1 12 10 1 1 1 1 1 1 1 1 1 1 1 1 1 1 1 1 1 1 1 1 1 1 1 1 1 1 1 1 1 1 1 1 1 1 1 1 1 1 1 1 1 1 1 1 1 1 1 1 1 1 1 1 1 1 1 1 1 1 1 1 1 1 1 1 1 1 1 1 1 1 12 9 12 10 1 8 1 12 10 16 1 1 12 10 15 16 1 100 1 1 12 10 15 1 12 18 1 100 1 1 12 10 1 12 10 1 100 1 1 100 10 10 10 1 12 10 1 1 12 10 1 12 10 1 1 1 1 1 1 1 1 12 10 1 12 10 1 1 1 12 10 10 1 12 10 1 8 1 100 1 12 11 1 100 10 1 12 10 1 1 12 10 1 100 1 12 10 1 8 1 12 10 1 8 10 1 1 1 1 1 1 12 10 1 1 1 8 8 1 7 10 1 7 10 1 12 10 1 1 12 10 10 1 12 9 10 1 12 10 1 7 11 1 12 10 1 100 1 12 10 1 7 10 1 12 10 1 12 10 1 12 10 10 1 12 10 1 1 1 1 1 1 1 1 1 1 1 1 1 1 1 1 1 1 1 1 1 1 12 9 1 7 1 12 9 12 10 1 1 8 8 12 11 1 7 1 1 12 10 12 10 1 12 10 1 1 1 11 1 8 1 12 10 1 1 1 1 12 10 1 1 12 10 1 100 1 12 11 1 100 1 1 12 11 1 100 1 12 9 1 1 8 1 7 10 1 1 12 11 1 7 1 7 1 12 11 1 1 12 11 1 7 1 1 12 10 1 7 10 10 10 1 1 12 10 1 1 12 10 1 12 10 1 12 10 10 10 10 10 1 12 10 1 1 12 10 1 1 12 10 1 1 12 10 1 1 12 10 1 1 12 10 10 1 12 9 1 12 10 1 1 1 1 1 1 1 1 1 1 1 1 1 1 1 1 1 1 1 1 1 1 1 1 1 8 8 1 7 10 1 7 10 1 12 10 1 12 10 1 7 1 1 12 10 1 12 10 1 7 12 11 10 1 12 9 1 100 10 10 10 1 8 1 12 10 1 12 9 12 10 1 12 10 1 100 10 1 12 11 1 1 12 10 1 12 10 10 10 10 1 7 1 12 9 1 12 10 1 100 1 12 10 1 1 1 1 1 1 1 1 1 1 1 1 1 1 1 1 1 1 1 1 1 1 1 1 1 1 1 12 10 1 7 1 1 12 10 1 100 1 7 1 1 12 10 1 1 1 12 10 1 12 10 11 1 1 1 1 1 1 1 1 8 1 12 11 12 10 1 12 9 12 10 1 1 1 1 1 1 1 12 10 1 1 1 1 12 9 1 12 9 1 12 9 1 1 1 100 10 1 100 10 10 1 7 1 12 9 1 1 12 10 1 100 1 1 12 10 1 12 10 1 7 1 7 1 1 12 10 1 7 1 12 10 1 12 9 1 100 1 1 12 10 1 12 10 1 12 10 1 1 1 1 1 1 1 1 7 10 10 1 7 10 1 12 10 1 100 10 1 7 1 1 12 10 1 12 10 1 12 10 1 12 10 1 12 10 1 12 10 1 12 9 1 100 1 1 12 10 1 1 1 1 1 1 1 1 1 1 1 1 1 1 1 1 1 1 1 7 10 10 12 10 1 12 10 1 12 10 1 1 1 1 1 1 1 7 10 10 10 10 1 12 10 1 7 1 12 9 1 12 10 1 12 10 1 12 10 1 12 10 1 12 10 10 1 12 10 10 1 100 1 100 10 10 1 100 1 1 12 9 1 1 12 10 1 100 1 12 10 1 100 1 1 12 10 1 12 10 10 1 12 10 1 12 10 1 1 1 1 1 1 1 1 1 1 1 1 1 1 1 1 1 1 8 1 100 12 10 1 1 7 1 7 1 1 12 10 1 7 1 1 12 10 1 12 9 1 12 9 1 12 9 1 12 9 1 12 9 1 12 9 1 12 9 1 12 9 1 12 9 12 9 1 12 9 1 12 9 1 12 9 1 12 9 1 12 9 1 12 9 1 12 9 1 12 9 1 12 9 1 12 9 1 12 9 1 1 12 9 1 12 9 1 12 9 12 9 1 12 9 1 12 9 1 12 9 1 12 9 1 1 1 1 1 1 1 1 1 1 1 1
staticfield org/jetbrains/kotlin/fir/builder/ConversionUtilsKt escapeCharToChartedWithDiagnosticMap Ljava/util/HashMap; java/util/HashMap
staticfield org/jetbrains/kotlin/fir/builder/ConversionUtilsKt illegalEscapeDiagnostic Lorg/jetbrains/kotlin/fir/builder/CharacterWithDiagnostic; org/jetbrains/kotlin/fir/builder/CharacterWithDiagnostic
staticfield org/jetbrains/kotlin/fir/builder/ConversionUtilsKt ktTokenToFirOperationMap Ljava/util/HashMap; java/util/HashMap
ciInstanceKlass org/jetbrains/kotlin/fir/UtilsKt 1 1 1129 1 7 1 100 1 1 1 3 3 1 1 3 1 1 1 1 1 1 1 1 1 1 1 1 1 1 1 1 1 1 1 1 1 1 1 1 1 1 1 1 1 1 1 1 1 1 1 1 1 1 1 1 1 1 1 1 1 1 1 1 1 1 1 1 1 1 1 1 1 1 1 1 1 1 1 1 1 1 1 1 1 1 1 1 1 1 1 1 1 1 1 1 1 1 1 1 1 1 1 1 1 1 1 1 1 1 1 1 1 1 1 1 1 1 1 1 1 1 1 1 1 1 1 1 1 1 1 1 7 1 7 1 1 7 1 1 7 1 1 7 1 1 100 1 1 100 1 1 100 1 1 100 1 1 100 1 1 7 1 1 100 1 7 1 1 7 1 1 1 1 1 1 1 8 1 7 1 1 12 10 1 7 1 1 12 10 1 7 1 1 12 10 1 100 1 1 8 1 7 1 1 12 10 1 7 1 1 12 10 1 1 12 10 1 7 1 1 12 10 12 10 1 1 8 1 100 1 7 1 7 1 7 1 1 12 10 10 1 1 12 10 1 12 10 10 1 7 1 7 1 1 12 11 1 1 12 10 1 1 12 10 1 1 12 10 1 1 12 10 1 1 12 10 1 7 1 100 10 10 10 10 10 10 1 1 12 10 1 1 12 10 10 10 1 1 12 10 1 1 12 10 1 12 10 1 12 10 1 12 10 1 7 1 7 10 10 1 1 12 10 1 1 12 10 1 12 10 10 1 7 1 12 10 10 1 12 10 1 7 1 1 12 10 1 12 10 1 7 1 7 1 7 10 10 10 10 10 10 10 1 12 10 1 12 10 1 12 10 10 1 12 10 1 12 10 12 10 1 12 10 1 12 10 10 1 12 10 1 100 1 100 10 10 10 10 10 10 1 12 10 1 100 1 100 1 1 12 10 1 100 1 100 10 10 10 10 1 12 10 1 12 10 1 12 10 1 12 10 1 12 10 1 100 10 1 8 1 1 12 10 1 1 12 10 1 7 1 1 12 10 1 12 10 1 1 12 10 1 100 1 8 1 12 10 1 8 1 12 10 1 1 1 1 1 1 1 1 1 1 1 1 1 1 1 1 1 1 1 1 1 1 1 1 1 1 1 1 1 1 1 1 7 1 1 12 10 1 7 1 12 10 1 1 100 1 1 12 10 12 10 1 1 100 11 1 100 1 12 10 1 100 1 1 100 10 1 1 1 100 3 1 12 10 1 12 10 1 1 1 12 10 1 1 1 7 1 1 12 11 1 100 1 100 1 1 12 11 1 7 1 100 1 12 10 1 1 12 11 1 12 10 1 7 1 12 10 1 12 10 1 1 1 1 1 1 1 12 11 12 11 12 11 12 11 12 11 12 11 12 11 12 11 12 11 12 11 12 11 12 11 12 11 3 12 11 3 11 3 12 11 3 12 11 3 12 11 3 12 11 3 1 12 11 3 1 12 11 12 10 1 8 8 1 100 1 12 10 1 100 1 12 10 3 1 1 12 10 1 1 1 1 12 11 1 12 11 12 10 1 12 10 1 12 10 1 12 10 1 12 10 1 12 10 1 12 10 1 12 10 1 12 10 1 12 10 1 12 10 1 12 10 1 12 10 1 12 10 1 12 10 10 1 12 10 1 12 10 1 12 10 1 12 10 1 12 10 1 12 10 1 1 7 8 8 8 1 100 1 1 12 11 12 10 1 7 1 1 12 10 1 100 10 1 1 1 1 1 8 1 1 12 10 1 100 1 1 12 10 1 1 12 10 1 12 9 1 100 12 9 1 100 1 1 12 10 1 1 1 8 1 12 11 1 100 1 1 12 11 1 12 10 10 1 1 1 1 1 8 1 100 1 1 12 10 1 7 1 1 12 10 1 100 1 1 12 9 1 100 1 1 12 10 1 100 1 1 12 9 1 1 1 1 1 1 1 1 1 8 1 100 10 1 7 1 1 12 10 1 7 10 1 100 1 1 12 10 1 7 1 1 12 9 1 7 1 12 9 1 1 1 1 12 9 1 7 1 1 12 11 12 10 1 1 100 11 1 1 12 9 1 1 1 1 100 1 1 12 10 1 100 10 1 7 1 100 1 1 12 10 12 10 1 100 1 1 12 10 1 100 1 1 12 10 1 100 1 100 1 12 9 1 100 1 8 10 10 1 1 1 12 9 1 7 1 12 10 1 12 9 1 12 9 1 12 9 1 12 9 1 12 9 1 8 12 10 1 1 8 1 7 10 10 1 100 10 1 12 9 10 1 100 1 12 9 1 1 12 10 1 100 1 8 1 100 1 1 12 9 1 12 10 1 100 10 1 12 10 1 7 10 1 12 9 10 1 1 12 10 1 1 12 10 10 1 12 10 1 1 12 10 1 12 10 1 7 1 1 1 1 1 1 1 1 1 1 1 1 1 1 100 1 1 12 10 1 100 10 1 1 1 1 1 1 1 1 1 1 12 10 1 1 7 1 7 8 1 8 1 12 10 1 7 1 1 12 10 1 12 9 1 7 1 1 12 10 1 1 1 1 1 1 1 1 1 1 1 1 1
staticfield org/jetbrains/kotlin/fir/UtilsKt $$delegatedProperties [Lkotlin/reflect/KProperty; 1 [Lkotlin/reflect/KProperty;
staticfield org/jetbrains/kotlin/fir/UtilsKt exceptionHandler$delegate Lorg/jetbrains/kotlin/util/ArrayMapAccessor; org/jetbrains/kotlin/util/ArrayMapAccessor
ciInstanceKlass org/jetbrains/kotlin/KtSourceElementKt 1 1 238 1 7 1 100 1 1 1 3 3 1 1 3 1 1 1 1 1 1 1 1 1 1 1 1 1 1 1 1 1 1 1 1 1 1 1 1 1 1 1 1 1 1 1 1 1 1 1 100 1 100 1 1 100 1 1 100 1 1 100 1 1 100 1 1 1 1 8 1 7 1 1 12 10 8 1 7 1 1 12 10 1 1 12 10 1 7 1 1 12 10 1 100 1 1 12 10 1 12 10 1 1 12 10 1 7 1 1 12 10 1 100 1 100 1 12 10 1 12 10 1 100 1 12 10 1 100 1 12 10 1 1 1 1 12 10 1 1 7 1 7 1 1 12 9 1 12 10 1 1 1 1 100 1 1 12 11 1 100 1 100 1 1 12 11 1 1 8 1 1 1 1 1 1 1 8 1 1 1 1 11 11 1 1 8 1 100 1 12 9 1 12 9 1 12 9 1 100 1 12 9 1 12 9 1 12 9 1 100 1 100 10 1 8 1 1 12 10 1 12 10 12 10 10 1 12 10 1 1 1 1 1 1 1 1 1 1 1
ciInstanceKlass org/jetbrains/kotlin/fir/declarations/builder/FirValueParameterBuilder 1 1 272 1 7 1 7 1 100 1 1 1 1 3 3 1 3 1 3 1 1 1 1 1 1 1 1 1 1 1 1 1 1 1 1 1 1 1 1 1 1 1 1 1 1 1 1 1 1 1 1 1 1 1 1 1 1 1 1 1 1 1 1 1 1 1 1 1 1 1 1 1 1 1 1 1 1 1 1 1 1 1 1 1 1 1 1 1 1 1 1 1 1 1 1 1 1 1 1 1 1 1 1 1 1 1 1 1 1 1 1 1 1 1 1 1 1 1 1 1 12 10 1 7 1 12 9 12 9 1 7 10 12 9 1 7 1 1 12 9 1 7 12 9 1 7 10 1 7 12 9 1 7 1 12 9 12 9 1 12 9 1 8 1 7 1 1 12 10 12 9 1 100 8 1 1 12 10 12 9 1 100 8 12 9 1 100 8 12 9 1 100 8 1 12 9 1 100 8 12 9 1 12 9 1 100 8 1 12 9 12 9 12 9 1 1 7 12 10 12 10 12 10 12 10 12 10 12 10 12 10 12 10 12 10 1 7 1 1 12 10 12 10 12 10 12 10 12 10 12 10 12 10 12 10 1 12 10 1 7 1 12 10 1 100 1 1 1 1 1 1 1 1 1
ciInstanceKlass org/jetbrains/kotlin/fir/declarations/FirValueParameterKind 1 1 90 1 7 1 1 7 1 1 1 3 3 1 3 1 3 1 1 1 1 1 1 1 1 1 1 1 1 1 1 1 1 12 10 1 1 1 1 1 1 1 12 9 1 100 1 1 12 10 100 1 1 1 12 10 1 1 1 1 1 12 9 1 12 9 12 9 12 9 1 8 10 8 8 12 10 1 7 1 7 1 1 12 10 1 1 1 1 1 1 1
staticfield org/jetbrains/kotlin/fir/declarations/FirValueParameterKind Regular Lorg/jetbrains/kotlin/fir/declarations/FirValueParameterKind; org/jetbrains/kotlin/fir/declarations/FirValueParameterKind
staticfield org/jetbrains/kotlin/fir/declarations/FirValueParameterKind ContextParameter Lorg/jetbrains/kotlin/fir/declarations/FirValueParameterKind; org/jetbrains/kotlin/fir/declarations/FirValueParameterKind
staticfield org/jetbrains/kotlin/fir/declarations/FirValueParameterKind LegacyContextReceiver Lorg/jetbrains/kotlin/fir/declarations/FirValueParameterKind; org/jetbrains/kotlin/fir/declarations/FirValueParameterKind
staticfield org/jetbrains/kotlin/fir/declarations/FirValueParameterKind $VALUES [Lorg/jetbrains/kotlin/fir/declarations/FirValueParameterKind; 3 [Lorg/jetbrains/kotlin/fir/declarations/FirValueParameterKind;
staticfield org/jetbrains/kotlin/fir/declarations/FirValueParameterKind $ENTRIES Lkotlin/enums/EnumEntries; kotlin/enums/EnumEntriesList
ciInstanceKlass org/jetbrains/kotlin/fir/declarations/impl/FirValueParameterImpl 1 1 519 1 7 1 7 1 1 1 3 3 1 3 1 3 1 1 1 1 1 1 1 1 1 1 1 1 1 1 1 1 1 1 1 1 1 1 1 1 1 1 1 1 1 1 1 1 1 1 1 1 1 1 1 1 1 1 1 1 1 1 1 1 1 1 1 1 1 1 1 1 1 1 1 1 1 1 1 1 1 1 1 1 1 1 1 1 1 1 1 1 1 1 1 1 1 1 1 1 1 1 1 1 1 1 1 1 1 1 1 1 1 1 1 1 1 1 1 1 1 1 1 1 1 1 1 1 1 1 1 1 1 1 1 1 1 1 1 1 1 1 1 1 1 1 1 1 1 1 1 1 1 1 1 1 1 1 1 1 1 1 1 1 1 1 1 1 1 1 1 1 1 1 1 1 1 1 1 1 1 1 1 1 1 100 1 100 1 1 7 1 7 1 1 1 1 1 1 1 1 8 1 7 1 1 12 10 8 8 8 8 8 8 8 8 8 1 12 10 12 9 12 9 12 9 12 9 12 9 12 9 12 9 12 9 12 9 12 9 12 9 12 9 12 9 12 9 12 9 1 12 9 1 1 12 10 1 7 12 9 12 10 1 7 1 7 1 1 12 10 1 7 1 1 12 10 1 7 1 1 12 10 12 10 12 10 1 1 12 9 1 1 12 10 1 100 10 1 100 1 1 12 10 1 100 1 1 12 10 1 100 1 1 12 11 1 1 12 10 1 8 1 12 10 1 100 10 1 12 10 1 1 1 1 8 1 1 1 1 1 1 100 1 12 10 1 12 9 1 8 12 10 1 1 12 11 12 10 1 100 10 12 10 1 7 1 1 12 10 1 100 1 1 12 11 1 100 1 12 11 1 1 12 11 1 100 10 12 10 1 100 10 12 10 1 100 10 1 1 1 1 1 1 1 1 8 12 10 12 10 12 10 1 1 12 11 12 10 10 12 10 1 100 1 1 12 10 12 10 10 1 100 12 10 10 12 10 8 8 1 8 12 10 1 8 1 1 8 1 100 1 1 12 10 12 10 1 1 1 7 1 1 100 1 100 12 10 1 100 1 12 10 1 1 100 1 1 100 1 1 100 1 1 100 12 10 12 10 12 10 12 10 12 10 12 10 12 10 1 1 1 100 1 1 100 12 10 1 1 1 1 1 1 1 1 1 1 1 1 1
ciInstanceKlass org/jetbrains/kotlin/descriptors/annotations/AnnotationUseSiteTarget 1 1 151 1 7 1 1 7 1 1 1 3 3 1 3 1 3 1 1 1 1 1 1 1 1 1 1 1 1 1 1 1 1 1 1 1 1 1 1 1 1 1 1 1 1 1 12 10 1 12 10 1 7 1 1 12 10 1 100 12 9 1 1 1 1 1 12 10 1 1 12 9 1 100 1 1 12 10 100 1 1 1 12 10 1 1 1 1 12 9 1 12 9 12 9 12 9 12 9 12 9 12 9 12 9 12 9 12 9 12 9 1 1 8 12 10 8 8 8 8 1 8 8 1 8 8 8 1 8 8 1 8 8 1 8 12 10 1 7 1 7 1 1 12 10 1 1 1 1 1 1 1 1
staticfield org/jetbrains/kotlin/descriptors/annotations/AnnotationUseSiteTarget ALL Lorg/jetbrains/kotlin/descriptors/annotations/AnnotationUseSiteTarget; org/jetbrains/kotlin/descriptors/annotations/AnnotationUseSiteTarget
staticfield org/jetbrains/kotlin/descriptors/annotations/AnnotationUseSiteTarget FIELD Lorg/jetbrains/kotlin/descriptors/annotations/AnnotationUseSiteTarget; org/jetbrains/kotlin/descriptors/annotations/AnnotationUseSiteTarget
staticfield org/jetbrains/kotlin/descriptors/annotations/AnnotationUseSiteTarget FILE Lorg/jetbrains/kotlin/descriptors/annotations/AnnotationUseSiteTarget; org/jetbrains/kotlin/descriptors/annotations/AnnotationUseSiteTarget
staticfield org/jetbrains/kotlin/descriptors/annotations/AnnotationUseSiteTarget PROPERTY Lorg/jetbrains/kotlin/descriptors/annotations/AnnotationUseSiteTarget; org/jetbrains/kotlin/descriptors/annotations/AnnotationUseSiteTarget
staticfield org/jetbrains/kotlin/descriptors/annotations/AnnotationUseSiteTarget PROPERTY_GETTER Lorg/jetbrains/kotlin/descriptors/annotations/AnnotationUseSiteTarget; org/jetbrains/kotlin/descriptors/annotations/AnnotationUseSiteTarget
staticfield org/jetbrains/kotlin/descriptors/annotations/AnnotationUseSiteTarget PROPERTY_SETTER Lorg/jetbrains/kotlin/descriptors/annotations/AnnotationUseSiteTarget; org/jetbrains/kotlin/descriptors/annotations/AnnotationUseSiteTarget
staticfield org/jetbrains/kotlin/descriptors/annotations/AnnotationUseSiteTarget RECEIVER Lorg/jetbrains/kotlin/descriptors/annotations/AnnotationUseSiteTarget; org/jetbrains/kotlin/descriptors/annotations/AnnotationUseSiteTarget
staticfield org/jetbrains/kotlin/descriptors/annotations/AnnotationUseSiteTarget CONSTRUCTOR_PARAMETER Lorg/jetbrains/kotlin/descriptors/annotations/AnnotationUseSiteTarget; org/jetbrains/kotlin/descriptors/annotations/AnnotationUseSiteTarget
staticfield org/jetbrains/kotlin/descriptors/annotations/AnnotationUseSiteTarget SETTER_PARAMETER Lorg/jetbrains/kotlin/descriptors/annotations/AnnotationUseSiteTarget; org/jetbrains/kotlin/descriptors/annotations/AnnotationUseSiteTarget
staticfield org/jetbrains/kotlin/descriptors/annotations/AnnotationUseSiteTarget PROPERTY_DELEGATE_FIELD Lorg/jetbrains/kotlin/descriptors/annotations/AnnotationUseSiteTarget; org/jetbrains/kotlin/descriptors/annotations/AnnotationUseSiteTarget
staticfield org/jetbrains/kotlin/descriptors/annotations/AnnotationUseSiteTarget $VALUES [Lorg/jetbrains/kotlin/descriptors/annotations/AnnotationUseSiteTarget; 10 [Lorg/jetbrains/kotlin/descriptors/annotations/AnnotationUseSiteTarget;
staticfield org/jetbrains/kotlin/descriptors/annotations/AnnotationUseSiteTarget $ENTRIES Lkotlin/enums/EnumEntries; kotlin/enums/EnumEntriesList
ciInstanceKlass kotlin/collections/ReversedListReadOnly 1 1 94 1 7 1 1 7 1 1 1 1 1 8 1 7 1 1 12 10 1 12 10 1 12 9 1 1 1 1 1 7 1 12 11 1 1 1 1 100 1 1 12 10 12 11 1 1 1 1 1 1 1 12 10 1 7 1 1 1 1 7 1 12 10 1 7 1 1 1 1 1 1 3 3 1 3 1 3 1 1 1 1 1 1 1 1 1 1 1 1 1 1 1 1 1
ciInstanceKlass kotlin/collections/ReversedListReadOnly$listIterator$1 1 1 113 1 7 1 1 7 1 7 1 100 1 1 1 1 1 12 9 1 12 10 1 7 1 1 12 10 1 7 1 7 1 1 12 10 1 1 12 11 1 1 12 9 1 1 1 1 1 1 1 1 1 1 1 12 11 12 11 1 1 1 1 12 11 1 1 1 12 11 1 12 10 12 11 12 11 1 1 100 1 8 1 12 10 1 1 1 1 1 1 1 1 1 1 3 3 1 3 1 3 1 1 1 1 1 1 1 1 1 1 1 1 1 1
instanceKlass org/jetbrains/kotlin/fir/expressions/impl/FirAnnotationCallImpl
ciInstanceKlass org/jetbrains/kotlin/fir/expressions/FirAnnotationCall 1 1 187 1 100 1 7 1 100 1 100 1 1 1 3 3 1 3 1 3 1 1 1 1 1 1 1 1 1 1 1 1 1 1 1 1 1 1 1 1 1 1 1 1 1 1 1 1 1 1 1 1 1 1 1 1 1 1 1 1 1 1 1 1 1 1 1 1 1 1 1 1 1 1 1 1 1 1 1 1 1 1 1 1 1 1 1 1 1 1 1 1 1 1 1 1 1 1 1 1 1 1 1 1 1 1 1 1 1 1 12 10 1 1 1 1 1 1 1 1 8 1 7 1 1 12 10 1 7 1 1 12 10 1 1 8 1 100 1 1 12 10 1 8 1 12 10 1 100 1 1 1 1 1 1 1 1 1 1 1 1 1 1 1 1 1 1 1 1 1 100 1 8 1 1 12 10 1 1 1 8 1 1 1 8 1 1 8 1
ciInstanceKlass org/jetbrains/kotlin/fir/expressions/impl/FirAnnotationCallImpl 1 1 367 1 7 1 7 1 1 1 3 3 1 3 1 3 1 1 1 1 1 1 1 1 1 1 1 1 1 1 1 1 1 1 1 1 1 1 1 1 1 1 1 1 1 1 1 1 1 1 1 1 1 1 1 1 1 1 1 1 1 1 1 1 1 1 1 1 1 1 1 1 1 1 1 1 1 1 1 1 1 1 1 1 1 1 1 1 1 1 1 1 1 1 1 1 1 1 1 1 1 1 1 1 1 1 1 1 1 1 1 1 1 1 1 1 1 1 1 1 1 1 1 1 1 1 1 1 8 1 7 1 1 12 10 8 8 8 8 8 12 10 12 9 12 9 12 9 12 9 12 9 12 9 12 9 12 9 12 9 1 1 8 1 1 1 1 12 10 1 100 1 12 10 1 1 100 1 12 10 1 8 1 100 1 1 12 10 12 10 1 7 1 1 12 10 1 100 1 1 12 11 1 100 1 1 12 11 1 1 12 11 1 100 10 12 10 1 100 10 12 10 1 100 10 1 1 1 1 1 1 1 1 1 8 12 10 12 10 1 1 12 10 12 10 12 10 10 12 10 1 100 1 1 12 10 10 12 10 1 12 10 1 1 12 10 1 100 10 1 100 1 1 12 10 1 100 1 1 12 10 1 1 12 10 1 8 1 12 10 1 8 1 12 10 1 12 10 1 100 10 1 12 10 1 1 8 12 10 8 1 8 1 100 1 1 12 10 12 10 8 8 8 12 10 8 12 10 1 12 10 1 100 1 12 10 1 1 100 1 1 100 1 1 100 1 1 100 1 1 100 1 1 100 12 10 1 1 1 1 1 1 1 1 1 1 1 1 1
ciInstanceKlass org/jetbrains/kotlin/fir/types/impl/FirErrorTypeRefImpl 1 1 220 1 7 1 7 1 1 1 3 3 1 3 1 3 1 1 1 1 1 1 1 1 1 1 1 1 1 1 1 1 1 1 1 1 1 1 1 1 1 1 1 1 1 1 1 1 1 1 1 1 1 1 1 1 1 1 1 1 1 1 1 1 1 1 1 1 1 1 1 1 1 1 1 1 1 1 1 1 1 1 8 1 7 1 1 12 10 1 12 10 12 9 12 9 12 9 12 9 12 9 1 7 12 10 1 12 10 1 7 12 9 1 1 12 10 1 1 1 1 1 8 12 10 1 100 1 1 12 10 1 100 1 1 12 11 1 100 1 12 11 1 1 12 11 1 100 1 1 12 10 12 10 1 100 10 1 1 1 1 1 1 1 1 1 8 12 10 1 8 1 100 1 1 12 10 12 10 1 100 1 1 12 10 1 1 1 12 10 1 100 1 100 12 10 12 10 1 1 100 1 1 100 1 1 1 100 12 10 1 1 1 1 1 1 1 1 1 1 1 1
ciInstanceKlass kotlin/collections/ReversedList 1 1 116 1 7 1 1 7 1 1 1 1 1 8 1 7 1 1 12 10 1 12 10 1 12 9 1 1 1 1 1 7 1 12 11 1 1 1 1 100 1 1 12 10 12 11 1 1 1 12 11 1 1 12 11 1 1 1 12 11 1 1 1 1 1 1 12 10 12 11 1 1 1 1 1 12 10 1 7 1 1 1 1 7 1 12 10 1 7 1 1 1 1 1 1 3 3 1 3 1 3 1 1 1 1 1 1 1 1 1 1 1 1 1 1 1 1 1
ciInstanceKlass org/jetbrains/kotlin/fir/expressions/builder/FirErrorExpressionBuilder 1 1 151 1 7 1 7 1 100 1 100 1 1 1 1 3 3 1 3 1 3 1 1 1 1 1 1 1 1 1 1 1 1 1 1 1 1 1 1 1 1 1 1 1 1 1 1 1 1 1 1 1 1 1 1 1 1 1 1 1 1 1 1 1 1 1 1 1 1 1 1 1 1 12 10 1 7 10 1 7 12 9 1 12 9 1 1 12 9 1 100 8 1 7 1 1 12 10 8 1 1 12 10 12 9 12 9 1 1 7 12 10 12 10 1 7 1 1 12 10 12 10 1 12 10 1 7 1 100 10 1 1 1 1 1 1 1 12 10 1 100 1 100 1 1 1 1 1 1 1 1 1 1
ciMethodData java/lang/Object <init> ()V 2 2585651 orig 80 0 0 0 0 0 0 0 0 0 0 0 0 0 0 0 0 0 0 0 0 0 0 0 0 0 0 0 0 0 0 0 0 0 0 0 0 0 0 0 0 0 0 0 0 0 0 0 0 0 0 0 0 0 0 0 0 0 0 0 0 0 0 0 0 0 0 0 0 0 0 0 0 0 0 0 0 0 0 0 0 data 4 0x0 0x9 0x1 0x0 oops 0 methods 0
ciMethodData jdk/internal/util/ArraysSupport newLength (III)I 2 5722 orig 80 0 0 0 0 0 0 0 0 0 0 0 0 16 127 0 0 0 0 0 0 0 0 0 0 0 0 0 0 0 0 0 0 0 0 0 0 0 0 0 0 0 0 0 0 0 0 0 0 0 0 0 0 0 0 0 0 0 0 0 0 0 0 0 0 0 0 0 0 0 0 0 0 0 0 0 0 0 0 0 0 data 23 0x30002 0x14ed 0xa0007 0x0 0x40 0x14ed 0x100007 0x0 0x20 0x14ed 0x170002 0x0 0x0 0x0 0x0 0x0 0x0 0x0 0x9 0x3 0x0 0x0 0x0 oops 0 methods 0
ciMethodData java/util/Arrays copyOf ([Ljava/lang/Object;I)[Ljava/lang/Object; 2 12898 orig 80 0 0 0 0 0 0 0 0 0 0 0 0 16 127 0 0 0 0 0 0 0 0 0 0 0 0 0 0 0 0 0 0 0 0 0 0 0 0 0 0 0 0 0 0 0 0 0 0 0 0 0 0 0 0 0 0 0 0 0 0 0 0 0 0 0 0 0 0 0 0 0 0 0 0 0 0 0 0 0 0 data 19 0x30005 0x324f 0x0 0x0 0x0 0x0 0x0 0x60002 0x324f 0x0 0x0 0x0 0x0 0x0 0x0 0x9 0x2 0x0 0x0 oops 0 methods 0
ciMethodData java/util/ArrayList <init> ()V 2 643168 orig 80 0 0 0 0 0 0 0 0 0 0 0 0 16 127 0 0 0 0 0 0 0 0 0 0 0 0 0 0 0 0 0 0 0 0 0 0 0 0 0 0 0 0 0 0 0 0 0 0 0 0 0 0 0 0 0 0 0 0 0 0 0 0 0 0 0 0 0 0 0 0 0 0 0 0 0 0 0 0 0 0 data 9 0x10002 0x9d043 0x0 0x0 0x0 0x0 0x9 0x1 0x0 oops 0 methods 0
ciMethodData java/util/AbstractList <init> ()V 2 695056 orig 80 0 0 0 0 0 0 0 0 0 0 0 0 16 127 0 0 0 0 0 0 0 0 0 0 0 0 0 0 0 0 0 0 0 0 0 0 0 0 0 0 0 0 0 0 0 0 0 0 0 0 0 0 0 0 0 0 0 0 0 0 0 0 0 0 0 0 0 0 0 0 0 0 0 0 0 0 0 0 0 0 data 9 0x10002 0xa9aec 0x0 0x0 0x0 0x0 0x9 0x1 0x6 oops 0 methods 0
ciMethodData java/util/AbstractCollection <init> ()V 2 702672 orig 80 0 0 0 0 0 0 0 0 0 0 0 0 16 127 0 0 0 0 0 0 0 0 0 0 0 0 0 0 0 0 0 0 0 0 0 0 0 0 0 0 0 0 0 0 0 0 0 0 0 0 0 0 0 0 0 0 0 0 0 0 0 0 0 0 0 0 0 0 0 0 0 0 0 0 0 0 0 0 0 0 data 7 0x10002 0xab86a 0x0 0x0 0x9 0x1 0x0 oops 0 methods 0
ciMethodData java/util/ArrayList addAll (Ljava/util/Collection;)Z 2 10126 orig 80 0 0 0 0 0 0 0 0 0 0 0 0 16 127 0 0 0 0 0 0 0 0 0 0 0 0 0 0 0 0 0 0 0 0 0 0 0 0 0 0 0 0 0 0 0 0 0 0 0 0 0 0 0 0 0 0 0 0 0 0 0 0 0 0 0 0 0 0 0 0 0 0 0 0 0 0 0 0 0 0 data 34 0x10005 0xe81 0x0 0x7f1030005e60 0x15bf 0x7f103136c4e0 0x34e 0x150007 0xf31 0x20 0x185d 0x2b0007 0xbc 0x58 0xe75 0x330005 0xe75 0x0 0x0 0x0 0x0 0x0 0x3f0002 0xf31 0x0 0x0 0x0 0x0 0x0 0x0 0x9 0x2 0x0 0x0 oops 2 3 java/util/ArrayList 5 kotlin/collections/EmptyList methods 0
ciMethodData java/util/ArrayList grow (I)[Ljava/lang/Object; 2 8980 orig 80 0 0 0 0 0 0 0 0 0 0 0 0 16 127 0 0 0 0 0 0 0 0 0 0 0 0 0 0 0 0 0 0 0 0 0 0 0 0 0 0 0 0 0 0 0 0 0 0 0 0 0 0 0 0 0 0 0 0 0 0 0 0 0 0 0 0 0 0 0 0 0 0 0 0 0 0 0 0 0 0 data 24 0x70007 0x1265 0x40 0x1080 0x110007 0x107f 0x40 0x1 0x1b0002 0x1266 0x250002 0x1266 0x310002 0x107f 0x0 0x0 0x0 0x0 0x0 0x0 0x9 0x2 0xc 0x0 oops 0 methods 0
ciMethodData java/util/ArrayList get (I)Ljava/lang/Object; 2 767516 orig 80 0 0 0 0 0 0 0 0 0 0 0 0 16 127 0 0 0 0 0 0 0 0 0 0 0 0 0 0 0 0 0 0 0 0 0 0 0 0 0 0 0 0 0 0 0 0 0 0 0 0 0 0 0 0 0 0 0 0 0 0 0 0 0 0 0 0 0 0 0 0 0 0 0 0 0 0 0 0 0 0 data 19 0x50002 0xbb51b 0xb0005 0x50746 0x0 0x7f1030005e60 0x6adbe 0x7f100c054aa0 0x17 0x0 0x0 0x0 0x0 0x0 0x0 0x9 0x2 0x0 0x0 oops 2 5 java/util/ArrayList 7 org/jetbrains/kotlin/config/MavenComparableVersion$ListItem methods 0
ciMethodData java/util/Objects checkIndex (II)I 2 777335 orig 80 0 0 0 0 0 0 0 0 0 0 0 0 16 127 0 0 0 0 0 0 0 0 0 0 0 0 0 0 0 0 0 0 0 0 0 0 0 0 0 0 0 0 0 0 0 0 0 0 0 0 0 0 0 0 0 0 0 0 0 0 0 0 0 0 0 0 0 0 0 0 0 0 0 0 0 0 0 0 0 0 data 12 0x30002 0xbdb76 0x0 0x0 0x0 0x0 0x0 0x0 0x9 0x2 0x0 0x0 oops 0 methods 0
ciMethodData java/util/ArrayList elementData (I)Ljava/lang/Object; 2 769105 orig 80 0 0 0 0 0 0 0 0 0 0 0 0 16 127 0 0 0 0 0 0 0 0 0 0 0 0 0 0 0 0 0 0 0 0 0 0 0 0 0 0 0 0 0 0 0 0 0 0 0 0 0 0 0 0 0 0 0 0 0 0 0 0 0 0 0 0 0 0 0 0 0 0 0 0 0 0 0 0 0 0 data 8 0x0 0x0 0x0 0x0 0x9 0x2 0x0 0x0 oops 0 methods 0
ciMethodData java/util/ArrayList isEmpty ()Z 2 34783 orig 80 0 0 0 0 0 0 0 0 0 0 0 0 0 0 0 0 0 0 0 0 0 0 0 0 0 0 0 0 0 0 0 0 0 0 0 0 0 0 0 0 0 0 0 0 0 0 0 0 0 0 0 0 0 0 0 0 0 0 0 0 0 0 0 0 0 0 0 0 0 0 0 0 0 0 0 0 0 0 0 0 data 13 0x40007 0x4bf1 0x38 0x39ef 0x80003 0x39ef 0x18 0x0 0x0 0x0 0x9 0x1 0x0 oops 0 methods 0
ciMethodData java/util/Arrays copyOfRange ([Ljava/lang/Object;II)[Ljava/lang/Object; 2 11407 orig 80 0 0 0 0 0 0 0 0 0 0 0 0 7 0 0 0 0 0 0 0 0 0 0 0 0 0 0 0 0 0 0 0 0 0 0 0 0 0 0 0 0 0 0 0 0 0 0 0 0 0 0 0 0 0 0 0 0 0 0 0 0 0 0 0 0 0 0 0 0 0 0 0 0 0 0 0 0 0 0 0 data 20 0x40005 0x2a90 0x0 0x0 0x0 0x0 0x0 0x70002 0x2a90 0x0 0x0 0x0 0x0 0x0 0x0 0x9 0x3 0x0 0x0 0x0 oops 0 methods 0
ciMethod kotlin/jvm/internal/Intrinsics checkNotNull (Ljava/lang/Object;)V 516 0 134454 0 96
ciMethod kotlin/jvm/internal/Intrinsics checkNotNull (Ljava/lang/Object;Ljava/lang/String;)V 1024 0 104019 0 96
ciMethod kotlin/jvm/internal/Intrinsics throwJavaNpe ()V 0 0 1 0 -1
ciMethod kotlin/jvm/internal/Intrinsics throwJavaNpe (Ljava/lang/String;)V 0 0 1 0 -1
ciMethod kotlin/jvm/internal/Intrinsics throwUninitializedPropertyAccessException (Ljava/lang/String;)V 0 0 1 0 -1
ciMethod kotlin/jvm/internal/Intrinsics checkNotNullExpressionValue (Ljava/lang/Object;Ljava/lang/String;)V 1024 0 9796 0 96
ciMethod kotlin/jvm/internal/Intrinsics checkNotNullParameter (Ljava/lang/Object;Ljava/lang/String;)V 518 0 5058059 0 96
ciMethod kotlin/jvm/internal/Intrinsics throwParameterIsNullNPE (Ljava/lang/String;)V 0 0 1 0 -1
ciMethod kotlin/jvm/internal/Intrinsics areEqual (Ljava/lang/Object;Ljava/lang/Object;)Z 1024 0 3443718 0 -1
ciMethod kotlin/jvm/functions/Function0 invoke ()Ljava/lang/Object; 0 0 1 0 -1
ciMethod kotlin/Lazy getValue ()Ljava/lang/Object; 0 0 1 0 -1
ciMethod kotlin/collections/AbstractList$Companion checkPositionIndex$kotlin_stdlib (II)V 4202 0 14598 0 0
ciMethod kotlin/collections/AbstractList$Companion newCapacity$kotlin_stdlib (II)I 32 0 16 0 -1
ciMethod kotlin/collections/CollectionsKt__MutableCollectionsKt addAll (Ljava/util/Collection;Ljava/lang/Iterable;)Z 514 0 10585 0 2272
ciMethod kotlin/collections/CollectionsKt__CollectionsJVMKt createListBuilder ()Ljava/util/List; 4100 0 16627 0 0
ciMethod kotlin/collections/CollectionsKt__CollectionsJVMKt build (Ljava/util/List;)Ljava/util/List; 3222 0 16230 0 0
ciMethod kotlin/collections/EmptyList getSize ()I 260 0 28543 0 0
ciMethod kotlin/collections/EmptyList iterator ()Ljava/util/Iterator; 518 0 16578 0 0
ciMethod kotlin/collections/EmptyList size ()I 520 0 28677 0 64
ciMethod kotlin/collections/EmptyList toArray ()[Ljava/lang/Object; 4098 0 12398 0 0
ciMethod kotlin/collections/ArraysKt___ArraysJvmKt copyInto ([Ljava/lang/Object;[Ljava/lang/Object;III)[Ljava/lang/Object; 1024 0 17459 0 0
ciMethod kotlin/collections/ArraysKt___ArraysJvmKt copyOfRange ([Ljava/lang/Object;II)[Ljava/lang/Object; 1024 0 11397 0 0
ciMethod kotlin/collections/ArraysKt__ArraysJVMKt copyOfRangeToIndexCheck (II)V 1024 0 11397 0 0
ciMethodData kotlin/jvm/internal/Intrinsics checkNotNullParameter (Ljava/lang/Object;Ljava/lang/String;)V 2 5058217 orig 80 0 0 0 0 0 0 0 0 0 0 0 0 16 127 0 0 0 0 0 0 0 0 0 0 0 0 0 0 0 0 0 0 0 0 0 0 0 0 0 0 0 0 0 0 0 0 0 0 0 0 0 0 0 0 0 0 0 0 0 0 0 0 0 0 0 0 0 0 0 0 0 0 0 0 0 0 0 0 0 0 data 16 0x10007 0x4d2da5 0x30 0x0 0x50002 0x0 0x0 0x0 0x0 0x0 0x0 0x0 0x9 0x2 0x0 0xffffffffffffffff oops 0 methods 0
ciMethodData kotlin/jvm/internal/Intrinsics checkNotNull (Ljava/lang/Object;)V 2 134460 orig 80 0 0 0 0 0 0 0 0 0 0 0 0 16 127 0 0 0 0 0 0 0 0 0 0 0 0 0 0 0 0 0 0 0 0 0 0 0 0 0 0 0 0 0 0 0 0 0 0 0 0 0 0 0 0 0 0 0 0 0 0 0 0 0 0 0 0 0 0 0 0 0 0 0 0 0 0 0 0 0 0 data 15 0x10007 0x20c3a 0x30 0x0 0x40002 0x0 0x0 0x0 0x0 0x0 0x0 0x0 0x9 0x1 0x0 oops 0 methods 0
ciMethodData kotlin/jvm/internal/Intrinsics checkNotNull (Ljava/lang/Object;Ljava/lang/String;)V 2 104024 orig 80 0 0 0 0 0 0 0 0 0 0 0 0 16 127 0 0 0 0 0 0 0 0 0 0 0 0 0 0 0 0 0 0 0 0 0 0 0 0 0 0 0 0 0 0 0 0 0 0 0 0 0 0 0 0 0 0 0 0 0 0 0 0 0 0 0 0 0 0 0 0 0 0 0 0 0 0 0 0 0 0 data 16 0x10007 0x19459 0x30 0x0 0x50002 0x0 0x0 0x0 0x0 0x0 0x0 0x0 0x9 0x2 0x0 0x0 oops 0 methods 0
ciMethod kotlin/collections/builders/ListBuilderKt arrayOfUninitializedElements (I)[Ljava/lang/Object; 4096 0 16644 0 0
ciMethod kotlin/collections/builders/ListBuilderKt copyOfUninitializedElements ([Ljava/lang/Object;I)[Ljava/lang/Object; 62 0 31 0 -1
ciMethodData kotlin/jvm/internal/Intrinsics checkNotNullExpressionValue (Ljava/lang/Object;Ljava/lang/String;)V 2 9796 orig 80 0 0 0 0 0 0 0 0 0 0 0 0 16 127 0 0 0 0 0 0 0 0 0 0 0 0 0 0 0 0 0 0 0 0 0 0 0 0 0 0 0 0 0 0 0 0 0 0 0 0 0 0 0 0 0 0 0 0 0 0 0 0 0 0 0 0 0 0 0 0 0 0 0 0 0 0 0 0 0 0 data 48 0x10007 0x2445 0x130 0x0 0xc0002 0x0 0x100005 0x0 0x0 0x0 0x0 0x0 0x0 0x150005 0x0 0x0 0x0 0x0 0x0 0x0 0x180005 0x0 0x0 0x0 0x0 0x0 0x0 0x1b0002 0x0 0x1e0002 0x0 0x210004 0x0 0x0 0x0 0x0 0x0 0x0 0x0 0x0 0x0 0x0 0x0 0x0 0x9 0x2 0x0 0xffffffffffffffff oops 0 methods 0
ciMethodData kotlin/jvm/internal/Intrinsics areEqual (Ljava/lang/Object;Ljava/lang/Object;)Z 2 3461453 orig 80 0 0 0 0 0 0 0 0 0 0 0 0 16 127 0 0 0 0 0 0 0 0 0 0 0 0 0 0 0 0 0 0 0 0 0 0 0 0 0 0 0 0 0 0 0 0 0 0 0 0 0 0 0 0 0 0 0 0 0 0 0 0 0 0 0 0 0 0 0 0 0 0 0 0 0 0 0 0 0 0 data 31 0x10007 0x343407 0x70 0x9b45 0x50007 0x9b45 0x38 0x0 0x90003 0x0 0x68 0xd0003 0x9b45 0x50 0x120005 0x340b87 0x0 0x7f1030002b50 0x1b96 0x7f1030002be0 0xcea 0x0 0x0 0x0 0x0 0x0 0x0 0x9 0x2 0xffffffffffffffff 0xffffffffffffffff oops 2 17 java/lang/String 19 java/lang/Class methods 0
ciMethod kotlin/jvm/internal/CollectionToArray toArray (Ljava/util/Collection;)[Ljava/lang/Object; 514 12 10769 0 1312
ciMethod kotlin/collections/EmptyIterator hasNext ()Z 450 0 225 0 0
ciMethod kotlin/UnsafeLazyImpl getValue ()Ljava/lang/Object; 518 0 25471 0 0
ciMethod kotlin/collections/builders/ListBuilder <init> (I)V 1032 0 15093 0 0
ciMethod kotlin/collections/builders/ListBuilder <init> (IILkotlin/jvm/internal/DefaultConstructorMarker;)V 1024 0 15092 0 0
ciMethod kotlin/collections/builders/ListBuilder build ()Ljava/util/List; 1024 0 15215 0 -1
ciMethod kotlin/collections/builders/ListBuilder getSize ()I 280 0 140 0 0
ciMethod kotlin/collections/builders/ListBuilder iterator ()Ljava/util/Iterator; 4220 0 14598 0 0
ciMethod kotlin/collections/builders/ListBuilder listIterator (I)Ljava/util/ListIterator; 768 0 12872 0 0
ciMethod kotlin/collections/builders/ListBuilder add (Ljava/lang/Object;)Z 2800 0 1344 0 0
ciMethod kotlin/collections/builders/ListBuilder addAll (Ljava/util/Collection;)Z 1024 0 16081 0 0
ciMethod kotlin/collections/builders/ListBuilder toArray ()[Ljava/lang/Object; 1024 0 11397 0 0
ciMethod kotlin/collections/builders/ListBuilder registerModification ()V 1024 0 16491 0 0
ciMethod kotlin/collections/builders/ListBuilder checkIsMutable ()V 3494 0 31644 0 0
ciMethod kotlin/collections/builders/ListBuilder ensureExtraCapacity (I)V 1024 0 17436 0 0
ciMethod kotlin/collections/builders/ListBuilder ensureCapacityInternal (I)V 1024 0 17438 0 0
ciMethod kotlin/collections/builders/ListBuilder insertAtInternal (II)V 1024 0 17436 0 0
ciMethod kotlin/collections/builders/ListBuilder addAtInternal (ILjava/lang/Object;)V 812 0 406 0 0
ciMethod kotlin/collections/builders/ListBuilder addAllInternal (ILjava/util/Collection;I)V 1024 22 16081 0 0
ciMethod kotlin/collections/builders/ListBuilder access$getModCount$p$s-2084097795 (Lkotlin/collections/builders/ListBuilder;)I 266 0 133 0 0
ciMethod kotlin/collections/builders/ListBuilder access$getLength$p (Lkotlin/collections/builders/ListBuilder;)I 270 0 135 0 0
ciMethod kotlin/collections/builders/ListBuilder access$getBacking$p (Lkotlin/collections/builders/ListBuilder;)[Ljava/lang/Object; 274 0 137 0 0
ciMethod kotlin/collections/AbstractMutableList <init> ()V 1080 0 15188 0 0
ciMethod kotlin/collections/AbstractMutableList getSize ()I 0 0 1 0 -1
ciMethod kotlin/collections/AbstractMutableList size ()I 1024 0 1602 0 0
ciMethod org/jetbrains/kotlin/util/AttributeArrayOwner <init> (Lorg/jetbrains/kotlin/util/ArrayMap;)V 526 0 40995 0 0
ciMethod org/jetbrains/kotlin/util/AttributeArrayOwner <init> ()V 522 0 40994 0 0
ciMethod org/jetbrains/kotlin/util/AbstractArrayMapOwner <init> ()V 530 0 41007 0 0
ciMethod org/jetbrains/kotlin/fir/symbols/FirBasedSymbol bind (Lorg/jetbrains/kotlin/fir/declarations/FirDeclaration;)V 774 0 41241 0 288
ciMethod org/jetbrains/kotlin/fir/declarations/FirMemberDeclaration <init> ()V 532 0 35859 0 0
ciMethod org/jetbrains/kotlin/fir/declarations/FirMemberDeclaration <init> (Lkotlin/jvm/internal/DefaultConstructorMarker;)V 532 0 35859 0 0
ciMethod org/jetbrains/kotlin/fir/declarations/FirDeclaration <init> ()V 532 0 36104 0 -1
ciMethod org/jetbrains/kotlin/fir/declarations/FirDeclaration <init> (Lkotlin/jvm/internal/DefaultConstructorMarker;)V 2028 0 36852 0 0
ciMethod org/jetbrains/kotlin/fir/FirElementWithResolveState <init> ()V 532 0 36578 0 -1
ciMethod org/jetbrains/kotlin/fir/FirElementWithResolveState setResolveState (Lorg/jetbrains/kotlin/fir/declarations/FirResolveState;)V 1024 0 40949 0 288
ciMethod org/jetbrains/kotlin/fir/FirPureAbstractElement <init> ()V 512 0 302042 0 -1
ciMethod org/jetbrains/kotlin/fir/types/FirTypeRef getSource ()Lorg/jetbrains/kotlin/KtSourceElement; 0 0 1 0 -1
ciMethod org/jetbrains/kotlin/name/StandardClassIds getArray ()Lorg/jetbrains/kotlin/name/ClassId; 100 0 50 0 -1
ciMethod org/jetbrains/kotlin/fir/types/TypeConstructionUtilsKt constructClassLikeType$default (Lorg/jetbrains/kotlin/name/ClassId;[Lorg/jetbrains/kotlin/fir/types/ConeTypeProjection;ZLorg/jetbrains/kotlin/fir/types/ConeAttributes;ILjava/lang/Object;)Lorg/jetbrains/kotlin/fir/types/ConeClassLikeType; 366 0 9981 0 -1
ciMethod org/jetbrains/kotlin/fir/types/builder/FirResolvedTypeRefBuilder <init> ()V 148 0 2669 0 -1
ciMethod org/jetbrains/kotlin/fir/types/builder/FirResolvedTypeRefBuilder setSource (Lorg/jetbrains/kotlin/KtSourceElement;)V 270 0 135 0 -1
ciMethod org/jetbrains/kotlin/fir/types/builder/FirResolvedTypeRefBuilder setConeType (Lorg/jetbrains/kotlin/fir/types/ConeKotlinType;)V 152 0 2669 0 -1
ciMethod org/jetbrains/kotlin/fir/types/builder/FirResolvedTypeRefBuilder setDelegatedTypeRef (Lorg/jetbrains/kotlin/fir/types/FirTypeRef;)V 98 0 49 0 -1
ciMethod org/jetbrains/kotlin/fir/types/builder/FirResolvedTypeRefBuilder build ()Lorg/jetbrains/kotlin/fir/types/FirResolvedTypeRef; 152 0 2670 0 -1
ciMethod org/jetbrains/kotlin/fir/builder/FirBuilderDslKt toMutableOrEmpty (Ljava/util/List;)Ljava/util/List; 820 0 15261 0 128
ciMethod org/jetbrains/kotlin/fir/MutableOrEmptyList constructor-impl (Ljava/util/List;)Ljava/util/List; 4 0 27 0 0
ciMethod org/jetbrains/kotlin/fir/MutableOrEmptyList access$getEMPTY$cp ()Ljava/util/List; 820 0 29970 0 0
ciMethod org/jetbrains/kotlin/fir/MutableOrEmptyList$Companion empty-5e3fPpI ()Ljava/util/List; 818 0 29970 0 64
ciMethod kotlin/collections/builders/ListBuilder$Itr <init> (Lkotlin/collections/builders/ListBuilder;I)V 4208 0 14598 0 0
ciMethod kotlin/collections/builders/ListBuilder$Itr hasNext ()Z 4134 0 16025 0 0
ciMethod kotlin/collections/builders/ListBuilder$Itr next ()Ljava/lang/Object; 512 0 2486 0 0
ciMethod kotlin/collections/builders/ListBuilder$Itr checkForComodification ()V 512 0 2486 0 0
ciMethod org/jetbrains/kotlin/fir/declarations/FirDeclarationAttributes <init> ()V 528 0 40988 0 0
ciMethod org/jetbrains/kotlin/fir/declarations/impl/FirResolvedDeclarationStatusImpl access$getDEFAULT_STATUS_FOR_STATUSLESS_DECLARATIONS$cp ()Lorg/jetbrains/kotlin/fir/declarations/FirResolvedDeclarationStatus; 1024 0 7977 0 0
ciMethod org/jetbrains/kotlin/fir/declarations/impl/FirResolvedDeclarationStatusImpl$Companion getDEFAULT_STATUS_FOR_STATUSLESS_DECLARATIONS ()Lorg/jetbrains/kotlin/fir/declarations/FirResolvedDeclarationStatus; 3428 0 9179 0 0
ciMethod org/jetbrains/kotlin/fir/declarations/FirCallableDeclaration <init> ()V 512 0 33762 0 0
ciMethod org/jetbrains/kotlin/fir/declarations/FirCallableDeclaration <init> (Lkotlin/jvm/internal/DefaultConstructorMarker;)V 512 0 33762 0 0
ciMethod org/jetbrains/kotlin/fir/declarations/FirResolveStateKt asResolveState (Lorg/jetbrains/kotlin/fir/declarations/FirResolvePhase;)Lorg/jetbrains/kotlin/fir/declarations/FirResolvedToPhaseState; 796 0 40966 0 0
ciMethod org/jetbrains/kotlin/fir/declarations/FirResolvedToPhaseState access$getPhases$cp ()Ljava/util/List; 804 0 40995 0 0
ciMethod org/jetbrains/kotlin/fir/declarations/FirResolvedToPhaseState$Companion invoke (Lorg/jetbrains/kotlin/fir/declarations/FirResolvePhase;)Lorg/jetbrains/kotlin/fir/declarations/FirResolvedToPhaseState; 804 0 40993 0 0
ciMethod org/jetbrains/kotlin/fir/declarations/FirVariable <init> ()V 1024 0 20553 0 0
ciMethod org/jetbrains/kotlin/fir/declarations/FirVariable <init> (Lkotlin/jvm/internal/DefaultConstructorMarker;)V 4286 0 22184 0 0
ciMethod org/jetbrains/kotlin/KtSourceElement getKind ()Lorg/jetbrains/kotlin/KtSourceElementKind; 0 0 1 0 -1
ciMethod org/jetbrains/kotlin/fir/lightTree/fir/modifier/ModifierList hasVararg ()Z 1024 0 6991 0 0
ciMethod org/jetbrains/kotlin/fir/lightTree/fir/modifier/ModifierList hasNoinline ()Z 1024 0 6991 0 0
ciMethod org/jetbrains/kotlin/fir/lightTree/fir/modifier/ModifierList hasCrossinline ()Z 1024 0 6991 0 0
ciMethod org/jetbrains/kotlin/fir/lightTree/fir/modifier/ModifierList hasFlag (Lorg/jetbrains/kotlin/fir/lightTree/fir/modifier/ModifierFlag;)Z 514 0 294271 0 128
ciMethod org/jetbrains/kotlin/fir/lightTree/fir/modifier/ModifierFlag getValue ()J 310 0 155 0 0
ciMethod org/jetbrains/kotlin/fir/lightTree/fir/ValueParameter getAnnotations ()Ljava/util/List; 1024 0 7093 0 0
ciMethod org/jetbrains/kotlin/fir/lightTree/fir/ValueParameter annotations_delegate$lambda$0 (Lorg/jetbrains/kotlin/fir/lightTree/fir/ValueParameter;)Ljava/util/List; 1024 2 8667 0 0
ciMethod org/jetbrains/kotlin/fir/lightTree/fir/ValueParameter firValueParameter_delegate$lambda$0 (Lorg/jetbrains/kotlin/fir/lightTree/fir/ValueParameter;)Lorg/jetbrains/kotlin/fir/declarations/FirValueParameter; 4174 0 8555 0 0
ciMethod org/jetbrains/kotlin/fir/types/FirErrorTypeRef getSource ()Lorg/jetbrains/kotlin/KtSourceElement; 0 0 1 0 -1
ciMethod org/jetbrains/kotlin/fir/types/FirErrorTypeRef getConeType ()Lorg/jetbrains/kotlin/fir/types/ConeKotlinType; 0 0 1 0 -1
ciMethod org/jetbrains/kotlin/fir/lightTree/fir/ValueParameter$$Lambda$365+0x00007f105c4b07f0 invoke ()Ljava/lang/Object; 1024 0 8667 0 0
ciMethod org/jetbrains/kotlin/fir/declarations/FirValueParameter <init> ()V 2908 0 8919 0 0
ciMethod org/jetbrains/kotlin/fir/lightTree/fir/ValueParameter$$Lambda$366+0x00007f105c4b1060 invoke ()Ljava/lang/Object; 1024 0 8555 0 0
ciMethod org/jetbrains/kotlin/fir/builder/ConversionUtilsKt appliesToPrimaryConstructorParameter (Lorg/jetbrains/kotlin/descriptors/annotations/AnnotationUseSiteTarget;)Z 126 0 321 0 0
ciMethod org/jetbrains/kotlin/fir/builder/ConversionUtilsKt wrapIntoArray (Lorg/jetbrains/kotlin/fir/types/FirErrorTypeRef;)Lorg/jetbrains/kotlin/fir/types/FirResolvedTypeRef; 0 0 1 0 0
ciMethod org/jetbrains/kotlin/fir/UtilsKt copyWithNewSourceKind (Lorg/jetbrains/kotlin/fir/types/FirTypeRef;Lorg/jetbrains/kotlin/KtFakeSourceElementKind;)Lorg/jetbrains/kotlin/fir/types/FirTypeRef; 1024 0 18238 0 -1
ciMethod org/jetbrains/kotlin/fir/UtilsKt copyWithNewSource (Lorg/jetbrains/kotlin/fir/types/FirTypeRef;Lorg/jetbrains/kotlin/KtSourceElement;)Lorg/jetbrains/kotlin/fir/types/FirTypeRef; 768 0 13602 0 -1
ciMethod org/jetbrains/kotlin/KtSourceElementKt fakeElement$default (Lorg/jetbrains/kotlin/KtSourceElement;Lorg/jetbrains/kotlin/KtFakeSourceElementKind;IIILjava/lang/Object;)Lorg/jetbrains/kotlin/KtSourceElement; 780 0 61294 0 -1
ciMethod org/jetbrains/kotlin/fir/declarations/builder/FirValueParameterBuilder <init> ()V 4104 0 9642 0 0
ciMethod org/jetbrains/kotlin/fir/declarations/builder/FirValueParameterBuilder getSource ()Lorg/jetbrains/kotlin/KtSourceElement; 272 0 136 0 0
ciMethod org/jetbrains/kotlin/fir/declarations/builder/FirValueParameterBuilder setSource (Lorg/jetbrains/kotlin/KtSourceElement;)V 272 0 136 0 0
ciMethod org/jetbrains/kotlin/fir/declarations/builder/FirValueParameterBuilder getResolvePhase ()Lorg/jetbrains/kotlin/fir/declarations/FirResolvePhase; 272 0 136 0 0
ciMethod org/jetbrains/kotlin/fir/declarations/builder/FirValueParameterBuilder getModuleData ()Lorg/jetbrains/kotlin/fir/FirModuleData; 1682 0 9680 0 0
ciMethod org/jetbrains/kotlin/fir/declarations/builder/FirValueParameterBuilder setModuleData (Lorg/jetbrains/kotlin/fir/FirModuleData;)V 3466 0 7998 0 0
ciMethod org/jetbrains/kotlin/fir/declarations/builder/FirValueParameterBuilder getOrigin ()Lorg/jetbrains/kotlin/fir/declarations/FirDeclarationOrigin; 1670 0 9680 0 0
ciMethod org/jetbrains/kotlin/fir/declarations/builder/FirValueParameterBuilder setOrigin (Lorg/jetbrains/kotlin/fir/declarations/FirDeclarationOrigin;)V 3466 0 7998 0 0
ciMethod org/jetbrains/kotlin/fir/declarations/builder/FirValueParameterBuilder getAttributes ()Lorg/jetbrains/kotlin/fir/declarations/FirDeclarationAttributes; 272 0 136 0 0
ciMethod org/jetbrains/kotlin/fir/declarations/builder/FirValueParameterBuilder getReturnTypeRef ()Lorg/jetbrains/kotlin/fir/types/FirTypeRef; 1660 0 9680 0 0
ciMethod org/jetbrains/kotlin/fir/declarations/builder/FirValueParameterBuilder setReturnTypeRef (Lorg/jetbrains/kotlin/fir/types/FirTypeRef;)V 3486 0 7998 0 0
ciMethod org/jetbrains/kotlin/fir/declarations/builder/FirValueParameterBuilder getDeprecationsProvider ()Lorg/jetbrains/kotlin/fir/declarations/DeprecationsProvider; 272 0 136 0 0
ciMethod org/jetbrains/kotlin/fir/declarations/builder/FirValueParameterBuilder getName ()Lorg/jetbrains/kotlin/name/Name; 1648 0 9680 0 0
ciMethod org/jetbrains/kotlin/fir/declarations/builder/FirValueParameterBuilder setName (Lorg/jetbrains/kotlin/name/Name;)V 3168 0 7998 0 0
ciMethod org/jetbrains/kotlin/fir/declarations/builder/FirValueParameterBuilder getAnnotations ()Ljava/util/List; 270 0 135 0 0
ciMethod org/jetbrains/kotlin/fir/declarations/builder/FirValueParameterBuilder getSymbol ()Lorg/jetbrains/kotlin/fir/symbols/impl/FirValueParameterSymbol; 2692 0 10011 0 0
ciMethod org/jetbrains/kotlin/fir/declarations/builder/FirValueParameterBuilder setSymbol (Lorg/jetbrains/kotlin/fir/symbols/impl/FirValueParameterSymbol;)V 3358 0 7998 0 0
ciMethod org/jetbrains/kotlin/fir/declarations/builder/FirValueParameterBuilder getDefaultValue ()Lorg/jetbrains/kotlin/fir/expressions/FirExpression; 272 0 136 0 0
ciMethod org/jetbrains/kotlin/fir/declarations/builder/FirValueParameterBuilder setDefaultValue (Lorg/jetbrains/kotlin/fir/expressions/FirExpression;)V 272 0 136 0 0
ciMethod org/jetbrains/kotlin/fir/declarations/builder/FirValueParameterBuilder getContainingDeclarationSymbol ()Lorg/jetbrains/kotlin/fir/symbols/FirBasedSymbol; 1640 0 9680 0 0
ciMethod org/jetbrains/kotlin/fir/declarations/builder/FirValueParameterBuilder setContainingDeclarationSymbol (Lorg/jetbrains/kotlin/fir/symbols/FirBasedSymbol;)V 792 0 7998 0 0
ciMethod org/jetbrains/kotlin/fir/declarations/builder/FirValueParameterBuilder isCrossinline ()Z 272 0 136 0 0
ciMethod org/jetbrains/kotlin/fir/declarations/builder/FirValueParameterBuilder setCrossinline (Z)V 272 0 136 0 0
ciMethod org/jetbrains/kotlin/fir/declarations/builder/FirValueParameterBuilder isNoinline ()Z 272 0 136 0 0
ciMethod org/jetbrains/kotlin/fir/declarations/builder/FirValueParameterBuilder setNoinline (Z)V 272 0 136 0 0
ciMethod org/jetbrains/kotlin/fir/declarations/builder/FirValueParameterBuilder isVararg ()Z 278 0 139 0 0
ciMethod org/jetbrains/kotlin/fir/declarations/builder/FirValueParameterBuilder setVararg (Z)V 282 0 141 0 0
ciMethod org/jetbrains/kotlin/fir/declarations/builder/FirValueParameterBuilder getValueParameterKind ()Lorg/jetbrains/kotlin/fir/declarations/FirValueParameterKind; 272 0 136 0 0
ciMethod org/jetbrains/kotlin/fir/declarations/builder/FirValueParameterBuilder setValueParameterKind (Lorg/jetbrains/kotlin/fir/declarations/FirValueParameterKind;)V 410 0 6980 0 0
ciMethod org/jetbrains/kotlin/fir/declarations/builder/FirValueParameterBuilder build ()Lorg/jetbrains/kotlin/fir/declarations/FirValueParameter; 792 0 9643 0 0
ciMethod org/jetbrains/kotlin/fir/declarations/impl/FirValueParameterImpl <init> (Lorg/jetbrains/kotlin/KtSourceElement;Lorg/jetbrains/kotlin/fir/declarations/FirResolvePhase;Lorg/jetbrains/kotlin/fir/FirModuleData;Lorg/jetbrains/kotlin/fir/declarations/FirDeclarationOrigin;Lorg/jetbrains/kotlin/fir/declarations/FirDeclarationAttributes;Lorg/jetbrains/kotlin/fir/types/FirTypeRef;Lorg/jetbrains/kotlin/fir/declarations/DeprecationsProvider;Lorg/jetbrains/kotlin/name/Name;Ljava/util/List;Lorg/jetbrains/kotlin/fir/symbols/impl/FirValueParameterSymbol;Lorg/jetbrains/kotlin/fir/expressions/FirExpression;Lorg/jetbrains/kotlin/fir/symbols/FirBasedSymbol;ZZZLorg/jetbrains/kotlin/fir/declarations/FirValueParameterKind;)V 4114 0 9680 0 0
ciMethod org/jetbrains/kotlin/fir/declarations/impl/FirValueParameterImpl getSource ()Lorg/jetbrains/kotlin/KtSourceElement; 270 0 135 0 0
ciMethod org/jetbrains/kotlin/fir/declarations/impl/FirValueParameterImpl getOrigin ()Lorg/jetbrains/kotlin/fir/declarations/FirDeclarationOrigin; 0 0 1 0 -1
ciMethod org/jetbrains/kotlin/fir/declarations/impl/FirValueParameterImpl getSymbol ()Lorg/jetbrains/kotlin/fir/symbols/impl/FirValueParameterSymbol; 270 0 135 0 0
ciMethod org/jetbrains/kotlin/fir/declarations/impl/FirValueParameterImpl <init> (Lorg/jetbrains/kotlin/KtSourceElement;Lorg/jetbrains/kotlin/fir/declarations/FirResolvePhase;Lorg/jetbrains/kotlin/fir/FirModuleData;Lorg/jetbrains/kotlin/fir/declarations/FirDeclarationOrigin;Lorg/jetbrains/kotlin/fir/declarations/FirDeclarationAttributes;Lorg/jetbrains/kotlin/fir/types/FirTypeRef;Lorg/jetbrains/kotlin/fir/declarations/DeprecationsProvider;Lorg/jetbrains/kotlin/name/Name;Ljava/util/List;Lorg/jetbrains/kotlin/fir/symbols/impl/FirValueParameterSymbol;Lorg/jetbrains/kotlin/fir/expressions/FirExpression;Lorg/jetbrains/kotlin/fir/symbols/FirBasedSymbol;ZZZLorg/jetbrains/kotlin/fir/declarations/FirValueParameterKind;Lkotlin/jvm/internal/DefaultConstructorMarker;)V 4102 0 9680 0 0
ciMethodData org/jetbrains/kotlin/fir/FirPureAbstractElement <init> ()V 2 302042 orig 80 0 0 0 0 0 0 0 0 0 0 0 0 16 127 0 0 0 0 0 0 0 0 0 0 0 0 0 0 0 0 0 0 0 0 0 0 0 0 0 0 0 0 0 0 0 0 0 0 0 0 0 0 0 0 0 0 0 0 0 0 0 0 0 0 0 0 0 0 0 0 0 0 0 0 0 0 0 0 0 0 data 7 0x10002 0x49ada 0x0 0x0 0x9 0x1 0x0 oops 0 methods 0
ciMethod org/jetbrains/kotlin/fir/expressions/impl/FirAnnotationCallImpl getUseSiteTarget ()Lorg/jetbrains/kotlin/descriptors/annotations/AnnotationUseSiteTarget; 358 0 179 0 0
ciMethod org/jetbrains/kotlin/fir/expressions/FirAnnotationCall getUseSiteTarget ()Lorg/jetbrains/kotlin/descriptors/annotations/AnnotationUseSiteTarget; 0 0 1 0 -1
ciMethodData kotlin/collections/CollectionsKt__MutableCollectionsKt addAll (Ljava/util/Collection;Ljava/lang/Iterable;)Z 2 10585 orig 80 0 0 0 0 0 0 0 0 0 0 0 0 0 0 0 0 0 0 0 0 0 0 0 0 0 0 0 0 0 0 0 0 0 0 0 0 0 0 0 0 0 0 0 0 0 0 0 0 0 0 0 0 0 0 0 0 0 0 0 0 0 0 0 0 0 0 0 0 0 0 0 0 0 0 0 0 0 0 0 0 data 78 0x30002 0x2858 0x90002 0x2858 0xd0004 0x0 0x0 0x7f1030005e60 0x1701 0x7f100c25e200 0xbc7 0x100007 0x0 0x90 0x2858 0x150004 0x0 0x0 0x7f1030005e60 0x1701 0x7f100c25e200 0xbc7 0x180005 0x0 0x0 0x7f1030005e60 0x2858 0x0 0x0 0x210005 0x0 0x0 0x0 0x0 0x0 0x0 0x280005 0x0 0x0 0x0 0x0 0x0 0x0 0x2d0007 0x0 0xc8 0x0 0x310005 0x0 0x0 0x0 0x0 0x0 0x0 0x3b0005 0x0 0x0 0x0 0x0 0x0 0x0 0x400007 0x0 0xffffffffffffff38 0x0 0x450003 0x0 0xffffffffffffff18 0x0 0x0 0x0 0x0 0x0 0x0 0x9 0x2 0xffffffffffffffff 0xffffffffffffffff oops 5 7 java/util/ArrayList 9 org/jetbrains/kotlin/fir/MutableOrEmptyList 18 java/util/ArrayList 20 org/jetbrains/kotlin/fir/MutableOrEmptyList 25 java/util/ArrayList methods 0
ciMethodData org/jetbrains/kotlin/fir/lightTree/fir/modifier/ModifierList hasFlag (Lorg/jetbrains/kotlin/fir/lightTree/fir/modifier/ModifierFlag;)Z 2 294285 orig 80 0 0 0 0 0 0 0 0 0 0 0 0 16 127 0 0 0 0 0 0 0 0 0 0 0 0 0 0 0 0 0 0 0 0 0 0 0 0 0 0 0 0 0 0 0 0 0 0 0 0 0 0 0 0 0 0 0 0 0 0 0 0 0 0 0 0 0 0 0 0 0 0 0 0 0 0 0 0 0 0 data 33 0x40002 0x47c8c 0xc0005 0x47c8c 0x0 0x0 0x0 0x0 0x0 0x110005 0x47c8c 0x0 0x0 0x0 0x0 0x0 0x150007 0x460df 0x38 0x1bad 0x190003 0x1bad 0x18 0x0 0x0 0x0 0x0 0x0 0x0 0x9 0x2 0x0 0x0 oops 0 methods 0
ciMethodData org/jetbrains/kotlin/fir/MutableOrEmptyList$Companion empty-5e3fPpI ()Ljava/util/List; 2 29970 orig 80 0 0 0 0 0 0 0 0 0 0 0 0 16 127 0 0 0 0 0 0 0 0 0 0 0 0 0 0 0 0 0 0 0 0 0 0 0 0 0 0 0 0 0 0 0 0 0 0 0 0 0 0 0 0 0 0 0 0 0 0 0 0 0 0 0 0 0 0 0 0 0 0 0 0 0 0 0 0 0 0 data 11 0x2 0x7379 0x0 0x0 0x0 0x0 0x0 0x0 0x9 0x1 0x0 oops 0 methods 0
ciMethodData org/jetbrains/kotlin/fir/MutableOrEmptyList access$getEMPTY$cp ()Ljava/util/List; 2 29970 orig 80 0 0 0 0 0 0 0 0 0 0 0 0 16 127 0 0 0 0 0 0 0 0 0 0 0 0 0 0 0 0 0 0 0 0 0 0 0 0 0 0 0 0 0 0 0 0 0 0 0 0 0 0 0 0 0 0 0 0 0 0 0 0 0 0 0 0 0 0 0 0 0 0 0 0 0 0 0 0 0 0 data 4 0x0 0x0 0x9 0x0 oops 0 methods 0
ciMethodData org/jetbrains/kotlin/fir/builder/FirBuilderDslKt toMutableOrEmpty (Ljava/util/List;)Ljava/util/List; 2 15261 orig 80 0 0 0 0 0 0 0 0 0 0 0 0 16 127 0 0 0 0 0 0 0 0 0 0 0 0 0 0 0 0 0 0 0 0 0 0 0 0 0 0 0 0 0 0 0 0 0 0 0 0 0 0 0 0 0 0 0 0 0 0 0 0 0 0 0 0 0 0 0 0 0 0 0 0 0 0 0 0 0 0 data 50 0x10104 0x0 0x0 0x7f1030005e60 0x39c3 0x0 0x0 0x60007 0x40 0x78 0x39c3 0xa0005 0x0 0x0 0x7f1030005e60 0x39c3 0x0 0x0 0xf0007 0x7 0x38 0x39bc 0x130003 0x39fc 0x18 0x170007 0x7 0x70 0x39fc 0x1d0005 0x39fc 0x0 0x0 0x0 0x0 0x0 0x200003 0x39fc 0x28 0x240002 0x7 0x0 0x0 0x0 0x0 0x0 0x0 0x9 0x1 0x0 oops 2 3 java/util/ArrayList 14 java/util/ArrayList methods 0
ciMethodData org/jetbrains/kotlin/fir/MutableOrEmptyList constructor-impl (Ljava/util/List;)Ljava/util/List; 1 27 orig 80 0 0 0 0 0 0 0 0 0 0 0 0 16 127 0 0 0 0 0 0 0 0 0 0 0 0 0 0 0 0 0 0 0 0 0 0 0 0 0 0 0 0 0 0 0 0 0 0 0 0 0 0 0 0 0 0 0 0 0 0 0 0 0 0 0 0 0 0 0 0 0 0 0 0 0 0 0 0 0 0 data 5 0x0 0x0 0x9 0x1 0x0 oops 0 methods 0
ciMethodData kotlin/collections/EmptyList size ()I 2 28677 orig 80 0 0 0 0 0 0 0 0 0 0 0 0 16 127 0 0 0 0 0 0 0 0 0 0 0 0 0 0 0 0 0 0 0 0 0 0 0 0 0 0 0 0 0 0 0 0 0 0 0 0 0 0 0 0 0 0 0 0 0 0 0 0 0 0 0 0 0 0 0 0 0 0 0 0 0 0 0 0 0 0 data 16 0x10005 0x6f01 0x0 0x0 0x0 0x0 0x0 0x0 0x0 0x0 0x0 0x0 0x0 0x9 0x1 0x0 oops 0 methods 0
ciMethodData kotlin/collections/EmptyList getSize ()I 2 28543 orig 80 0 0 0 0 0 0 0 0 0 0 0 0 16 127 0 0 0 0 0 0 0 0 0 0 0 0 0 0 0 0 0 0 0 0 0 0 0 0 0 0 0 0 0 0 0 0 0 0 0 0 0 0 0 0 0 0 0 0 0 0 0 0 0 0 0 0 0 0 0 0 0 0 0 0 0 0 0 0 0 0 data 4 0x0 0x9 0x1 0x0 oops 0 methods 0
ciMethodData kotlin/jvm/internal/CollectionToArray toArray (Ljava/util/Collection;)[Ljava/lang/Object; 2 10769 orig 80 0 0 0 0 0 0 0 0 0 0 0 0 16 127 0 0 0 0 0 0 0 0 0 0 0 0 0 0 0 0 0 0 0 0 0 0 0 0 0 0 0 0 0 0 0 0 0 0 0 0 0 0 0 0 0 0 0 0 0 0 0 0 0 0 0 0 0 0 0 0 0 0 0 0 0 0 0 0 0 0 data 113 0x30002 0x2910 0xc0005 0x392 0x0 0x7f103136c4e0 0xceb 0x7f100c25e200 0x1893 0x130007 0x392 0x38 0x257e 0x1c0003 0x257e 0x2d8 0x200005 0x0 0x0 0x7f1030cfbc10 0x392 0x0 0x0 0x290005 0x0 0x0 0x7f1030cfbcc0 0x392 0x0 0x0 0x2e0007 0x392 0x38 0x0 0x370003 0x0 0x230 0x540005 0x0 0x0 0x7f1030cfbcc0 0x2047 0x0 0x0 0x590004 0x0 0x0 0x7f1030cfbd70 0x1386 0x7f1030cfbe20 0xcc1 0x5f0007 0x1cb5 0x118 0x392 0x640005 0x0 0x0 0x7f1030cfbcc0 0x392 0x0 0x0 0x690007 0x0 0x38 0x392 0x6e0003 0x392 0x130 0x7f0007 0x0 0x50 0x0 0x860007 0x0 0x30 0x0 0x8d0002 0x0 0x990002 0x0 0x9f0002 0x0 0xa40003 0x0 0xfffffffffffffe90 0xa90005 0x0 0x0 0x7f1030cfbcc0 0x1cb5 0x0 0x0 0xae0007 0x1cb5 0xfffffffffffffe40 0x0 0xc00002 0x0 0xc60002 0x0 0xc90003 0x0 0x18 0x0 0x0 0x0 0x0 0x0 0x0 0x9 0x1 0x0 oops 9 5 kotlin/collections/EmptyList 7 org/jetbrains/kotlin/fir/MutableOrEmptyList 19 kotlin/collections/ReversedListReadOnly 26 kotlin/collections/ReversedListReadOnly$listIterator$1 40 kotlin/collections/ReversedListReadOnly$listIterator$1 47 org/jetbrains/kotlin/com/intellij/lang/impl/PsiBuilderImpl$SingleLexemeNode 49 org/jetbrains/kotlin/com/intellij/lang/impl/PsiBuilderImpl$StartMarker 58 kotlin/collections/ReversedListReadOnly$listIterator$1 89 kotlin/collections/ReversedListReadOnly$listIterator$1 methods 0
ciMethodData kotlin/UnsafeLazyImpl getValue ()Ljava/lang/Object; 2 25471 orig 80 0 0 0 0 0 0 0 0 0 0 0 0 0 0 0 0 0 0 0 0 0 0 0 0 0 0 0 0 0 0 0 0 0 0 0 0 0 0 0 0 0 0 0 0 0 0 0 0 0 0 0 0 0 0 0 0 0 0 0 0 0 0 0 0 0 0 0 0 0 0 0 0 0 0 0 0 0 0 0 0 data 22 0x70007 0x1f75 0x68 0x4307 0x100002 0x4307 0x130005 0x0 0x0 0x7f1030b2b5b0 0x214b 0x7f1030b2b660 0x21bc 0x0 0x0 0x0 0x0 0x0 0x0 0x9 0x1 0x6 oops 2 9 org/jetbrains/kotlin/fir/lightTree/fir/ValueParameter$$Lambda$366+0x00007f105c4b1060 11 org/jetbrains/kotlin/fir/lightTree/fir/ValueParameter$$Lambda$365+0x00007f105c4b07f0 methods 0
ciMethodData org/jetbrains/kotlin/util/AbstractArrayMapOwner <init> ()V 2 41009 orig 80 0 0 0 0 0 0 0 0 0 0 0 0 16 127 0 0 0 0 0 0 0 0 0 0 0 0 0 0 0 0 0 0 0 0 0 0 0 0 0 0 0 0 0 0 0 0 0 0 0 0 0 0 0 0 0 0 0 0 0 0 0 0 0 0 0 0 0 0 0 0 0 0 0 0 0 0 0 0 0 0 data 7 0x10002 0x9f28 0x0 0x0 0x9 0x1 0x0 oops 0 methods 0
ciMethodData org/jetbrains/kotlin/util/AttributeArrayOwner <init> ()V 2 40995 orig 80 0 0 0 0 0 0 0 0 0 0 0 0 16 127 0 0 0 0 0 0 0 0 0 0 0 0 0 0 0 0 0 0 0 0 0 0 0 0 0 0 0 0 0 0 0 0 0 0 0 0 0 0 0 0 0 0 0 0 0 0 0 0 0 0 0 0 0 0 0 0 0 0 0 0 0 0 0 0 0 0 data 20 0x70002 0x9f1e 0xa0004 0x0 0x0 0x7f0ffc19a510 0x5 0x0 0x0 0xd0002 0x9f1e 0x0 0x0 0x0 0x0 0x0 0x0 0x9 0x1 0x0 oops 1 5 org/jetbrains/kotlin/util/EmptyArrayMap methods 0
ciMethodData org/jetbrains/kotlin/util/AttributeArrayOwner <init> (Lorg/jetbrains/kotlin/util/ArrayMap;)V 2 41001 orig 80 0 0 0 0 0 0 0 0 0 0 0 0 16 127 0 0 0 0 0 0 0 0 0 0 0 0 0 0 0 0 0 0 0 0 0 0 0 0 0 0 0 0 0 0 0 0 0 0 0 0 0 0 0 0 0 0 0 0 0 0 0 0 0 0 0 0 0 0 0 0 0 0 0 0 0 0 0 0 0 0 data 14 0x30002 0x9f22 0x70002 0x9f22 0x0 0x0 0x0 0x0 0x0 0x0 0x9 0x2 0x0 0x0 oops 0 methods 0
ciMethodData org/jetbrains/kotlin/fir/declarations/FirDeclarationAttributes <init> ()V 2 40991 orig 80 0 0 0 0 0 0 0 0 0 0 0 0 16 127 0 0 0 0 0 0 0 0 0 0 0 0 0 0 0 0 0 0 0 0 0 0 0 0 0 0 0 0 0 0 0 0 0 0 0 0 0 0 0 0 0 0 0 0 0 0 0 0 0 0 0 0 0 0 0 0 0 0 0 0 0 0 0 0 0 0 data 7 0x10002 0x9f17 0x0 0x0 0x9 0x1 0x0 oops 0 methods 0
ciMethodData org/jetbrains/kotlin/fir/declarations/FirMemberDeclaration <init> (Lkotlin/jvm/internal/DefaultConstructorMarker;)V 2 35859 orig 80 0 0 0 0 0 0 0 0 0 0 0 0 16 127 0 0 0 0 0 0 0 0 0 0 0 0 0 0 0 0 0 0 0 0 0 0 0 0 0 0 0 0 0 0 0 0 0 0 0 0 0 0 0 0 0 0 0 0 0 0 0 0 0 0 0 0 0 0 0 0 0 0 0 0 0 0 0 0 0 0 data 8 0x10002 0x8b09 0x0 0x0 0x9 0x2 0x0 0x0 oops 0 methods 0
ciMethodData org/jetbrains/kotlin/fir/declarations/FirMemberDeclaration <init> ()V 2 35859 orig 80 0 0 0 0 0 0 0 0 0 0 0 0 16 127 0 0 0 0 0 0 0 0 0 0 0 0 0 0 0 0 0 0 0 0 0 0 0 0 0 0 0 0 0 0 0 0 0 0 0 0 0 0 0 0 0 0 0 0 0 0 0 0 0 0 0 0 0 0 0 0 0 0 0 0 0 0 0 0 0 0 data 7 0x20002 0x8b09 0x0 0x0 0x9 0x1 0x0 oops 0 methods 0
ciMethodData org/jetbrains/kotlin/fir/declarations/FirDeclaration <init> (Lkotlin/jvm/internal/DefaultConstructorMarker;)V 2 37326 orig 80 0 0 0 0 0 0 0 0 0 0 0 0 16 127 0 0 0 0 0 0 0 0 0 0 0 0 0 0 0 0 0 0 0 0 0 0 0 0 0 0 0 0 0 0 0 0 0 0 0 0 0 0 0 0 0 0 0 0 0 0 0 0 0 0 0 0 0 0 0 0 0 0 0 0 0 0 0 0 0 0 data 8 0x10002 0x8dd8 0x0 0x0 0x9 0x2 0x0 0x0 oops 0 methods 0
ciMethodData org/jetbrains/kotlin/fir/declarations/FirDeclaration <init> ()V 2 36578 orig 80 0 0 0 0 0 0 0 0 0 0 0 0 16 127 0 0 0 0 0 0 0 0 0 0 0 0 0 0 0 0 0 0 0 0 0 0 0 0 0 0 0 0 0 0 0 0 0 0 0 0 0 0 0 0 0 0 0 0 0 0 0 0 0 0 0 0 0 0 0 0 0 0 0 0 0 0 0 0 0 0 data 7 0x10002 0x8dd8 0x0 0x0 0x9 0x1 0x0 oops 0 methods 0
ciMethodData org/jetbrains/kotlin/fir/FirElementWithResolveState <init> ()V 2 36578 orig 80 0 0 0 0 0 0 0 0 0 0 0 0 16 127 0 0 0 0 0 0 0 0 0 0 0 0 0 0 0 0 0 0 0 0 0 0 0 0 0 0 0 0 0 0 0 0 0 0 0 0 0 0 0 0 0 0 0 0 0 0 0 0 0 0 0 0 0 0 0 0 0 0 0 0 0 0 0 0 0 0 data 7 0x10002 0x8dd8 0x0 0x0 0x9 0x1 0x0 oops 0 methods 0
ciMethodData org/jetbrains/kotlin/fir/declarations/FirCallableDeclaration <init> (Lkotlin/jvm/internal/DefaultConstructorMarker;)V 2 33762 orig 80 0 0 0 0 0 0 0 0 0 0 0 0 16 127 0 0 0 0 0 0 0 0 0 0 0 0 0 0 0 0 0 0 0 0 0 0 0 0 0 0 0 0 0 0 0 0 0 0 0 0 0 0 0 0 0 0 0 0 0 0 0 0 0 0 0 0 0 0 0 0 0 0 0 0 0 0 0 0 0 0 data 8 0x10002 0x82e2 0x0 0x0 0x9 0x2 0x0 0x0 oops 0 methods 0
ciMethodData org/jetbrains/kotlin/fir/declarations/FirCallableDeclaration <init> ()V 2 33762 orig 80 0 0 0 0 0 0 0 0 0 0 0 0 16 127 0 0 0 0 0 0 0 0 0 0 0 0 0 0 0 0 0 0 0 0 0 0 0 0 0 0 0 0 0 0 0 0 0 0 0 0 0 0 0 0 0 0 0 0 0 0 0 0 0 0 0 0 0 0 0 0 0 0 0 0 0 0 0 0 0 0 data 7 0x20002 0x82e2 0x0 0x0 0x9 0x1 0x0 oops 0 methods 0
ciMethodData org/jetbrains/kotlin/fir/symbols/FirBasedSymbol bind (Lorg/jetbrains/kotlin/fir/declarations/FirDeclaration;)V 2 41260 orig 80 0 0 0 0 0 0 0 0 0 0 0 0 16 127 0 0 0 0 0 0 0 0 0 0 0 0 0 0 0 0 0 0 0 0 0 0 0 0 0 0 0 0 0 0 0 0 0 0 0 0 0 0 0 0 0 0 0 0 0 0 0 0 0 0 0 0 0 0 0 0 0 0 0 0 0 0 0 0 0 0 data 12 0x30002 0x9fa9 0x0 0x0 0x0 0x0 0x0 0x0 0x9 0x2 0x0 0x0 oops 0 methods 0
ciMethodData org/jetbrains/kotlin/fir/declarations/FirResolveStateKt asResolveState (Lorg/jetbrains/kotlin/fir/declarations/FirResolvePhase;)Lorg/jetbrains/kotlin/fir/declarations/FirResolvedToPhaseState; 2 40994 orig 80 0 0 0 0 0 0 0 0 0 0 0 0 16 127 0 0 0 0 0 0 0 0 0 0 0 0 0 0 0 0 0 0 0 0 0 0 0 0 0 0 0 0 0 0 0 0 0 0 0 0 0 0 0 0 0 0 0 0 0 0 0 0 0 0 0 0 0 0 0 0 0 0 0 0 0 0 0 0 0 0 data 18 0x30002 0x9e93 0xa0005 0x9e93 0x0 0x0 0x0 0x0 0x0 0x0 0x0 0x0 0x0 0x0 0x0 0x9 0x1 0x0 oops 0 methods 0
ciMethodData org/jetbrains/kotlin/fir/declarations/FirResolvedToPhaseState$Companion invoke (Lorg/jetbrains/kotlin/fir/declarations/FirResolvePhase;)Lorg/jetbrains/kotlin/fir/declarations/FirResolvedToPhaseState; 2 40996 orig 80 0 0 0 0 0 0 0 0 0 0 0 0 16 127 0 0 0 0 0 0 0 0 0 0 0 0 0 0 0 0 0 0 0 0 0 0 0 0 0 0 0 0 0 0 0 0 0 0 0 0 0 0 0 0 0 0 0 0 0 0 0 0 0 0 0 0 0 0 0 0 0 0 0 0 0 0 0 0 0 0 data 35 0x30002 0x9e92 0x60002 0x9e92 0xa0005 0x9e92 0x0 0x0 0x0 0x0 0x0 0xd0005 0x0 0x0 0x7f1030005e60 0x9e92 0x0 0x0 0x120004 0x0 0x0 0x7f1031025ff0 0x9e92 0x0 0x0 0x0 0x0 0x0 0x0 0x0 0x0 0x9 0x2 0x0 0x0 oops 2 14 java/util/ArrayList 21 org/jetbrains/kotlin/fir/declarations/FirResolvedToPhaseState methods 0
ciMethodData org/jetbrains/kotlin/fir/declarations/FirResolvedToPhaseState access$getPhases$cp ()Ljava/util/List; 2 40996 orig 80 0 0 0 0 0 0 0 0 0 0 0 0 16 127 0 0 0 0 0 0 0 0 0 0 0 0 0 0 0 0 0 0 0 0 0 0 0 0 0 0 0 0 0 0 0 0 0 0 0 0 0 0 0 0 0 0 0 0 0 0 0 0 0 0 0 0 0 0 0 0 0 0 0 0 0 0 0 0 0 0 data 4 0x0 0x0 0x9 0x0 oops 0 methods 0
ciMethodData org/jetbrains/kotlin/fir/FirElementWithResolveState setResolveState (Lorg/jetbrains/kotlin/fir/declarations/FirResolveState;)V 2 40982 orig 80 0 0 0 0 0 0 0 0 0 0 0 0 16 127 0 0 0 0 0 0 0 0 0 0 0 0 0 0 0 0 0 0 0 0 0 0 0 0 0 0 0 0 0 0 0 0 0 0 0 0 0 0 0 0 0 0 0 0 0 0 0 0 0 0 0 0 0 0 0 0 0 0 0 0 0 0 0 0 0 0 data 12 0x30002 0x9e17 0x0 0x0 0x0 0x0 0x0 0x0 0x9 0x2 0x0 0x0 oops 0 methods 0
ciMethodData org/jetbrains/kotlin/fir/UtilsKt copyWithNewSourceKind (Lorg/jetbrains/kotlin/fir/types/FirTypeRef;Lorg/jetbrains/kotlin/KtFakeSourceElementKind;)Lorg/jetbrains/kotlin/fir/types/FirTypeRef; 2 18238 orig 80 0 0 0 0 0 0 0 0 0 0 0 0 16 127 0 0 0 0 0 0 0 0 0 0 0 0 0 0 0 0 0 0 0 0 0 0 0 0 0 0 0 0 0 0 0 0 0 0 0 0 0 0 0 0 0 0 0 0 0 0 0 0 0 0 0 0 0 0 0 0 0 0 0 0 0 0 0 0 0 0 data 42 0x30002 0x453f 0x90002 0x453f 0xd0005 0x1068 0x0 0x7f10d8dd5a20 0x31b5 0x7f10d8dd5ad0 0x322 0x110007 0x3361 0x20 0x11de 0x190005 0x32d7 0x0 0x7f10d8dd5b80 0x8a 0x0 0x0 0x1d0002 0x3361 0x200007 0x334a 0x20 0x17 0x2d0002 0x334a 0x300002 0x334a 0x0 0x0 0x0 0x0 0x0 0x0 0x9 0x2 0xffffffffffffffff 0xffffffffffffffff oops 3 7 org/jetbrains/kotlin/fir/types/impl/FirUserTypeRefImpl 9 org/jetbrains/kotlin/fir/types/impl/FirImplicitAnyTypeRef 18 org/jetbrains/kotlin/KtLightSourceElement methods 0
ciMethodData kotlin/collections/EmptyList iterator ()Ljava/util/Iterator; 2 16606 orig 80 0 0 0 0 0 0 0 0 0 0 0 0 16 127 0 0 0 0 0 0 0 0 0 0 0 0 0 0 0 0 0 0 0 0 0 0 0 0 0 0 0 0 0 0 0 0 0 0 0 0 0 0 0 0 0 0 0 0 0 0 0 0 0 0 0 0 0 0 0 0 0 0 0 0 0 0 0 0 0 0 data 16 0x30004 0x0 0x0 0x0 0x0 0x0 0x0 0x0 0x0 0x0 0x0 0x0 0x0 0x9 0x1 0x0 oops 0 methods 0
ciMethodData org/jetbrains/kotlin/fir/declarations/FirVariable <init> (Lkotlin/jvm/internal/DefaultConstructorMarker;)V 2 22184 orig 80 0 0 0 0 0 0 0 0 0 0 0 0 66 123 174 52 0 0 0 0 0 0 0 0 0 0 0 0 0 0 0 0 0 0 0 0 0 0 0 0 0 0 0 0 0 0 0 0 0 0 0 0 0 0 0 0 0 0 0 0 0 0 0 0 0 0 0 0 0 0 0 0 0 0 0 0 0 0 0 0 data 8 0x10002 0x4e4a 0x0 0x0 0x9 0x2 0x0 0x0 oops 0 methods 0
ciMethodData kotlin/collections/builders/ListBuilder checkIsMutable ()V 2 31648 orig 80 0 0 0 0 0 0 0 0 0 0 0 0 7 0 0 0 0 0 0 0 0 0 0 0 0 0 0 0 0 0 0 0 0 0 0 0 0 0 0 0 0 0 0 0 0 0 0 0 0 0 0 0 0 0 0 0 0 0 0 0 0 0 0 0 0 0 0 0 0 0 0 0 0 0 0 0 0 0 0 0 data 13 0x40007 0x74cc 0x30 0x0 0xb0002 0x0 0x0 0x0 0x0 0x0 0x9 0x1 0x0 oops 0 methods 0
ciMethodData kotlin/collections/builders/ListBuilderKt arrayOfUninitializedElements (I)[Ljava/lang/Object; 2 16649 orig 80 0 0 0 0 0 0 0 0 0 0 0 0 16 127 0 0 0 0 0 0 0 0 0 0 0 0 0 0 0 0 0 0 0 0 0 0 0 0 0 0 0 0 0 0 0 0 0 0 0 0 0 0 0 0 0 0 0 0 0 0 0 0 0 0 0 0 0 0 0 0 0 0 0 0 0 0 0 0 0 0 data 29 0x10007 0x0 0x38 0x3908 0x50003 0x3908 0x18 0x90007 0x3908 0x68 0x0 0x160005 0x0 0x0 0x0 0x0 0x0 0x0 0x190002 0x0 0x0 0x0 0x0 0x0 0x0 0x0 0x9 0x1 0x0 oops 0 methods 0
ciMethodData kotlin/collections/builders/ListBuilder iterator ()Ljava/util/Iterator; 2 14598 orig 80 0 0 0 0 0 0 0 0 0 0 0 0 16 127 0 0 0 0 0 0 0 0 0 0 0 0 0 0 0 0 0 0 0 0 0 0 0 0 0 0 0 0 0 0 0 0 0 0 0 0 0 0 0 0 0 0 0 0 0 0 0 0 0 0 0 0 0 0 0 0 0 0 0 0 0 0 0 0 0 0 data 23 0x20005 0x30c8 0x0 0x0 0x0 0x0 0x0 0x50004 0x0 0x0 0x7f1034646470 0x2 0x0 0x0 0x0 0x0 0x0 0x0 0x0 0x0 0x9 0x1 0x0 oops 1 10 kotlin/collections/builders/ListBuilder$Itr methods 0
ciMethodData kotlin/collections/builders/ListBuilder listIterator (I)Ljava/util/ListIterator; 2 12872 orig 80 0 0 0 0 0 0 0 0 0 0 0 0 16 127 0 0 0 0 0 0 0 0 0 0 0 0 0 0 0 0 0 0 0 0 0 0 0 0 0 0 0 0 0 0 0 0 0 0 0 0 0 0 0 0 0 0 0 0 0 0 0 0 0 0 0 0 0 0 0 0 0 0 0 0 0 0 0 0 0 0 data 26 0x80005 0x30c8 0x0 0x0 0x0 0x0 0x0 0x110002 0x30c8 0x140004 0x0 0x0 0x7f1034646470 0x2 0x0 0x0 0x0 0x0 0x0 0x0 0x0 0x0 0x9 0x2 0x0 0x0 oops 1 12 kotlin/collections/builders/ListBuilder$Itr methods 0
ciMethodData kotlin/collections/AbstractList$Companion checkPositionIndex$kotlin_stdlib (II)V 2 14598 orig 80 0 0 0 0 0 0 0 0 0 0 0 0 16 127 0 0 0 0 0 0 0 0 0 0 0 0 0 0 0 0 0 0 0 0 0 0 0 0 0 0 0 0 0 0 0 0 0 0 0 0 0 0 0 0 0 0 0 0 0 0 0 0 0 0 0 0 0 0 0 0 0 0 0 0 0 0 0 0 0 0 data 58 0x10007 0x0 0x40 0x30d1 0x60007 0x30d1 0x158 0x0 0x110002 0x0 0x160005 0x0 0x0 0x0 0x0 0x0 0x0 0x1a0005 0x0 0x0 0x0 0x0 0x0 0x0 0x1f0005 0x0 0x0 0x0 0x0 0x0 0x0 0x230005 0x0 0x0 0x0 0x0 0x0 0x0 0x260005 0x0 0x0 0x0 0x0 0x0 0x0 0x290002 0x0 0x0 0x0 0x0 0x0 0x0 0x0 0x9 0x3 0x0 0x0 0x0 oops 0 methods 0
ciMethodData kotlin/collections/builders/ListBuilder$Itr <init> (Lkotlin/collections/builders/ListBuilder;I)V 2 14598 orig 80 0 0 0 0 0 0 0 0 0 0 0 0 16 127 0 0 0 0 0 0 0 0 0 0 0 0 0 0 0 0 0 0 0 0 0 0 0 0 0 0 0 0 0 0 0 0 0 0 0 0 0 0 0 0 0 0 0 0 0 0 0 0 0 0 0 0 0 0 0 0 0 0 0 0 0 0 0 0 0 0 data 17 0x30002 0x30ce 0x70002 0x30ce 0x1e0002 0x30ce 0x0 0x0 0x0 0x0 0x0 0x0 0x9 0x3 0xe 0x0 0x0 oops 0 methods 0
ciMethodData org/jetbrains/kotlin/fir/declarations/FirVariable <init> ()V 2 20553 orig 80 0 0 0 0 0 0 0 0 0 0 0 0 7 0 0 0 0 0 0 0 0 0 0 0 0 0 0 0 0 0 0 0 0 0 0 0 0 0 0 0 0 0 0 0 0 0 0 0 0 0 0 0 0 0 0 0 0 0 0 0 0 0 0 0 0 0 0 0 0 0 0 0 0 0 0 0 0 0 0 0 data 7 0x20002 0x4e4a 0x0 0x0 0x9 0x1 0x0 oops 0 methods 0
ciMethodData org/jetbrains/kotlin/fir/declarations/builder/FirValueParameterBuilder getSymbol ()Lorg/jetbrains/kotlin/fir/symbols/impl/FirValueParameterSymbol; 2 10011 orig 80 0 0 0 0 0 0 0 0 0 0 0 0 16 127 0 0 0 0 0 0 0 0 0 0 0 0 0 0 0 0 0 0 0 0 0 0 0 0 0 0 0 0 0 0 0 0 0 0 0 0 0 0 0 0 0 0 0 0 0 0 0 0 0 0 0 0 0 0 0 0 0 0 0 0 0 0 0 0 0 0 data 15 0x50007 0x0 0x20 0x21d9 0xc0002 0x0 0x0 0x0 0x0 0x0 0x0 0x0 0x9 0x1 0x0 oops 0 methods 0
ciMethodData org/jetbrains/kotlin/fir/declarations/FirValueParameter <init> ()V 2 8919 orig 80 0 0 0 0 0 0 0 0 0 0 0 0 0 0 0 0 0 0 0 0 0 0 0 0 0 0 0 0 0 0 0 0 0 0 0 0 0 0 0 0 0 0 0 0 0 0 0 0 0 0 0 0 0 0 0 0 0 0 0 0 0 0 0 0 0 0 0 0 0 0 0 0 0 0 0 0 0 0 0 0 data 7 0x20002 0x1d2a 0x0 0x0 0x9 0x1 0x0 oops 0 methods 0
ciMethodData org/jetbrains/kotlin/fir/declarations/impl/FirResolvedDeclarationStatusImpl$Companion getDEFAULT_STATUS_FOR_STATUSLESS_DECLARATIONS ()Lorg/jetbrains/kotlin/fir/declarations/FirResolvedDeclarationStatus; 2 9179 orig 80 0 0 0 0 0 0 0 0 0 0 0 0 0 0 0 0 0 0 0 0 0 0 0 0 0 0 0 0 0 0 0 0 0 0 0 0 0 0 0 0 0 0 0 0 0 0 0 0 0 0 0 0 0 0 0 0 0 0 0 0 0 0 0 0 0 0 0 0 0 0 0 0 0 0 0 0 0 0 0 0 data 11 0x2 0x1d2a 0x0 0x0 0x0 0x0 0x0 0x0 0x9 0x1 0x0 oops 0 methods 0
ciMethodData org/jetbrains/kotlin/fir/declarations/impl/FirResolvedDeclarationStatusImpl access$getDEFAULT_STATUS_FOR_STATUSLESS_DECLARATIONS$cp ()Lorg/jetbrains/kotlin/fir/declarations/FirResolvedDeclarationStatus; 2 7977 orig 80 0 0 0 0 0 0 0 0 0 0 0 0 7 0 0 0 0 0 0 0 0 0 0 0 0 0 0 0 0 0 0 0 0 0 0 0 0 0 0 0 0 0 0 0 0 0 0 0 0 0 0 0 0 0 0 0 0 0 0 0 0 0 0 0 0 0 0 0 0 0 0 0 0 0 0 0 0 0 0 0 data 4 0x0 0x0 0x9 0x0 oops 0 methods 0
ciMethodData org/jetbrains/kotlin/fir/declarations/builder/FirValueParameterBuilder getModuleData ()Lorg/jetbrains/kotlin/fir/FirModuleData; 2 9680 orig 80 0 0 0 0 0 0 0 0 0 0 0 0 16 127 0 0 0 0 0 0 0 0 0 0 0 0 0 0 0 0 0 0 0 0 0 0 0 0 0 0 0 0 0 0 0 0 0 0 0 0 0 0 0 0 0 0 0 0 0 0 0 0 0 0 0 0 0 0 0 0 0 0 0 0 0 0 0 0 0 0 data 15 0x50007 0x0 0x20 0x2288 0xc0002 0x0 0x0 0x0 0x0 0x0 0x0 0x0 0x9 0x1 0x0 oops 0 methods 0
ciMethodData org/jetbrains/kotlin/fir/declarations/builder/FirValueParameterBuilder getOrigin ()Lorg/jetbrains/kotlin/fir/declarations/FirDeclarationOrigin; 2 9680 orig 80 0 0 0 0 0 0 0 0 0 0 0 0 16 127 0 0 0 0 0 0 0 0 0 0 0 0 0 0 0 0 0 0 0 0 0 0 0 0 0 0 0 0 0 0 0 0 0 0 0 0 0 0 0 0 0 0 0 0 0 0 0 0 0 0 0 0 0 0 0 0 0 0 0 0 0 0 0 0 0 0 data 15 0x50007 0x0 0x20 0x228e 0xc0002 0x0 0x0 0x0 0x0 0x0 0x0 0x0 0x9 0x1 0x0 oops 0 methods 0
ciMethodData org/jetbrains/kotlin/fir/declarations/builder/FirValueParameterBuilder getReturnTypeRef ()Lorg/jetbrains/kotlin/fir/types/FirTypeRef; 2 9680 orig 80 0 0 0 0 0 0 0 0 0 0 0 0 16 127 0 0 0 0 0 0 0 0 0 0 0 0 0 0 0 0 0 0 0 0 0 0 0 0 0 0 0 0 0 0 0 0 0 0 0 0 0 0 0 0 0 0 0 0 0 0 0 0 0 0 0 0 0 0 0 0 0 0 0 0 0 0 0 0 0 0 data 15 0x50007 0x0 0x20 0x2293 0xc0002 0x0 0x0 0x0 0x0 0x0 0x0 0x0 0x9 0x1 0x0 oops 0 methods 0
ciMethodData org/jetbrains/kotlin/fir/declarations/builder/FirValueParameterBuilder getName ()Lorg/jetbrains/kotlin/name/Name; 2 9680 orig 80 0 0 0 0 0 0 0 0 0 0 0 0 16 127 0 0 0 0 0 0 0 0 0 0 0 0 0 0 0 0 0 0 0 0 0 0 0 0 0 0 0 0 0 0 0 0 0 0 0 0 0 0 0 0 0 0 0 0 0 0 0 0 0 0 0 0 0 0 0 0 0 0 0 0 0 0 0 0 0 0 data 15 0x50007 0x0 0x20 0x2299 0xc0002 0x0 0x0 0x0 0x0 0x0 0x0 0x0 0x9 0x1 0x0 oops 0 methods 0
ciMethodData org/jetbrains/kotlin/fir/declarations/builder/FirValueParameterBuilder getContainingDeclarationSymbol ()Lorg/jetbrains/kotlin/fir/symbols/FirBasedSymbol; 2 9680 orig 80 0 0 0 0 0 0 0 0 0 0 0 0 16 127 0 0 0 0 0 0 0 0 0 0 0 0 0 0 0 0 0 0 0 0 0 0 0 0 0 0 0 0 0 0 0 0 0 0 0 0 0 0 0 0 0 0 0 0 0 0 0 0 0 0 0 0 0 0 0 0 0 0 0 0 0 0 0 0 0 0 data 15 0x50007 0x0 0x20 0x229d 0xc0002 0x0 0x0 0x0 0x0 0x0 0x0 0x0 0x9 0x1 0x0 oops 0 methods 0
ciMethodData org/jetbrains/kotlin/fir/declarations/impl/FirValueParameterImpl <init> (Lorg/jetbrains/kotlin/KtSourceElement;Lorg/jetbrains/kotlin/fir/declarations/FirResolvePhase;Lorg/jetbrains/kotlin/fir/FirModuleData;Lorg/jetbrains/kotlin/fir/declarations/FirDeclarationOrigin;Lorg/jetbrains/kotlin/fir/declarations/FirDeclarationAttributes;Lorg/jetbrains/kotlin/fir/types/FirTypeRef;Lorg/jetbrains/kotlin/fir/declarations/DeprecationsProvider;Lorg/jetbrains/kotlin/name/Name;Ljava/util/List;Lorg/jetbrains/kotlin/fir/symbols/impl/FirValueParameterSymbol;Lorg/jetbrains/kotlin/fir/expressions/FirExpression;Lorg/jetbrains/kotlin/fir/symbols/FirBasedSymbol;ZZZLorg/jetbrains/kotlin/fir/declarations/FirValueParameterKind;Lkotlin/jvm/internal/DefaultConstructorMarker;)V 2 9680 orig 80 0 0 0 0 0 0 0 0 0 0 0 0 16 127 0 0 0 0 0 0 0 0 0 0 0 0 0 0 0 0 0 0 0 0 0 0 0 0 0 0 0 0 0 0 0 0 0 0 0 0 0 0 0 0 0 0 0 0 0 0 0 0 0 0 0 0 0 0 0 0 0 0 0 0 0 0 0 0 0 0 data 24 0x1e0002 0x1dce 0x0 0x0 0x9 0x12 0x0 0x0 0x0 0x0 0x0 0x0 0x0 0x0 0x0 0x0 0x0 0x0 0x0 0x0 0x0 0x0 0x0 0x0 oops 0 methods 0
ciMethodData org/jetbrains/kotlin/fir/declarations/impl/FirValueParameterImpl <init> (Lorg/jetbrains/kotlin/KtSourceElement;Lorg/jetbrains/kotlin/fir/declarations/FirResolvePhase;Lorg/jetbrains/kotlin/fir/FirModuleData;Lorg/jetbrains/kotlin/fir/declarations/FirDeclarationOrigin;Lorg/jetbrains/kotlin/fir/declarations/FirDeclarationAttributes;Lorg/jetbrains/kotlin/fir/types/FirTypeRef;Lorg/jetbrains/kotlin/fir/declarations/DeprecationsProvider;Lorg/jetbrains/kotlin/name/Name;Ljava/util/List;Lorg/jetbrains/kotlin/fir/symbols/impl/FirValueParameterSymbol;Lorg/jetbrains/kotlin/fir/expressions/FirExpression;Lorg/jetbrains/kotlin/fir/symbols/FirBasedSymbol;ZZZLorg/jetbrains/kotlin/fir/declarations/FirValueParameterKind;)V 2 9680 orig 80 0 0 0 0 0 0 0 0 0 0 0 0 16 127 0 0 0 0 0 0 0 0 0 0 0 0 0 0 0 0 0 0 0 0 0 0 0 0 0 0 0 0 0 0 0 0 0 0 0 0 0 0 0 0 0 0 0 0 0 0 0 0 0 0 0 0 0 0 0 0 0 0 0 0 0 0 0 0 0 0 data 187 0x30002 0x1dc8 0x90002 0x1dc8 0x100002 0x1dc8 0x170002 0x1dc8 0x1e0002 0x1dc8 0x250002 0x1dc8 0x2c0002 0x1dc8 0x330002 0x1dc8 0x3a0002 0x1dc8 0x410002 0x1dc8 0x450002 0x1dc8 0xa40005 0x1dc8 0x0 0x0 0x0 0x0 0x0 0xa70004 0x0 0x0 0x7f10310253c0 0x104 0x0 0x0 0xaf0005 0x1dc8 0x0 0x0 0x0 0x0 0x0 0xb30004 0x0 0x0 0x7f10d9477e00 0x104 0x0 0x0 0xb60005 0x1dc8 0x0 0x0 0x0 0x0 0x0 0xbb0002 0x1dc8 0xbe0004 0x0 0x0 0x7f1031025ff0 0x104 0x0 0x0 0xc10005 0x1dc8 0x0 0x0 0x0 0x0 0x0 0xc50005 0x1dc8 0x0 0x0 0x0 0x0 0x0 0xc80007 0x1dc8 0x88 0x0 0xcc0005 0x0 0x0 0x0 0x0 0x0 0x0 0xd20002 0x0 0xd50007 0x0 0x38 0x0 0xd90003 0x1dc8 0x18 0xdd0007 0x1dc8 0x1a0 0x0 0xe70002 0x0 0xeb0005 0x0 0x0 0x0 0x0 0x0 0x0 0xee0002 0x0 0xf10005 0x0 0x0 0x0 0x0 0x0 0x0 0xf60005 0x0 0x0 0x0 0x0 0x0 0x0 0xfc0005 0x0 0x0 0x0 0x0 0x0 0x0 0xff0005 0x0 0x0 0x0 0x0 0x0 0x0 0x10a0005 0x0 0x0 0x0 0x0 0x0 0x0 0x10d0002 0x0 0x0 0x0 0x0 0x0 0x0 0x0 0x0 0x0 0x0 0x0 0x0 0x0 0x0 0x0 0x0 0x0 0x9 0x11 0x0 0x0 0x0 0x0 0x0 0x0 0x0 0x0 0x0 0x0 0x0 0x0 0x0 0x0 0x0 0x0 0x0 oops 3 32 org/jetbrains/kotlin/fir/declarations/impl/FirResolvedDeclarationStatusImpl 46 org/jetbrains/kotlin/fir/declarations/impl/FirValueParameterImpl 62 org/jetbrains/kotlin/fir/declarations/FirResolvedToPhaseState methods 0
ciMethodData kotlin/collections/builders/ListBuilder$Itr hasNext ()Z 2 16025 orig 80 0 0 0 0 0 0 0 0 0 0 0 0 16 127 0 0 0 0 0 0 0 0 0 0 0 0 0 0 0 0 0 0 0 0 0 0 0 0 0 0 0 0 0 0 0 0 0 0 0 0 0 0 0 0 0 0 0 0 0 0 0 0 0 0 0 0 0 0 0 0 0 0 0 0 0 0 0 0 0 0 data 18 0x80002 0x3687 0xb0007 0x2f0c 0x38 0x77b 0xf0003 0x77b 0x18 0x0 0x0 0x0 0x0 0x0 0x0 0x9 0x1 0x0 oops 0 methods 0
ciMethodData kotlin/collections/AbstractMutableList <init> ()V 2 15189 orig 80 0 0 0 0 0 0 0 0 0 0 0 0 0 0 0 0 0 0 0 0 0 0 0 0 0 0 0 0 0 0 0 0 0 0 0 0 0 0 0 0 0 0 0 0 0 0 0 0 0 0 0 0 0 0 0 0 0 0 0 0 0 0 0 0 0 0 0 0 0 0 0 0 0 0 0 0 0 0 0 0 data 7 0x10002 0x393c 0x0 0x0 0x9 0x1 0x0 oops 0 methods 0
ciMethodData kotlin/collections/builders/ListBuilder <init> (I)V 2 15093 orig 80 0 0 0 0 0 0 0 0 0 0 0 0 16 127 0 0 0 0 0 0 0 0 0 0 0 0 0 0 0 0 0 0 0 0 0 0 0 0 0 0 0 0 0 0 0 0 0 0 0 0 0 0 0 0 0 0 0 0 0 0 0 0 0 0 0 0 0 0 0 0 0 0 0 0 0 0 0 0 0 0 data 14 0x10002 0x38f2 0x60002 0x38f2 0x0 0x0 0x0 0x0 0x0 0x0 0x9 0x2 0x0 0x0 oops 0 methods 0
ciMethodData kotlin/collections/CollectionsKt__CollectionsJVMKt createListBuilder ()Ljava/util/List; 2 16630 orig 80 0 0 0 0 0 0 0 0 0 0 0 0 0 0 0 0 0 0 0 0 0 0 0 0 0 0 0 0 0 0 0 0 0 0 0 0 0 0 0 0 0 0 0 0 0 0 0 0 0 0 0 0 0 0 0 0 0 0 0 0 0 0 0 0 0 0 0 0 0 0 0 0 0 0 0 0 0 0 0 0 data 17 0x70002 0x38f5 0xa0004 0x0 0x0 0x7f103136c430 0x1c 0x0 0x0 0x0 0x0 0x0 0x0 0x0 0x0 0x9 0x0 oops 1 5 kotlin/collections/builders/ListBuilder methods 0
ciMethodData kotlin/collections/builders/ListBuilder <init> (IILkotlin/jvm/internal/DefaultConstructorMarker;)V 2 15092 orig 80 0 0 0 0 0 0 0 0 0 0 0 0 16 127 0 0 0 0 0 0 0 0 0 0 0 0 0 0 0 0 0 0 0 0 0 0 0 0 0 0 0 0 0 0 0 0 0 0 0 0 0 0 0 0 0 0 0 0 0 0 0 0 0 0 0 0 0 0 0 0 0 0 0 0 0 0 0 0 0 0 data 14 0x30007 0x0 0x20 0x38f5 0xb0002 0x38f5 0x0 0x0 0x9 0x4 0x0 0x0 0x0 0x0 oops 0 methods 0
ciMethodData kotlin/collections/CollectionsKt__CollectionsJVMKt build (Ljava/util/List;)Ljava/util/List; 2 16422 orig 80 0 0 0 0 0 0 0 0 0 0 0 0 16 127 0 0 0 0 0 0 0 0 0 0 0 0 0 0 0 0 0 0 0 0 0 0 0 0 0 0 0 0 0 0 0 0 0 0 0 0 0 0 0 0 0 0 0 0 0 0 0 0 0 0 0 0 0 0 0 0 0 0 0 0 0 0 0 0 0 0 data 25 0x30002 0x39e8 0x70004 0x0 0x0 0x7f103136c430 0x39e8 0x0 0x0 0xa0005 0x39e8 0x0 0x0 0x0 0x0 0x0 0x0 0x0 0x0 0x0 0x0 0x0 0x9 0x1 0xc oops 1 5 kotlin/collections/builders/ListBuilder methods 0
ciMethodData org/jetbrains/kotlin/fir/declarations/builder/FirValueParameterBuilder <init> ()V 2 9644 orig 80 0 0 0 0 0 0 0 0 0 0 0 0 16 127 0 0 0 0 0 0 0 0 0 0 0 0 0 0 0 0 0 0 0 0 0 0 0 0 0 0 0 0 0 0 0 0 0 0 0 0 0 0 0 0 0 0 0 0 0 0 0 0 0 0 0 0 0 0 0 0 0 0 0 0 0 0 0 0 0 0 data 29 0x10002 0x1da8 0x100002 0x1da8 0x1a0004 0x0 0x0 0x7f0ffc197c40 0x88 0x0 0x0 0x250002 0x1da8 0x280004 0x0 0x0 0x7f1030005e60 0x88 0x0 0x0 0x0 0x0 0x0 0x0 0x0 0x0 0x9 0x1 0x17c oops 2 7 org/jetbrains/kotlin/fir/declarations/UnresolvedDeprecationProvider 16 java/util/ArrayList methods 0
ciMethodData org/jetbrains/kotlin/fir/declarations/builder/FirValueParameterBuilder setModuleData (Lorg/jetbrains/kotlin/fir/FirModuleData;)V 2 8010 orig 80 0 0 0 0 0 0 0 0 0 0 0 0 16 127 0 0 0 0 0 0 0 0 0 0 0 0 0 0 0 0 0 0 0 0 0 0 0 0 0 0 0 0 0 0 0 0 0 0 0 0 0 0 0 0 0 0 0 0 0 0 0 0 0 0 0 0 0 0 0 0 0 0 0 0 0 0 0 0 0 0 data 12 0x30002 0x1885 0x0 0x0 0x0 0x0 0x0 0x0 0x9 0x2 0x0 0x0 oops 0 methods 0
ciMethodData org/jetbrains/kotlin/fir/declarations/builder/FirValueParameterBuilder setOrigin (Lorg/jetbrains/kotlin/fir/declarations/FirDeclarationOrigin;)V 2 8010 orig 80 0 0 0 0 0 0 0 0 0 0 0 0 16 127 0 0 0 0 0 0 0 0 0 0 0 0 0 0 0 0 0 0 0 0 0 0 0 0 0 0 0 0 0 0 0 0 0 0 0 0 0 0 0 0 0 0 0 0 0 0 0 0 0 0 0 0 0 0 0 0 0 0 0 0 0 0 0 0 0 0 data 12 0x30002 0x1885 0x0 0x0 0x0 0x0 0x0 0x0 0x9 0x2 0x0 0x0 oops 0 methods 0
ciMethodData org/jetbrains/kotlin/fir/declarations/builder/FirValueParameterBuilder setName (Lorg/jetbrains/kotlin/name/Name;)V 2 8011 orig 80 0 0 0 0 0 0 0 0 0 0 0 0 16 127 0 0 0 0 0 0 0 0 0 0 0 0 0 0 0 0 0 0 0 0 0 0 0 0 0 0 0 0 0 0 0 0 0 0 0 0 0 0 0 0 0 0 0 0 0 0 0 0 0 0 0 0 0 0 0 0 0 0 0 0 0 0 0 0 0 0 data 12 0x30002 0x191b 0x0 0x0 0x0 0x0 0x0 0x0 0x9 0x2 0x0 0x0 oops 0 methods 0
ciMethodData org/jetbrains/kotlin/fir/declarations/builder/FirValueParameterBuilder setSymbol (Lorg/jetbrains/kotlin/fir/symbols/impl/FirValueParameterSymbol;)V 2 8012 orig 80 0 0 0 0 0 0 0 0 0 0 0 0 16 127 0 0 0 0 0 0 0 0 0 0 0 0 0 0 0 0 0 0 0 0 0 0 0 0 0 0 0 0 0 0 0 0 0 0 0 0 0 0 0 0 0 0 0 0 0 0 0 0 0 0 0 0 0 0 0 0 0 0 0 0 0 0 0 0 0 0 data 12 0x30002 0x18bd 0x0 0x0 0x0 0x0 0x0 0x0 0x9 0x2 0x0 0x0 oops 0 methods 0
ciMethodData org/jetbrains/kotlin/fir/declarations/builder/FirValueParameterBuilder setReturnTypeRef (Lorg/jetbrains/kotlin/fir/types/FirTypeRef;)V 2 8011 orig 80 0 0 0 0 0 0 0 0 0 0 0 0 16 127 0 0 0 0 0 0 0 0 0 0 0 0 0 0 0 0 0 0 0 0 0 0 0 0 0 0 0 0 0 0 0 0 0 0 0 0 0 0 0 0 0 0 0 0 0 0 0 0 0 0 0 0 0 0 0 0 0 0 0 0 0 0 0 0 0 0 data 12 0x30002 0x187c 0x0 0x0 0x0 0x0 0x0 0x0 0x9 0x2 0x0 0x0 oops 0 methods 0
ciMethodData org/jetbrains/kotlin/fir/declarations/builder/FirValueParameterBuilder setContainingDeclarationSymbol (Lorg/jetbrains/kotlin/fir/symbols/FirBasedSymbol;)V 2 8019 orig 80 0 0 0 0 0 0 0 0 0 0 0 0 16 127 0 0 0 0 0 0 0 0 0 0 0 0 0 0 0 0 0 0 0 0 0 0 0 0 0 0 0 0 0 0 0 0 0 0 0 0 0 0 0 0 0 0 0 0 0 0 0 0 0 0 0 0 0 0 0 0 0 0 0 0 0 0 0 0 0 0 data 12 0x30002 0x1dc7 0x0 0x0 0x0 0x0 0x0 0x0 0x9 0x2 0x0 0x0 oops 0 methods 0
ciMethodData org/jetbrains/kotlin/fir/declarations/builder/FirValueParameterBuilder setValueParameterKind (Lorg/jetbrains/kotlin/fir/declarations/FirValueParameterKind;)V 2 7001 orig 80 0 0 0 0 0 0 0 0 0 0 0 0 16 127 0 0 0 0 0 0 0 0 0 0 0 0 0 0 0 0 0 0 0 0 0 0 0 0 0 0 0 0 0 0 0 0 0 0 0 0 0 0 0 0 0 0 0 0 0 0 0 0 0 0 0 0 0 0 0 0 0 0 0 0 0 0 0 0 0 0 data 12 0x30002 0x1a8c 0x0 0x0 0x0 0x0 0x0 0x0 0x9 0x2 0x0 0x0 oops 0 methods 0
ciMethodData org/jetbrains/kotlin/fir/declarations/builder/FirValueParameterBuilder build ()Lorg/jetbrains/kotlin/fir/declarations/FirValueParameter; 2 9680 orig 80 0 0 0 0 0 0 0 0 0 0 0 0 16 127 0 0 0 0 0 0 0 0 0 0 0 0 0 0 0 0 0 0 0 0 0 0 0 0 0 0 0 0 0 0 0 0 0 0 0 0 0 0 0 0 0 0 0 0 0 0 0 0 0 0 0 0 0 0 0 0 0 0 0 0 0 0 0 0 0 0 data 132 0x50005 0x0 0x0 0x7f1031364b10 0x2444 0x0 0x0 0x90005 0x0 0x0 0x7f1031364b10 0x2444 0x0 0x0 0xd0005 0x0 0x0 0x7f1031364b10 0x2444 0x0 0x0 0x110005 0x0 0x0 0x7f1031364b10 0x2444 0x0 0x0 0x150005 0x0 0x0 0x7f1031364b10 0x2444 0x0 0x0 0x190005 0x0 0x0 0x7f1031364b10 0x2444 0x0 0x0 0x1d0005 0x0 0x0 0x7f1031364b10 0x2444 0x0 0x0 0x210005 0x0 0x0 0x7f1031364b10 0x2444 0x0 0x0 0x250005 0x0 0x0 0x7f1031364b10 0x2444 0x0 0x0 0x280002 0x2444 0x2c0005 0x0 0x0 0x7f1031364b10 0x2444 0x0 0x0 0x300005 0x0 0x0 0x7f1031364b10 0x2444 0x0 0x0 0x340005 0x0 0x0 0x7f1031364b10 0x2444 0x0 0x0 0x380005 0x0 0x0 0x7f1031364b10 0x2444 0x0 0x0 0x3c0005 0x0 0x0 0x7f1031364b10 0x2444 0x0 0x0 0x400005 0x0 0x0 0x7f1031364b10 0x2444 0x0 0x0 0x440005 0x0 0x0 0x7f1031364b10 0x2444 0x0 0x0 0x480002 0x2444 0x4b0004 0x0 0x0 0x7f10d9477e00 0x26e 0x0 0x0 0x0 0x0 0x0 0x0 0x0 0x0 0x9 0x1 0x0 oops 17 3 org/jetbrains/kotlin/fir/declarations/builder/FirValueParameterBuilder 10 org/jetbrains/kotlin/fir/declarations/builder/FirValueParameterBuilder 17 org/jetbrains/kotlin/fir/declarations/builder/FirValueParameterBuilder 24 org/jetbrains/kotlin/fir/declarations/builder/FirValueParameterBuilder 31 org/jetbrains/kotlin/fir/declarations/builder/FirValueParameterBuilder 38 org/jetbrains/kotlin/fir/declarations/builder/FirValueParameterBuilder 45 org/jetbrains/kotlin/fir/declarations/builder/FirValueParameterBuilder 52 org/jetbrains/kotlin/fir/declarations/builder/FirValueParameterBuilder 59 org/jetbrains/kotlin/fir/declarations/builder/FirValueParameterBuilder 68 org/jetbrains/kotlin/fir/declarations/builder/FirValueParameterBuilder 75 org/jetbrains/kotlin/fir/declarations/builder/FirValueParameterBuilder 82 org/jetbrains/kotlin/fir/declarations/builder/FirValueParameterBuilder 89 org/jetbrains/kotlin/fir/declarations/builder/FirValueParameterBuilder 96 org/jetbrains/kotlin/fir/declarations/builder/FirValueParameterBuilder 103 org/jetbrains/kotlin/fir/declarations/builder/FirValueParameterBuilder 110 org/jetbrains/kotlin/fir/declarations/builder/FirValueParameterBuilder 119 org/jetbrains/kotlin/fir/declarations/impl/FirValueParameterImpl methods 0
ciMethodData kotlin/collections/EmptyList toArray ()[Ljava/lang/Object; 2 12398 orig 80 0 0 0 0 0 0 0 0 0 0 0 0 0 0 0 0 0 0 0 0 0 0 0 0 0 0 0 0 0 0 0 0 0 0 0 0 0 0 0 0 0 0 0 0 0 0 0 0 0 0 0 0 0 0 0 0 0 0 0 0 0 0 0 0 0 0 0 0 0 0 0 0 0 0 0 0 0 0 0 0 data 18 0x10004 0x0 0x0 0x7f103136c4e0 0xf 0x0 0x0 0x40002 0x286e 0x0 0x0 0x0 0x0 0x0 0x0 0x9 0x1 0x0 oops 1 3 kotlin/collections/EmptyList methods 0
ciMethodData org/jetbrains/kotlin/fir/builder/ConversionUtilsKt appliesToPrimaryConstructorParameter (Lorg/jetbrains/kotlin/descriptors/annotations/AnnotationUseSiteTarget;)Z 1 321 orig 80 0 0 0 0 0 0 0 0 0 0 0 0 16 127 0 0 0 0 0 0 0 0 0 0 0 0 0 0 0 0 0 0 0 0 0 0 0 0 0 0 0 0 0 0 0 0 0 0 0 0 0 0 0 0 0 0 0 0 0 0 0 0 0 0 0 0 0 0 0 0 0 0 0 0 0 0 0 0 0 0 data 32 0x10007 0xec 0xa0 0x16 0x80007 0xb 0x80 0xb 0xf0007 0x0 0x60 0xb 0x160007 0x0 0x40 0xb 0x1d0007 0xb 0x38 0x0 0x210003 0xf7 0x18 0x0 0x0 0x0 0x0 0x0 0x0 0x9 0x1 0x0 oops 0 methods 0
ciMethodData kotlin/collections/ArraysKt___ArraysJvmKt copyInto ([Ljava/lang/Object;[Ljava/lang/Object;III)[Ljava/lang/Object; 2 17463 orig 80 0 0 0 0 0 0 0 0 0 0 0 0 7 0 0 0 0 0 0 0 0 0 0 0 0 0 0 0 0 0 0 0 0 0 0 0 0 0 0 0 0 0 0 0 0 0 0 0 0 0 0 0 0 0 0 0 0 0 0 0 0 0 0 0 0 0 0 0 0 0 0 0 0 0 0 0 0 0 0 0 data 19 0x30002 0x4238 0x90002 0x4238 0x140002 0x4238 0x0 0x0 0x0 0x0 0x0 0x0 0x9 0x5 0x0 0x0 0x0 0x0 0x0 oops 0 methods 0
ciMethodData kotlin/collections/builders/ListBuilder registerModification ()V 2 16491 orig 80 0 0 0 0 0 0 0 0 0 0 0 0 7 0 0 0 0 0 0 0 0 0 0 0 0 0 0 0 0 0 0 0 0 0 0 0 0 0 0 0 0 0 0 0 0 0 0 0 0 0 0 0 0 0 0 0 0 0 0 0 0 0 0 0 0 0 0 0 0 0 0 0 0 0 0 0 0 0 0 0 data 7 0x0 0x0 0x0 0x0 0x9 0x1 0x6 oops 0 methods 0
ciMethodData kotlin/collections/builders/ListBuilder insertAtInternal (II)V 2 17438 orig 80 0 0 0 0 0 0 0 0 0 0 0 0 16 127 0 0 0 0 0 0 0 0 0 0 0 0 0 0 0 0 0 0 0 0 0 0 0 0 0 0 0 0 0 0 0 0 0 0 0 0 0 0 0 0 0 0 0 0 0 0 0 0 0 0 0 0 0 0 0 0 0 0 0 0 0 0 0 0 0 0 data 15 0x20002 0x421f 0x230002 0x421f 0x0 0x0 0x0 0x0 0x0 0x0 0x9 0x3 0xc 0x0 0x0 oops 0 methods 0
ciMethodData kotlin/collections/builders/ListBuilder ensureExtraCapacity (I)V 2 17438 orig 80 0 0 0 0 0 0 0 0 0 0 0 0 0 0 0 0 0 0 0 0 0 0 0 0 0 0 0 0 0 0 0 0 0 0 0 0 0 0 0 0 0 0 0 0 0 0 0 0 0 0 0 0 0 0 0 0 0 0 0 0 0 0 0 0 0 0 0 0 0 0 0 0 0 0 0 0 0 0 0 0 data 10 0x70002 0x421f 0x0 0x0 0x0 0x0 0x9 0x2 0x8 0x0 oops 0 methods 0
ciMethodData kotlin/collections/builders/ListBuilder ensureCapacityInternal (I)V 2 17438 orig 80 0 0 0 0 0 0 0 0 0 0 0 0 7 0 0 0 0 0 0 0 0 0 0 0 0 0 0 0 0 0 0 0 0 0 0 0 0 0 0 0 0 0 0 0 0 0 0 0 0 0 0 0 0 0 0 0 0 0 0 0 0 0 0 0 0 0 0 0 0 0 0 0 0 0 0 0 0 0 0 0 data 29 0x10007 0x421f 0x30 0x0 0x80002 0x0 0x120007 0x421f 0x68 0x0 0x1e0005 0x0 0x0 0x0 0x0 0x0 0x0 0x280002 0x0 0x0 0x0 0x0 0x0 0x0 0x0 0x9 0x2 0x8 0x0 oops 0 methods 0
ciMethodData kotlin/collections/builders/ListBuilder addAll (Ljava/util/Collection;)Z 2 16081 orig 80 0 0 0 0 0 0 0 0 0 0 0 0 16 127 0 0 0 0 0 0 0 0 0 0 0 0 0 0 0 0 0 0 0 0 0 0 0 0 0 0 0 0 0 0 0 0 0 0 0 0 0 0 0 0 0 0 0 0 0 0 0 0 0 0 0 0 0 0 0 0 0 0 0 0 0 0 0 0 0 0 data 30 0x30002 0x3cd2 0x70002 0x3cd2 0xb0005 0x0 0x0 0x7f103136c4e0 0x3abb 0x7f103136c430 0x217 0x180002 0x3cd2 0x1c0007 0x3ac6 0x38 0x20c 0x200003 0x20c 0x18 0x0 0x0 0x0 0x0 0x0 0x0 0x9 0x2 0xe 0xffffffffffffffff oops 2 7 kotlin/collections/EmptyList 9 kotlin/collections/builders/ListBuilder methods 0
ciMethodData kotlin/collections/builders/ListBuilder addAllInternal (ILjava/util/Collection;I)V 2 16085 orig 80 0 0 0 0 0 0 0 0 0 0 0 0 16 127 0 0 0 0 0 0 0 0 0 0 0 0 0 0 0 0 0 0 0 0 0 0 0 0 0 0 0 0 0 0 0 0 0 0 0 0 0 0 0 0 0 0 0 0 0 0 0 0 0 0 0 0 0 0 0 0 0 0 0 0 0 0 0 0 0 0 data 44 0x10002 0x3cd6 0x70002 0x3cd6 0xe0005 0x0 0x0 0x7f103136c4e0 0x3abf 0x7f103136c430 0x217 0x180007 0x3cd6 0xa8 0x20c 0x250005 0x0 0x0 0x7f1034646470 0x20c 0x0 0x0 0x2a0004 0x0 0x0 0x7f10346465d0 0x20c 0x0 0x0 0x2e0003 0x20c 0xffffffffffffff70 0x0 0x0 0x0 0x0 0x0 0x0 0x9 0x4 0xe 0x0 0xffffffffffffffff 0x0 oops 4 7 kotlin/collections/EmptyList 9 kotlin/collections/builders/ListBuilder 18 kotlin/collections/builders/ListBuilder$Itr 25 org/jetbrains/kotlin/fir/expressions/impl/FirAnnotationCallImpl methods 0
ciMethodData kotlin/collections/builders/ListBuilder toArray ()[Ljava/lang/Object; 2 11397 orig 80 0 0 0 0 0 0 0 0 0 0 0 0 0 0 0 0 0 0 0 0 0 0 0 0 0 0 0 0 0 0 0 0 0 0 0 0 0 0 0 0 0 0 0 0 0 0 0 0 0 0 0 0 0 0 0 0 0 0 0 0 0 0 0 0 0 0 0 0 0 0 0 0 0 0 0 0 0 0 0 0 data 11 0x90002 0x2a86 0x0 0x0 0x0 0x0 0x0 0x0 0x9 0x1 0x0 oops 0 methods 0
ciMethodData kotlin/collections/ArraysKt___ArraysJvmKt copyOfRange ([Ljava/lang/Object;II)[Ljava/lang/Object; 2 11397 orig 80 0 0 0 0 0 0 0 0 0 0 0 0 16 127 0 0 0 0 0 0 0 0 0 0 0 0 0 0 0 0 0 0 0 0 0 0 0 0 0 0 0 0 0 0 0 0 0 0 0 0 0 0 0 0 0 0 0 0 0 0 0 0 0 0 0 0 0 0 0 0 0 0 0 0 0 0 0 0 0 0 data 19 0x30002 0x2a86 0x90002 0x2a86 0xf0002 0x2a86 0x160002 0x2a86 0x0 0x0 0x0 0x0 0x0 0x0 0x9 0x3 0x0 0x0 0x0 oops 0 methods 0
ciMethodData kotlin/collections/ArraysKt__ArraysJVMKt copyOfRangeToIndexCheck (II)V 2 11397 orig 80 0 0 0 0 0 0 0 0 0 0 0 0 16 127 0 0 0 0 0 0 0 0 0 0 0 0 0 0 0 0 0 0 0 0 0 0 0 0 0 0 0 0 0 0 0 0 0 0 0 0 0 0 0 0 0 0 0 0 0 0 0 0 0 0 0 0 0 0 0 0 0 0 0 0 0 0 0 0 0 0 data 60 0x20007 0x2a86 0x190 0x0 0xd0002 0x0 0x120005 0x0 0x0 0x0 0x0 0x0 0x0 0x160005 0x0 0x0 0x0 0x0 0x0 0x0 0x1b0005 0x0 0x0 0x0 0x0 0x0 0x0 0x1f0005 0x0 0x0 0x0 0x0 0x0 0x0 0x240005 0x0 0x0 0x0 0x0 0x0 0x0 0x270005 0x0 0x0 0x0 0x0 0x0 0x0 0x2a0002 0x0 0x0 0x0 0x0 0x0 0x0 0x0 0x9 0x2 0x0 0x0 oops 0 methods 0
ciMethodData org/jetbrains/kotlin/fir/lightTree/fir/ValueParameter$$Lambda$366+0x00007f105c4b1060 invoke ()Ljava/lang/Object; 2 8555 orig 80 0 0 0 0 0 0 0 0 0 0 0 0 7 0 0 0 0 0 0 0 0 0 0 0 0 0 0 0 0 0 0 0 0 0 0 0 0 0 0 0 0 0 0 0 0 0 0 0 0 0 0 0 0 0 0 0 0 0 0 0 0 0 0 0 0 0 0 0 0 0 0 0 0 0 0 0 0 0 0 0 data 11 0x40002 0x1f6c 0x0 0x0 0x0 0x0 0x0 0x0 0x9 0x1 0x0 oops 0 methods 0
ciMethodData org/jetbrains/kotlin/fir/lightTree/fir/ValueParameter firValueParameter_delegate$lambda$0 (Lorg/jetbrains/kotlin/fir/lightTree/fir/ValueParameter;)Lorg/jetbrains/kotlin/fir/declarations/FirValueParameter; 2 8556 orig 80 0 0 0 0 0 0 0 0 0 0 0 0 0 0 0 0 0 0 0 0 0 0 0 0 0 0 0 0 0 0 0 0 0 0 0 0 0 0 0 0 0 0 0 0 0 0 0 0 0 0 0 0 0 0 0 0 0 0 0 0 0 0 0 0 0 0 0 0 0 0 0 0 0 0 0 0 0 0 0 0 data 311 0x60002 0x1946 0x140005 0x0 0x0 0x7f1031364b10 0x1946 0x0 0x0 0x1c0005 0x0 0x0 0x7f1031364b10 0x1946 0x0 0x0 0x230004 0x0 0x0 0x7f1031365930 0x1bc 0x0 0x0 0x260005 0x0 0x0 0x7f1031364b10 0x1946 0x0 0x0 0x2e0005 0x1946 0x0 0x0 0x0 0x0 0x0 0x310005 0x0 0x0 0x7f1031364b10 0x1946 0x0 0x0 0x360005 0x0 0x0 0x7f1031364b10 0x1946 0x0 0x0 0x390007 0x193b 0x110 0xb 0x400004 0xfffffffffffffff5 0x0 0x0 0x0 0x0 0x0 0x430007 0xb 0xb8 0x0 0x4a0004 0x0 0x0 0x0 0x0 0x0 0x0 0x4d0002 0x0 0x500004 0x0 0x0 0x0 0x0 0x0 0x0 0x530003 0x0 0x18 0x5a0005 0x0 0x0 0x7f1031364b10 0x1946 0x0 0x0 0x620005 0x0 0x0 0x7f1031364b10 0x1946 0x0 0x0 0x6a0005 0x0 0x0 0x7f1031364b10 0x1946 0x0 0x0 0x730007 0x1914 0x1e0 0x32 0x810007 0x32 0x1a8 0x0 0x8b0002 0x0 0xa00004 0x0 0x0 0x0 0x0 0x0 0x0 0xa80002 0x0 0xab0005 0x0 0x0 0x0 0x0 0x0 0x0 0xb30004 0x0 0x0 0x0 0x0 0x0 0x0 0xb60005 0x0 0x0 0x0 0x0 0x0 0x0 0xbc0005 0x0 0x0 0x0 0x0 0x0 0x0 0xbf0004 0x0 0x0 0x0 0x0 0x0 0x0 0xc20003 0x0 0x18 0xcb0003 0x32 0x18 0xd00005 0x0 0x0 0x7f1031364b10 0x1946 0x0 0x0 0xd80005 0x1946 0x0 0x0 0x0 0x0 0x0 0xdb0005 0x0 0x0 0x7f1031364b10 0x1946 0x0 0x0 0xe30005 0x1946 0x0 0x0 0x0 0x0 0x0 0xe60005 0x0 0x0 0x7f1031364b10 0x1946 0x0 0x0 0xee0007 0x1946 0x38 0x0 0xf40003 0x0 0x18 0xfa0005 0x0 0x0 0x7f1031364b10 0x1946 0x0 0x0 0x1030007 0x1946 0x68 0x0 0x10e0005 0x0 0x0 0x0 0x0 0x0 0x0 0x1110002 0x0 0x1150005 0x0 0x0 0x7f1031364b10 0x1946 0x0 0x0 0x1190005 0x0 0x0 0x7f1031364b10 0x1946 0x0 0x0 0x11c0004 0x0 0x0 0x7f1030005e60 0x1946 0x0 0x0 0x1200005 0x1946 0x0 0x0 0x0 0x0 0x0 0x1230004 0x0 0x0 0x7f103136c430 0x1946 0x0 0x0 0x1260002 0x1946 0x12b0005 0x0 0x0 0x7f1031364b10 0x1946 0x0 0x0 0x12e0004 0x0 0x0 0x7f1030005e60 0x1946 0x0 0x0 0x1350004 0x0 0x0 0x7f103136c4e0 0x1946 0x0 0x0 0x1380002 0x1946 0x13e0005 0x0 0x0 0x7f1031364b10 0x1946 0x0 0x0 0x0 0x0 0x0 0x0 0x0 0x0 0x0 0x0 0x0 0x0 0x0 0x0 0x0 0x9 0x1 0x0 oops 21 5 org/jetbrains/kotlin/fir/declarations/builder/FirValueParameterBuilder 12 org/jetbrains/kotlin/fir/declarations/builder/FirValueParameterBuilder 19 org/jetbrains/kotlin/fir/declarations/FirDeclarationOrigin$Source 26 org/jetbrains/kotlin/fir/declarations/builder/FirValueParameterBuilder 40 org/jetbrains/kotlin/fir/declarations/builder/FirValueParameterBuilder 47 org/jetbrains/kotlin/fir/declarations/builder/FirValueParameterBuilder 88 org/jetbrains/kotlin/fir/declarations/builder/FirValueParameterBuilder 95 org/jetbrains/kotlin/fir/declarations/builder/FirValueParameterBuilder 102 org/jetbrains/kotlin/fir/declarations/builder/FirValueParameterBuilder 169 org/jetbrains/kotlin/fir/declarations/builder/FirValueParameterBuilder 183 org/jetbrains/kotlin/fir/declarations/builder/FirValueParameterBuilder 197 org/jetbrains/kotlin/fir/declarations/builder/FirValueParameterBuilder 211 org/jetbrains/kotlin/fir/declarations/builder/FirValueParameterBuilder 231 org/jetbrains/kotlin/fir/declarations/builder/FirValueParameterBuilder 238 org/jetbrains/kotlin/fir/declarations/builder/FirValueParameterBuilder 245 java/util/ArrayList 259 kotlin/collections/builders/ListBuilder 268 org/jetbrains/kotlin/fir/declarations/builder/FirValueParameterBuilder 275 java/util/ArrayList 282 kotlin/collections/EmptyList 291 org/jetbrains/kotlin/fir/declarations/builder/FirValueParameterBuilder methods 0
ciMethodData org/jetbrains/kotlin/fir/lightTree/fir/modifier/ModifierList hasVararg ()Z 2 7003 orig 80 0 0 0 0 0 0 0 0 0 0 0 0 16 127 0 0 0 0 0 0 0 0 0 0 0 0 0 0 0 0 0 0 0 0 0 0 0 0 0 0 0 0 0 0 0 0 0 0 0 0 0 0 0 0 0 0 0 0 0 0 0 0 0 0 0 0 0 0 0 0 0 0 0 0 0 0 0 0 0 0 data 16 0x40005 0x195c 0x0 0x0 0x0 0x0 0x0 0x0 0x0 0x0 0x0 0x0 0x0 0x9 0x1 0x0 oops 0 methods 0
ciMethodData org/jetbrains/kotlin/fir/lightTree/fir/modifier/ModifierList hasCrossinline ()Z 2 7005 orig 80 0 0 0 0 0 0 0 0 0 0 0 0 0 0 0 0 0 0 0 0 0 0 0 0 0 0 0 0 0 0 0 0 0 0 0 0 0 0 0 0 0 0 0 0 0 0 0 0 0 0 0 0 0 0 0 0 0 0 0 0 0 0 0 0 0 0 0 0 0 0 0 0 0 0 0 0 0 0 0 0 data 16 0x40005 0x195e 0x0 0x0 0x0 0x0 0x0 0x0 0x0 0x0 0x0 0x0 0x0 0x9 0x1 0x0 oops 0 methods 0
ciMethodData org/jetbrains/kotlin/fir/lightTree/fir/modifier/ModifierList hasNoinline ()Z 2 7005 orig 80 0 0 0 0 0 0 0 0 0 0 0 0 0 0 0 0 0 0 0 0 0 0 0 0 0 0 0 0 0 0 0 0 0 0 0 0 0 0 0 0 0 0 0 0 0 0 0 0 0 0 0 0 0 0 0 0 0 0 0 0 0 0 0 0 0 0 0 0 0 0 0 0 0 0 0 0 0 0 0 0 data 16 0x40005 0x195e 0x0 0x0 0x0 0x0 0x0 0x0 0x0 0x0 0x0 0x0 0x0 0x9 0x1 0x0 oops 0 methods 0
ciMethodData org/jetbrains/kotlin/fir/lightTree/fir/ValueParameter getAnnotations ()Ljava/util/List; 2 7114 orig 80 0 0 0 0 0 0 0 0 0 0 0 0 0 0 0 0 0 0 0 0 0 0 0 0 0 0 0 0 0 0 0 0 0 0 0 0 0 0 0 0 0 0 0 0 0 0 0 0 0 0 0 0 0 0 0 0 0 0 0 0 0 0 0 0 0 0 0 0 0 0 0 0 0 0 0 0 0 0 0 0 data 23 0x60005 0x0 0x0 0x7f1030b2aa50 0x19cb 0x0 0x0 0xb0004 0x0 0x0 0x7f103136c430 0x19cb 0x0 0x0 0x0 0x0 0x0 0x0 0x0 0x0 0x9 0x1 0x0 oops 2 3 kotlin/UnsafeLazyImpl 10 kotlin/collections/builders/ListBuilder methods 0
ciMethodData org/jetbrains/kotlin/fir/lightTree/fir/ValueParameter$$Lambda$365+0x00007f105c4b07f0 invoke ()Ljava/lang/Object; 2 8712 orig 80 0 0 0 0 0 0 0 0 0 0 0 0 16 127 0 0 0 0 0 0 0 0 0 0 0 0 0 0 0 0 0 0 0 0 0 0 0 0 0 0 0 0 0 0 0 0 0 0 0 0 0 0 0 0 0 0 0 0 0 0 0 0 0 0 0 0 0 0 0 0 0 0 0 0 0 0 0 0 0 0 data 11 0x40002 0x2009 0x0 0x0 0x0 0x0 0x0 0x0 0x9 0x1 0x0 oops 0 methods 0
ciMethodData org/jetbrains/kotlin/fir/lightTree/fir/ValueParameter annotations_delegate$lambda$0 (Lorg/jetbrains/kotlin/fir/lightTree/fir/ValueParameter;)Ljava/util/List; 2 8712 orig 80 0 0 0 0 0 0 0 0 0 0 0 0 16 127 0 0 0 0 0 0 0 0 0 0 0 0 0 0 0 0 0 0 0 0 0 0 0 0 0 0 0 0 0 0 0 0 0 0 0 0 0 0 0 0 0 0 0 0 0 0 0 0 0 0 0 0 0 0 0 0 0 0 0 0 0 0 0 0 0 0 data 117 0x2 0x2009 0xc0007 0x352 0xa8 0x1cb7 0x140004 0x0 0x0 0x7f103136c4e0 0x1aa0 0x7f103136c430 0x217 0x170005 0x0 0x0 0x7f103136c430 0x1cb7 0x0 0x0 0x1d0003 0x1cb7 0x240 0x240004 0x0 0x0 0x7f103136c430 0x14a 0x7f103136c4e0 0x208 0x2a0004 0x0 0x0 0x7f103136c430 0x352 0x0 0x0 0x340005 0x0 0x0 0x7f103136c430 0x14a 0x7f103136c4e0 0x208 0x3d0005 0x0 0x0 0x7f1034646470 0x1f9 0x7f1034646520 0x208 0x420007 0x352 0x148 0xaf 0x470005 0x0 0x0 0x7f1034646470 0xaf 0x0 0x0 0x500004 0x0 0x0 0x7f10346465d0 0xaf 0x0 0x0 0x5a0005 0xaf 0x0 0x0 0x0 0x0 0x0 0x5d0002 0xaf 0x600007 0xe 0xfffffffffffffef0 0xa1 0x670005 0x0 0x0 0x7f103136c430 0xa1 0x0 0x0 0x6d0003 0xa1 0xfffffffffffffe98 0x760004 0x0 0x0 0x7f103136c4e0 0x2009 0x0 0x0 0x790005 0x0 0x0 0x7f103136c430 0x2009 0x0 0x0 0x810002 0x2009 0x0 0x0 0x0 0x0 0x0 0x0 0x9 0x1 0x0 oops 15 9 kotlin/collections/EmptyList 11 kotlin/collections/builders/ListBuilder 16 kotlin/collections/builders/ListBuilder 26 kotlin/collections/builders/ListBuilder 28 kotlin/collections/EmptyList 33 kotlin/collections/builders/ListBuilder 40 kotlin/collections/builders/ListBuilder 42 kotlin/collections/EmptyList 47 kotlin/collections/builders/ListBuilder$Itr 49 kotlin/collections/EmptyIterator 58 kotlin/collections/builders/ListBuilder$Itr 65 org/jetbrains/kotlin/fir/expressions/impl/FirAnnotationCallImpl 85 kotlin/collections/builders/ListBuilder 95 kotlin/collections/EmptyList 102 kotlin/collections/builders/ListBuilder methods 0
ciMethodData kotlin/collections/AbstractMutableList size ()I 2 1602 orig 80 0 0 0 0 0 0 0 0 0 0 0 0 7 0 0 0 0 0 0 0 0 0 0 0 0 0 0 0 0 0 0 0 0 0 0 0 0 0 0 0 0 0 0 0 0 0 0 0 0 0 0 0 0 0 0 0 0 0 0 0 0 0 0 0 0 0 0 0 0 0 0 0 0 0 0 0 0 0 0 0 data 16 0x10005 0x0 0x0 0x7f103136c430 0x368 0x7f100ce024e0 0xdb 0x0 0x0 0x0 0x0 0x0 0x0 0x9 0x1 0x0 oops 2 3 kotlin/collections/builders/ListBuilder 5 kotlin/collections/ReversedList methods 0
ciMethodData org/jetbrains/kotlin/fir/builder/ConversionUtilsKt wrapIntoArray (Lorg/jetbrains/kotlin/fir/types/FirErrorTypeRef;)Lorg/jetbrains/kotlin/fir/types/FirResolvedTypeRef; 1 0 orig 80 0 0 0 0 0 0 0 0 0 0 0 0 16 127 0 0 0 0 0 0 0 0 0 0 0 0 0 0 0 0 0 0 0 0 0 0 0 0 0 0 0 0 0 0 0 0 0 0 0 0 0 0 0 0 0 0 0 0 0 0 0 0 0 0 0 0 0 0 0 0 0 0 0 0 0 0 0 0 0 0 data 103 0x30002 0x0 0xe0002 0x0 0x1b0005 0x0 0x0 0x0 0x0 0x0 0x0 0x1e0005 0x0 0x0 0x0 0x0 0x0 0x0 0x260005 0x0 0x0 0x0 0x0 0x0 0x0 0x370005 0x0 0x0 0x0 0x0 0x0 0x0 0x3a0002 0x0 0x3d0004 0x0 0x0 0x0 0x0 0x0 0x0 0x400004 0x0 0x0 0x0 0x0 0x0 0x0 0x480002 0x0 0x4b0004 0x0 0x0 0x0 0x0 0x0 0x0 0x4e0005 0x0 0x0 0x0 0x0 0x0 0x0 0x540004 0x0 0x0 0x0 0x0 0x0 0x0 0x5a0004 0x0 0x0 0x0 0x0 0x0 0x0 0x5d0002 0x0 0x600005 0x0 0x0 0x0 0x0 0x0 0x0 0x650005 0x0 0x0 0x0 0x0 0x0 0x0 0x0 0x0 0x0 0x0 0x0 0x0 0x9 0x1 0x0 oops 0 methods 0
ciMethod org/jetbrains/kotlin/fir/types/impl/FirErrorTypeRefImpl getSource ()Lorg/jetbrains/kotlin/KtSourceElement; 0 0 1 0 -1
ciMethod org/jetbrains/kotlin/fir/types/impl/FirErrorTypeRefImpl getConeType ()Lorg/jetbrains/kotlin/fir/types/ConeKotlinType; 0 0 1 0 -1
ciMethodData kotlin/collections/builders/ListBuilder$Itr next ()Ljava/lang/Object; 2 2486 orig 80 0 0 0 0 0 0 0 0 0 0 0 0 16 127 0 0 0 0 0 0 0 0 0 0 0 0 0 0 0 0 0 0 0 0 0 0 0 0 0 0 0 0 0 0 0 0 0 0 0 0 0 0 0 0 0 0 0 0 0 0 0 0 0 0 0 0 0 0 0 0 0 0 0 0 0 0 0 0 0 0 data 21 0x10002 0x8b6 0xc0002 0x8b6 0xf0007 0x8b6 0x30 0x0 0x160002 0x0 0x2f0002 0x8b6 0x0 0x0 0x0 0x0 0x0 0x0 0x9 0x1 0x0 oops 0 methods 0
ciMethodData kotlin/collections/builders/ListBuilder$Itr checkForComodification ()V 2 2486 orig 80 0 0 0 0 0 0 0 0 0 0 0 0 16 127 0 0 0 0 0 0 0 0 0 0 0 0 0 0 0 0 0 0 0 0 0 0 0 0 0 0 0 0 0 0 0 0 0 0 0 0 0 0 0 0 0 0 0 0 0 0 0 0 0 0 0 0 0 0 0 0 0 0 0 0 0 0 0 0 0 0 data 17 0x40002 0x8b6 0xb0007 0x8b6 0x30 0x0 0x120002 0x0 0x0 0x0 0x0 0x0 0x0 0x0 0x9 0x1 0x0 oops 0 methods 0
ciMethodData kotlin/collections/builders/ListBuilder add (Ljava/lang/Object;)Z 1 1344 orig 80 0 0 0 0 0 0 0 0 0 0 0 0 16 127 0 0 0 0 0 0 0 0 0 0 0 0 0 0 0 0 0 0 0 0 0 0 0 0 0 0 0 0 0 0 0 0 0 0 0 0 0 0 0 0 0 0 0 0 0 0 0 0 0 0 0 0 0 0 0 0 0 0 0 0 0 0 0 0 0 0 data 12 0x10002 0x0 0xa0002 0x0 0x0 0x0 0x0 0x0 0x9 0x2 0x0 0x0 oops 0 methods 0
ciMethodData kotlin/collections/builders/ListBuilder addAtInternal (ILjava/lang/Object;)V 1 406 orig 80 0 0 0 0 0 0 0 0 0 0 0 0 16 127 0 0 0 0 0 0 0 0 0 0 0 0 0 0 0 0 0 0 0 0 0 0 0 0 0 0 0 0 0 0 0 0 0 0 0 0 0 0 0 0 0 0 0 0 0 0 0 0 0 0 0 0 0 0 0 0 0 0 0 0 0 0 0 0 0 0 data 22 0x10002 0x0 0x70002 0x0 0x100004 0x0 0x0 0x0 0x0 0x0 0x0 0x0 0x0 0x0 0x0 0x0 0x0 0x9 0x3 0x0 0x0 0x0 oops 0 methods 0
compile kotlin/UnsafeLazyImpl getValue ()Ljava/lang/Object; -1 4 inline 251 0 -1 kotlin/UnsafeLazyImpl getValue ()Ljava/lang/Object; 1 16 kotlin/jvm/internal/Intrinsics checkNotNull (Ljava/lang/Object;)V 1 19 org/jetbrains/kotlin/fir/lightTree/fir/ValueParameter$$Lambda$365+0x00007f105c4b07f0 invoke ()Ljava/lang/Object; 1 19 org/jetbrains/kotlin/fir/lightTree/fir/ValueParameter$$Lambda$366+0x00007f105c4b1060 invoke ()Ljava/lang/Object; 2 4 org/jetbrains/kotlin/fir/lightTree/fir/ValueParameter firValueParameter_delegate$lambda$0 (Lorg/jetbrains/kotlin/fir/lightTree/fir/ValueParameter;)Lorg/jetbrains/kotlin/fir/declarations/FirValueParameter; 3 6 org/jetbrains/kotlin/fir/declarations/builder/FirValueParameterBuilder <init> ()V 4 1 java/lang/Object <init> ()V 4 16 org/jetbrains/kotlin/fir/declarations/FirDeclarationAttributes <init> ()V 5 1 org/jetbrains/kotlin/util/AttributeArrayOwner <init> ()V 6 7 kotlin/jvm/internal/Intrinsics checkNotNull (Ljava/lang/Object;Ljava/lang/String;)V 6 13 org/jetbrains/kotlin/util/AttributeArrayOwner <init> (Lorg/jetbrains/kotlin/util/ArrayMap;)V 7 3 kotlin/jvm/internal/Intrinsics checkNotNullParameter (Ljava/lang/Object;Ljava/lang/String;)V 7 7 org/jetbrains/kotlin/util/AbstractArrayMapOwner <init> ()V 8 1 java/lang/Object <init> ()V 4 37 java/util/ArrayList <init> ()V 5 1 java/util/AbstractList <init> ()V 6 1 java/util/AbstractCollection <init> ()V 7 1 java/lang/Object <init> ()V 3 20 org/jetbrains/kotlin/fir/declarations/builder/FirValueParameterBuilder setSource (Lorg/jetbrains/kotlin/KtSourceElement;)V 3 28 org/jetbrains/kotlin/fir/declarations/builder/FirValueParameterBuilder setModuleData (Lorg/jetbrains/kotlin/fir/FirModuleData;)V 4 3 kotlin/jvm/internal/Intrinsics checkNotNullParameter (Ljava/lang/Object;Ljava/lang/String;)V 3 38 org/jetbrains/kotlin/fir/declarations/builder/FirValueParameterBuilder setOrigin (Lorg/jetbrains/kotlin/fir/declarations/FirDeclarationOrigin;)V 4 3 kotlin/jvm/internal/Intrinsics checkNotNullParameter (Ljava/lang/Object;Ljava/lang/String;)V 3 46 org/jetbrains/kotlin/fir/lightTree/fir/modifier/ModifierList hasVararg ()Z 4 4 org/jetbrains/kotlin/fir/lightTree/fir/modifier/ModifierList hasFlag (Lorg/jetbrains/kotlin/fir/lightTree/fir/modifier/ModifierFlag;)Z 5 4 kotlin/jvm/internal/Intrinsics checkNotNullParameter (Ljava/lang/Object;Ljava/lang/String;)V 5 12 org/jetbrains/kotlin/fir/lightTree/fir/modifier/ModifierFlag getValue ()J 5 17 org/jetbrains/kotlin/fir/lightTree/fir/modifier/ModifierFlag getValue ()J 3 49 org/jetbrains/kotlin/fir/declarations/builder/FirValueParameterBuilder setVararg (Z)V 3 54 org/jetbrains/kotlin/fir/declarations/builder/FirValueParameterBuilder isVararg ()Z 3 90 org/jetbrains/kotlin/fir/declarations/builder/FirValueParameterBuilder setReturnTypeRef (Lorg/jetbrains/kotlin/fir/types/FirTypeRef;)V 4 3 kotlin/jvm/internal/Intrinsics checkNotNullParameter (Ljava/lang/Object;Ljava/lang/String;)V 3 98 org/jetbrains/kotlin/fir/declarations/builder/FirValueParameterBuilder setName (Lorg/jetbrains/kotlin/name/Name;)V 4 3 kotlin/jvm/internal/Intrinsics checkNotNullParameter (Ljava/lang/Object;Ljava/lang/String;)V 3 106 org/jetbrains/kotlin/fir/declarations/builder/FirValueParameterBuilder setSymbol (Lorg/jetbrains/kotlin/fir/symbols/impl/FirValueParameterSymbol;)V 4 3 kotlin/jvm/internal/Intrinsics checkNotNullParameter (Ljava/lang/Object;Ljava/lang/String;)V 3 208 org/jetbrains/kotlin/fir/declarations/builder/FirValueParameterBuilder setDefaultValue (Lorg/jetbrains/kotlin/fir/expressions/FirExpression;)V 3 216 org/jetbrains/kotlin/fir/lightTree/fir/modifier/ModifierList hasCrossinline ()Z 4 4 org/jetbrains/kotlin/fir/lightTree/fir/modifier/ModifierList hasFlag (Lorg/jetbrains/kotlin/fir/lightTree/fir/modifier/ModifierFlag;)Z 5 4 kotlin/jvm/internal/Intrinsics checkNotNullParameter (Ljava/lang/Object;Ljava/lang/String;)V 5 12 org/jetbrains/kotlin/fir/lightTree/fir/modifier/ModifierFlag getValue ()J 5 17 org/jetbrains/kotlin/fir/lightTree/fir/modifier/ModifierFlag getValue ()J 3 219 org/jetbrains/kotlin/fir/declarations/builder/FirValueParameterBuilder setCrossinline (Z)V 3 227 org/jetbrains/kotlin/fir/lightTree/fir/modifier/ModifierList hasNoinline ()Z 4 4 org/jetbrains/kotlin/fir/lightTree/fir/modifier/ModifierList hasFlag (Lorg/jetbrains/kotlin/fir/lightTree/fir/modifier/ModifierFlag;)Z 5 4 kotlin/jvm/internal/Intrinsics checkNotNullParameter (Ljava/lang/Object;Ljava/lang/String;)V 5 12 org/jetbrains/kotlin/fir/lightTree/fir/modifier/ModifierFlag getValue ()J 5 17 org/jetbrains/kotlin/fir/lightTree/fir/modifier/ModifierFlag getValue ()J 3 230 org/jetbrains/kotlin/fir/declarations/builder/FirValueParameterBuilder setNoinline (Z)V 3 250 org/jetbrains/kotlin/fir/declarations/builder/FirValueParameterBuilder setValueParameterKind (Lorg/jetbrains/kotlin/fir/declarations/FirValueParameterKind;)V 4 3 kotlin/jvm/internal/Intrinsics checkNotNullParameter (Ljava/lang/Object;Ljava/lang/String;)V 3 277 org/jetbrains/kotlin/fir/declarations/builder/FirValueParameterBuilder setContainingDeclarationSymbol (Lorg/jetbrains/kotlin/fir/symbols/FirBasedSymbol;)V 4 3 kotlin/jvm/internal/Intrinsics checkNotNullParameter (Ljava/lang/Object;Ljava/lang/String;)V 3 281 org/jetbrains/kotlin/fir/declarations/builder/FirValueParameterBuilder getAnnotations ()Ljava/util/List; 3 288 org/jetbrains/kotlin/fir/lightTree/fir/ValueParameter getAnnotations ()Ljava/util/List; 4 6 kotlin/UnsafeLazyImpl getValue ()Ljava/lang/Object; 5 16 kotlin/jvm/internal/Intrinsics checkNotNull (Ljava/lang/Object;)V 5 19 org/jetbrains/kotlin/fir/lightTree/fir/ValueParameter$$Lambda$365+0x00007f105c4b07f0 invoke ()Ljava/lang/Object; 6 4 org/jetbrains/kotlin/fir/lightTree/fir/ValueParameter annotations_delegate$lambda$0 (Lorg/jetbrains/kotlin/fir/lightTree/fir/ValueParameter;)Ljava/util/List; 7 0 kotlin/collections/CollectionsKt__CollectionsJVMKt createListBuilder ()Ljava/util/List; 8 7 kotlin/collections/builders/ListBuilder <init> (IILkotlin/jvm/internal/DefaultConstructorMarker;)V 9 11 kotlin/collections/builders/ListBuilder <init> (I)V 10 1 kotlin/collections/AbstractMutableList <init> ()V 11 1 java/util/AbstractList <init> ()V 12 1 java/util/AbstractCollection <init> ()V 13 1 java/lang/Object <init> ()V 10 6 kotlin/collections/builders/ListBuilderKt arrayOfUninitializedElements (I)[Ljava/lang/Object; 7 23 kotlin/collections/builders/ListBuilder addAll (Ljava/util/Collection;)Z 8 3 kotlin/jvm/internal/Intrinsics checkNotNullParameter (Ljava/lang/Object;Ljava/lang/String;)V 8 7 kotlin/collections/builders/ListBuilder checkIsMutable ()V 8 11 kotlin/collections/EmptyList size ()I 9 1 kotlin/collections/EmptyList getSize ()I 8 11 kotlin/collections/AbstractMutableList size ()I 9 1 kotlin/collections/builders/ListBuilder getSize ()I 8 24 kotlin/collections/builders/ListBuilder addAllInternal (ILjava/util/Collection;I)V 9 1 kotlin/collections/builders/ListBuilder registerModification ()V 9 7 kotlin/collections/builders/ListBuilder insertAtInternal (II)V 10 2 kotlin/collections/builders/ListBuilder ensureExtraCapacity (I)V 11 7 kotlin/collections/builders/ListBuilder ensureCapacityInternal (I)V 10 35 kotlin/collections/ArraysKt___ArraysJvmKt copyInto ([Ljava/lang/Object;[Ljava/lang/Object;III)[Ljava/lang/Object; 11 3 kotlin/jvm/internal/Intrinsics checkNotNullParameter (Ljava/lang/Object;Ljava/lang/String;)V 11 9 kotlin/jvm/internal/Intrinsics checkNotNullParameter (Ljava/lang/Object;Ljava/lang/String;)V 9 14 kotlin/collections/EmptyList iterator ()Ljava/util/Iterator; 9 14 kotlin/collections/builders/ListBuilder iterator ()Ljava/util/Iterator; 10 2 kotlin/collections/builders/ListBuilder listIterator (I)Ljava/util/ListIterator; 11 8 kotlin/collections/AbstractList$Companion checkPositionIndex$kotlin_stdlib (II)V 11 17 kotlin/collections/builders/ListBuilder$Itr <init> (Lkotlin/collections/builders/ListBuilder;I)V 12 3 kotlin/jvm/internal/Intrinsics checkNotNullParameter (Ljava/lang/Object;Ljava/lang/String;)V 12 7 java/lang/Object <init> ()V 12 30 kotlin/collections/builders/ListBuilder access$getModCount$p$s-2084097795 (Lkotlin/collections/builders/ListBuilder;)I 9 37 kotlin/collections/builders/ListBuilder$Itr next ()Ljava/lang/Object; 10 1 kotlin/collections/builders/ListBuilder$Itr checkForComodification ()V 11 4 kotlin/collections/builders/ListBuilder access$getModCount$p$s-2084097795 (Lkotlin/collections/builders/ListBuilder;)I 10 12 kotlin/collections/builders/ListBuilder access$getLength$p (Lkotlin/collections/builders/ListBuilder;)I 10 47 kotlin/collections/builders/ListBuilder access$getBacking$p (Lkotlin/collections/builders/ListBuilder;)[Ljava/lang/Object; 7 52 kotlin/collections/EmptyList iterator ()Ljava/util/Iterator; 7 52 kotlin/collections/builders/ListBuilder iterator ()Ljava/util/Iterator; 8 2 kotlin/collections/builders/ListBuilder listIterator (I)Ljava/util/ListIterator; 9 8 kotlin/collections/AbstractList$Companion checkPositionIndex$kotlin_stdlib (II)V 9 17 kotlin/collections/builders/ListBuilder$Itr <init> (Lkotlin/collections/builders/ListBuilder;I)V 10 3 kotlin/jvm/internal/Intrinsics checkNotNullParameter (Ljava/lang/Object;Ljava/lang/String;)V 10 7 java/lang/Object <init> ()V 10 30 kotlin/collections/builders/ListBuilder access$getModCount$p$s-2084097795 (Lkotlin/collections/builders/ListBuilder;)I 7 61 kotlin/collections/EmptyIterator hasNext ()Z 7 61 kotlin/collections/builders/ListBuilder$Itr hasNext ()Z 8 8 kotlin/collections/builders/ListBuilder access$getLength$p (Lkotlin/collections/builders/ListBuilder;)I 7 71 kotlin/collections/builders/ListBuilder$Itr next ()Ljava/lang/Object; 8 1 kotlin/collections/builders/ListBuilder$Itr checkForComodification ()V 9 4 kotlin/collections/builders/ListBuilder access$getModCount$p$s-2084097795 (Lkotlin/collections/builders/ListBuilder;)I 8 12 kotlin/collections/builders/ListBuilder access$getLength$p (Lkotlin/collections/builders/ListBuilder;)I 8 47 kotlin/collections/builders/ListBuilder access$getBacking$p (Lkotlin/collections/builders/ListBuilder;)[Ljava/lang/Object; 7 90 org/jetbrains/kotlin/fir/expressions/impl/FirAnnotationCallImpl getUseSiteTarget ()Lorg/jetbrains/kotlin/descriptors/annotations/AnnotationUseSiteTarget; 7 93 org/jetbrains/kotlin/fir/builder/ConversionUtilsKt appliesToPrimaryConstructorParameter (Lorg/jetbrains/kotlin/descriptors/annotations/AnnotationUseSiteTarget;)Z 7 103 kotlin/collections/builders/ListBuilder add (Ljava/lang/Object;)Z 8 1 kotlin/collections/builders/ListBuilder checkIsMutable ()V 8 10 kotlin/collections/builders/ListBuilder addAtInternal (ILjava/lang/Object;)V 9 1 kotlin/collections/builders/ListBuilder registerModification ()V 5 19 org/jetbrains/kotlin/fir/lightTree/fir/ValueParameter$$Lambda$366+0x00007f105c4b1060 invoke ()Ljava/lang/Object; 6 4 org/jetbrains/kotlin/fir/lightTree/fir/ValueParameter firValueParameter_delegate$lambda$0 (Lorg/jetbrains/kotlin/fir/lightTree/fir/ValueParameter;)Lorg/jetbrains/kotlin/fir/declarations/FirValueParameter; 7 6 org/jetbrains/kotlin/fir/declarations/builder/FirValueParameterBuilder <init> ()V 8 1 java/lang/Object <init> ()V 8 16 org/jetbrains/kotlin/fir/declarations/FirDeclarationAttributes <init> ()V 9 1 org/jetbrains/kotlin/util/AttributeArrayOwner <init> ()V 10 7 kotlin/jvm/internal/Intrinsics checkNotNull (Ljava/lang/Object;Ljava/lang/String;)V 10 13 org/jetbrains/kotlin/util/AttributeArrayOwner <init> (Lorg/jetbrains/kotlin/util/ArrayMap;)V 11 3 kotlin/jvm/internal/Intrinsics checkNotNullParameter (Ljava/lang/Object;Ljava/lang/String;)V 11 7 org/jetbrains/kotlin/util/AbstractArrayMapOwner <init> ()V 12 1 java/lang/Object <init> ()V 8 37 java/util/ArrayList <init> ()V 9 1 java/util/AbstractList <init> ()V 10 1 java/util/AbstractCollection <init> ()V 11 1 java/lang/Object <init> ()V 7 20 org/jetbrains/kotlin/fir/declarations/builder/FirValueParameterBuilder setSource (Lorg/jetbrains/kotlin/KtSourceElement;)V 7 28 org/jetbrains/kotlin/fir/declarations/builder/FirValueParameterBuilder setModuleData (Lorg/jetbrains/kotlin/fir/FirModuleData;)V 8 3 kotlin/jvm/internal/Intrinsics checkNotNullParameter (Ljava/lang/Object;Ljava/lang/String;)V 7 38 org/jetbrains/kotlin/fir/declarations/builder/FirValueParameterBuilder setOrigin (Lorg/jetbrains/kotlin/fir/declarations/FirDeclarationOrigin;)V 8 3 kotlin/jvm/internal/Intrinsics checkNotNullParameter (Ljava/lang/Object;Ljava/lang/String;)V 7 46 org/jetbrains/kotlin/fir/lightTree/fir/modifier/ModifierList hasVararg ()Z 8 4 org/jetbrains/kotlin/fir/lightTree/fir/modifier/ModifierList hasFlag (Lorg/jetbrains/kotlin/fir/lightTree/fir/modifier/ModifierFlag;)Z 9 4 kotlin/jvm/internal/Intrinsics checkNotNullParameter (Ljava/lang/Object;Ljava/lang/String;)V 9 12 org/jetbrains/kotlin/fir/lightTree/fir/modifier/ModifierFlag getValue ()J 9 17 org/jetbrains/kotlin/fir/lightTree/fir/modifier/ModifierFlag getValue ()J 7 49 org/jetbrains/kotlin/fir/declarations/builder/FirValueParameterBuilder setVararg (Z)V 7 54 org/jetbrains/kotlin/fir/declarations/builder/FirValueParameterBuilder isVararg ()Z 7 90 org/jetbrains/kotlin/fir/declarations/builder/FirValueParameterBuilder setReturnTypeRef (Lorg/jetbrains/kotlin/fir/types/FirTypeRef;)V 8 3 kotlin/jvm/internal/Intrinsics checkNotNullParameter (Ljava/lang/Object;Ljava/lang/String;)V 7 98 org/jetbrains/kotlin/fir/declarations/builder/FirValueParameterBuilder setName (Lorg/jetbrains/kotlin/name/Name;)V 8 3 kotlin/jvm/internal/Intrinsics checkNotNullParameter (Ljava/lang/Object;Ljava/lang/String;)V 7 106 org/jetbrains/kotlin/fir/declarations/builder/FirValueParameterBuilder setSymbol (Lorg/jetbrains/kotlin/fir/symbols/impl/FirValueParameterSymbol;)V 8 3 kotlin/jvm/internal/Intrinsics checkNotNullParameter (Ljava/lang/Object;Ljava/lang/String;)V 7 208 org/jetbrains/kotlin/fir/declarations/builder/FirValueParameterBuilder setDefaultValue (Lorg/jetbrains/kotlin/fir/expressions/FirExpression;)V 7 216 org/jetbrains/kotlin/fir/lightTree/fir/modifier/ModifierList hasCrossinline ()Z 8 4 org/jetbrains/kotlin/fir/lightTree/fir/modifier/ModifierList hasFlag (Lorg/jetbrains/kotlin/fir/lightTree/fir/modifier/ModifierFlag;)Z 9 4 kotlin/jvm/internal/Intrinsics checkNotNullParameter (Ljava/lang/Object;Ljava/lang/String;)V 9 12 org/jetbrains/kotlin/fir/lightTree/fir/modifier/ModifierFlag getValue ()J 9 17 org/jetbrains/kotlin/fir/lightTree/fir/modifier/ModifierFlag getValue ()J 7 219 org/jetbrains/kotlin/fir/declarations/builder/FirValueParameterBuilder setCrossinline (Z)V 7 227 org/jetbrains/kotlin/fir/lightTree/fir/modifier/ModifierList hasNoinline ()Z 8 4 org/jetbrains/kotlin/fir/lightTree/fir/modifier/ModifierList hasFlag (Lorg/jetbrains/kotlin/fir/lightTree/fir/modifier/ModifierFlag;)Z 9 4 kotlin/jvm/internal/Intrinsics checkNotNullParameter (Ljava/lang/Object;Ljava/lang/String;)V 9 12 org/jetbrains/kotlin/fir/lightTree/fir/modifier/ModifierFlag getValue ()J 9 17 org/jetbrains/kotlin/fir/lightTree/fir/modifier/ModifierFlag getValue ()J 7 230 org/jetbrains/kotlin/fir/declarations/builder/FirValueParameterBuilder setNoinline (Z)V 7 250 org/jetbrains/kotlin/fir/declarations/builder/FirValueParameterBuilder setValueParameterKind (Lorg/jetbrains/kotlin/fir/declarations/FirValueParameterKind;)V 8 3 kotlin/jvm/internal/Intrinsics checkNotNullParameter (Ljava/lang/Object;Ljava/lang/String;)V 7 277 org/jetbrains/kotlin/fir/declarations/builder/FirValueParameterBuilder setContainingDeclarationSymbol (Lorg/jetbrains/kotlin/fir/symbols/FirBasedSymbol;)V 8 3 kotlin/jvm/internal/Intrinsics checkNotNullParameter (Ljava/lang/Object;Ljava/lang/String;)V 7 281 org/jetbrains/kotlin/fir/declarations/builder/FirValueParameterBuilder getAnnotations ()Ljava/util/List; 7 288 org/jetbrains/kotlin/fir/lightTree/fir/ValueParameter getAnnotations ()Ljava/util/List; 7 294 kotlin/collections/CollectionsKt__MutableCollectionsKt addAll (Ljava/util/Collection;Ljava/lang/Iterable;)Z 8 3 kotlin/jvm/internal/Intrinsics checkNotNullParameter (Ljava/lang/Object;Ljava/lang/String;)V 8 9 kotlin/jvm/internal/Intrinsics checkNotNullParameter (Ljava/lang/Object;Ljava/lang/String;)V 8 24 java/util/ArrayList addAll (Ljava/util/Collection;)Z 9 1 kotlin/collections/builders/ListBuilder toArray ()[Ljava/lang/Object; 10 9 kotlin/collections/ArraysKt___ArraysJvmKt copyOfRange ([Ljava/lang/Object;II)[Ljava/lang/Object; 11 3 kotlin/jvm/internal/Intrinsics checkNotNullParameter (Ljava/lang/Object;Ljava/lang/String;)V 11 9 kotlin/collections/ArraysKt__ArraysJVMKt copyOfRangeToIndexCheck (II)V 11 15 java/util/Arrays copyOfRange ([Ljava/lang/Object;II)[Ljava/lang/Object; 11 22 kotlin/jvm/internal/Intrinsics checkNotNullExpressionValue (Ljava/lang/Object;Ljava/lang/String;)V 9 51 java/util/ArrayList grow (I)[Ljava/lang/Object; 10 27 jdk/internal/util/ArraysSupport newLength (III)I 10 37 java/util/Arrays copyOf ([Ljava/lang/Object;I)[Ljava/lang/Object; 7 299 org/jetbrains/kotlin/fir/declarations/builder/FirValueParameterBuilder getAnnotations ()Ljava/util/List; 7 312 kotlin/collections/CollectionsKt__MutableCollectionsKt addAll (Ljava/util/Collection;Ljava/lang/Iterable;)Z 8 3 kotlin/jvm/internal/Intrinsics checkNotNullParameter (Ljava/lang/Object;Ljava/lang/String;)V 8 9 kotlin/jvm/internal/Intrinsics checkNotNullParameter (Ljava/lang/Object;Ljava/lang/String;)V 8 24 java/util/ArrayList addAll (Ljava/util/Collection;)Z 9 1 kotlin/collections/EmptyList toArray ()[Ljava/lang/Object; 10 4 kotlin/jvm/internal/CollectionToArray toArray (Ljava/util/Collection;)[Ljava/lang/Object; 11 3 kotlin/jvm/internal/Intrinsics checkNotNullParameter (Ljava/lang/Object;Ljava/lang/String;)V 11 12 kotlin/collections/EmptyList size ()I 12 1 kotlin/collections/EmptyList getSize ()I 7 318 org/jetbrains/kotlin/fir/declarations/builder/FirValueParameterBuilder build ()Lorg/jetbrains/kotlin/fir/declarations/FirValueParameter; 8 5 org/jetbrains/kotlin/fir/declarations/builder/FirValueParameterBuilder getSource ()Lorg/jetbrains/kotlin/KtSourceElement; 8 9 org/jetbrains/kotlin/fir/declarations/builder/FirValueParameterBuilder getResolvePhase ()Lorg/jetbrains/kotlin/fir/declarations/FirResolvePhase; 8 13 org/jetbrains/kotlin/fir/declarations/builder/FirValueParameterBuilder getModuleData ()Lorg/jetbrains/kotlin/fir/FirModuleData; 8 17 org/jetbrains/kotlin/fir/declarations/builder/FirValueParameterBuilder getOrigin ()Lorg/jetbrains/kotlin/fir/declarations/FirDeclarationOrigin; 8 21 org/jetbrains/kotlin/fir/declarations/builder/FirValueParameterBuilder getAttributes ()Lorg/jetbrains/kotlin/fir/declarations/FirDeclarationAttributes; 8 25 org/jetbrains/kotlin/fir/declarations/builder/FirValueParameterBuilder getReturnTypeRef ()Lorg/jetbrains/kotlin/fir/types/FirTypeRef; 8 29 org/jetbrains/kotlin/fir/declarations/builder/FirValueParameterBuilder getDeprecationsProvider ()Lorg/jetbrains/kotlin/fir/declarations/DeprecationsProvider; 8 33 org/jetbrains/kotlin/fir/declarations/builder/FirValueParameterBuilder getName ()Lorg/jetbrains/kotlin/name/Name; 8 37 org/jetbrains/kotlin/fir/declarations/builder/FirValueParameterBuilder getAnnotations ()Ljava/util/List; 8 40 org/jetbrains/kotlin/fir/builder/FirBuilderDslKt toMutableOrEmpty (Ljava/util/List;)Ljava/util/List; 9 10 java/util/ArrayList isEmpty ()Z 9 29 org/jetbrains/kotlin/fir/MutableOrEmptyList$Companion empty-5e3fPpI ()Ljava/util/List; 10 0 org/jetbrains/kotlin/fir/MutableOrEmptyList access$getEMPTY$cp ()Ljava/util/List; 9 36 org/jetbrains/kotlin/fir/MutableOrEmptyList constructor-impl (Ljava/util/List;)Ljava/util/List; 8 44 org/jetbrains/kotlin/fir/declarations/builder/FirValueParameterBuilder getSymbol ()Lorg/jetbrains/kotlin/fir/symbols/impl/FirValueParameterSymbol; 8 48 org/jetbrains/kotlin/fir/declarations/builder/FirValueParameterBuilder getDefaultValue ()Lorg/jetbrains/kotlin/fir/expressions/FirExpression; 8 52 org/jetbrains/kotlin/fir/declarations/builder/FirValueParameterBuilder getContainingDeclarationSymbol ()Lorg/jetbrains/kotlin/fir/symbols/FirBasedSymbol; 8 56 org/jetbrains/kotlin/fir/declarations/builder/FirValueParameterBuilder isCrossinline ()Z 8 60 org/jetbrains/kotlin/fir/declarations/builder/FirValueParameterBuilder isNoinline ()Z 8 64 org/jetbrains/kotlin/fir/declarations/builder/FirValueParameterBuilder isVararg ()Z 8 68 org/jetbrains/kotlin/fir/declarations/builder/FirValueParameterBuilder getValueParameterKind ()Lorg/jetbrains/kotlin/fir/declarations/FirValueParameterKind; 8 72 org/jetbrains/kotlin/fir/declarations/impl/FirValueParameterImpl <init> (Lorg/jetbrains/kotlin/KtSourceElement;Lorg/jetbrains/kotlin/fir/declarations/FirResolvePhase;Lorg/jetbrains/kotlin/fir/FirModuleData;Lorg/jetbrains/kotlin/fir/declarations/FirDeclarationOrigin;Lorg/jetbrains/kotlin/fir/declarations/FirDeclarationAttributes;Lorg/jetbrains/kotlin/fir/types/FirTypeRef;Lorg/jetbrains/kotlin/fir/declarations/DeprecationsProvider;Lorg/jetbrains/kotlin/name/Name;Ljava/util/List;Lorg/jetbrains/kotlin/fir/symbols/impl/FirValueParameterSymbol;Lorg/jetbrains/kotlin/fir/expressions/FirExpression;Lorg/jetbrains/kotlin/fir/symbols/FirBasedSymbol;ZZZLorg/jetbrains/kotlin/fir/declarations/FirValueParameterKind;Lkotlin/jvm/internal/DefaultConstructorMarker;)V 9 30 org/jetbrains/kotlin/fir/declarations/impl/FirValueParameterImpl <init> (Lorg/jetbrains/kotlin/KtSourceElement;Lorg/jetbrains/kotlin/fir/declarations/FirResolvePhase;Lorg/jetbrains/kotlin/fir/FirModuleData;Lorg/jetbrains/kotlin/fir/declarations/FirDeclarationOrigin;Lorg/jetbrains/kotlin/fir/declarations/FirDeclarationAttributes;Lorg/jetbrains/kotlin/fir/types/FirTypeRef;Lorg/jetbrains/kotlin/fir/declarations/DeprecationsProvider;Lorg/jetbrains/kotlin/name/Name;Ljava/util/List;Lorg/jetbrains/kotlin/fir/symbols/impl/FirValueParameterSymbol;Lorg/jetbrains/kotlin/fir/expressions/FirExpression;Lorg/jetbrains/kotlin/fir/symbols/FirBasedSymbol;ZZZLorg/jetbrains/kotlin/fir/declarations/FirValueParameterKind;)V 10 3 kotlin/jvm/internal/Intrinsics checkNotNullParameter (Ljava/lang/Object;Ljava/lang/String;)V 10 9 kotlin/jvm/internal/Intrinsics checkNotNullParameter (Ljava/lang/Object;Ljava/lang/String;)V 10 16 kotlin/jvm/internal/Intrinsics checkNotNullParameter (Ljava/lang/Object;Ljava/lang/String;)V 10 23 kotlin/jvm/internal/Intrinsics checkNotNullParameter (Ljava/lang/Object;Ljava/lang/String;)V 10 30 kotlin/jvm/internal/Intrinsics checkNotNullParameter (Ljava/lang/Object;Ljava/lang/String;)V 10 37 kotlin/jvm/internal/Intrinsics checkNotNullParameter (Ljava/lang/Object;Ljava/lang/String;)V 10 44 kotlin/jvm/internal/Intrinsics checkNotNullParameter (Ljava/lang/Object;Ljava/lang/String;)V 10 51 kotlin/jvm/internal/Intrinsics checkNotNullParameter (Ljava/lang/Object;Ljava/lang/String;)V 10 58 kotlin/jvm/internal/Intrinsics checkNotNullParameter (Ljava/lang/Object;Ljava/lang/String;)V 10 65 kotlin/jvm/internal/Intrinsics checkNotNullParameter (Ljava/lang/Object;Ljava/lang/String;)V 10 69 org/jetbrains/kotlin/fir/declarations/FirValueParameter <init> ()V 11 2 org/jetbrains/kotlin/fir/declarations/FirVariable <init> (Lkotlin/jvm/internal/DefaultConstructorMarker;)V 12 1 org/jetbrains/kotlin/fir/declarations/FirVariable <init> ()V 13 2 org/jetbrains/kotlin/fir/declarations/FirCallableDeclaration <init> (Lkotlin/jvm/internal/DefaultConstructorMarker;)V 14 1 org/jetbrains/kotlin/fir/declarations/FirCallableDeclaration <init> ()V 15 2 org/jetbrains/kotlin/fir/declarations/FirMemberDeclaration <init> (Lkotlin/jvm/internal/DefaultConstructorMarker;)V 16 1 org/jetbrains/kotlin/fir/declarations/FirMemberDeclaration <init> ()V 10 164 org/jetbrains/kotlin/fir/declarations/impl/FirResolvedDeclarationStatusImpl$Companion getDEFAULT_STATUS_FOR_STATUSLESS_DECLARATIONS ()Lorg/jetbrains/kotlin/fir/declarations/FirResolvedDeclarationStatus; 11 0 org/jetbrains/kotlin/fir/declarations/impl/FirResolvedDeclarationStatusImpl access$getDEFAULT_STATUS_FOR_STATUSLESS_DECLARATIONS$cp ()Lorg/jetbrains/kotlin/fir/declarations/FirResolvedDeclarationStatus; 10 175 org/jetbrains/kotlin/fir/declarations/impl/FirValueParameterImpl getSymbol ()Lorg/jetbrains/kotlin/fir/symbols/impl/FirValueParameterSymbol; 10 182 org/jetbrains/kotlin/fir/symbols/FirBasedSymbol bind (Lorg/jetbrains/kotlin/fir/declarations/FirDeclaration;)V 11 3 kotlin/jvm/internal/Intrinsics checkNotNullParameter (Ljava/lang/Object;Ljava/lang/String;)V 10 187 org/jetbrains/kotlin/fir/declarations/FirResolveStateKt asResolveState (Lorg/jetbrains/kotlin/fir/declarations/FirResolvePhase;)Lorg/jetbrains/kotlin/fir/declarations/FirResolvedToPhaseState; 11 3 kotlin/jvm/internal/Intrinsics checkNotNullParameter (Ljava/lang/Object;Ljava/lang/String;)V 11 10 org/jetbrains/kotlin/fir/declarations/FirResolvedToPhaseState$Companion invoke (Lorg/jetbrains/kotlin/fir/declarations/FirResolvePhase;)Lorg/jetbrains/kotlin/fir/declarations/FirResolvedToPhaseState; 12 3 kotlin/jvm/internal/Intrinsics checkNotNullParameter (Ljava/lang/Object;Ljava/lang/String;)V 12 6 org/jetbrains/kotlin/fir/declarations/FirResolvedToPhaseState access$getPhases$cp ()Ljava/util/List; 12 10 java/lang/Enum ordinal ()I 12 13 java/util/ArrayList get (I)Ljava/lang/Object; 13 5 java/util/Objects checkIndex (II)I 13 11 java/util/ArrayList elementData (I)Ljava/lang/Object; 10 193 org/jetbrains/kotlin/fir/FirElementWithResolveState setResolveState (Lorg/jetbrains/kotlin/fir/declarations/FirResolveState;)V 11 3 kotlin/jvm/internal/Intrinsics checkNotNullParameter (Ljava/lang/Object;Ljava/lang/String;)V 10 197 org/jetbrains/kotlin/fir/declarations/impl/FirValueParameterImpl getSource ()Lorg/jetbrains/kotlin/KtSourceElement; 3 299 org/jetbrains/kotlin/fir/declarations/builder/FirValueParameterBuilder getAnnotations ()Ljava/util/List;
